[0.058s] DEBUG:colcon:Command line arguments: ['/usr/bin/colcon', 'build']
[0.058s] DEBUG:colcon:Parsed command line arguments: Namespace(log_base=None, log_level=None, verb_name='build', build_base='build', install_base='install', merge_install=False, symlink_install=False, test_result_base=None, continue_on_error=False, executor='parallel', parallel_workers=20, event_handlers=None, ignore_user_meta=False, metas=['./colcon.meta'], base_paths=['.'], packages_ignore=None, packages_ignore_regex=None, paths=None, packages_up_to=None, packages_up_to_regex=None, packages_above=None, packages_above_and_dependencies=None, packages_above_depth=None, packages_select_by_dep=None, packages_skip_by_dep=None, packages_skip_up_to=None, packages_select_build_failed=False, packages_skip_build_finished=False, packages_select_test_failures=False, packages_skip_test_passed=False, packages_select=None, packages_skip=None, packages_select_regex=None, packages_skip_regex=None, packages_start=None, packages_end=None, allow_overriding=[], cmake_args=None, cmake_target=None, cmake_target_skip_unavailable=False, cmake_clean_cache=False, cmake_clean_first=False, cmake_force_configure=False, ament_cmake_args=None, catkin_cmake_args=None, catkin_skip_building_tests=False, verb_parser=<colcon_defaults.argument_parser.defaults.DefaultArgumentsDecorator object at 0x7c3e4963d220>, verb_extension=<colcon_core.verb.build.BuildVerb object at 0x7c3e4963d010>, main=<bound method BuildVerb.main of <colcon_core.verb.build.BuildVerb object at 0x7c3e4963d010>>)
[0.080s] Level 1:colcon.colcon_core.package_discovery:discover_packages(colcon_meta) check parameters
[0.080s] Level 1:colcon.colcon_core.package_discovery:discover_packages(recursive) check parameters
[0.080s] Level 1:colcon.colcon_core.package_discovery:discover_packages(ignore) check parameters
[0.080s] Level 1:colcon.colcon_core.package_discovery:discover_packages(path) check parameters
[0.080s] Level 1:colcon.colcon_core.package_discovery:discover_packages(colcon_meta) discover
[0.080s] Level 1:colcon.colcon_core.package_discovery:discover_packages(recursive) discover
[0.080s] INFO:colcon.colcon_core.package_discovery:Crawling recursively for packages in '/media/aryan-k-k/2TB_KK/CSE_Recruitment'
[0.080s] Level 1:colcon.colcon_core.package_identification:_identify(.) by extensions ['ignore', 'ignore_ament_install']
[0.080s] Level 1:colcon.colcon_core.package_identification:_identify(.) by extension 'ignore'
[0.080s] Level 1:colcon.colcon_core.package_identification:_identify(.) by extension 'ignore_ament_install'
[0.080s] Level 1:colcon.colcon_core.package_identification:_identify(.) by extensions ['colcon_pkg']
[0.080s] Level 1:colcon.colcon_core.package_identification:_identify(.) by extension 'colcon_pkg'
[0.080s] Level 1:colcon.colcon_core.package_identification:_identify(.) by extensions ['colcon_meta']
[0.080s] Level 1:colcon.colcon_core.package_identification:_identify(.) by extension 'colcon_meta'
[0.080s] Level 1:colcon.colcon_core.package_identification:_identify(.) by extensions ['ros']
[0.080s] Level 1:colcon.colcon_core.package_identification:_identify(.) by extension 'ros'
[0.095s] Level 1:colcon.colcon_core.package_identification:_identify(.) by extensions ['cmake', 'python']
[0.095s] Level 1:colcon.colcon_core.package_identification:_identify(.) by extension 'cmake'
[0.095s] Level 1:colcon.colcon_core.package_identification:_identify(.) by extension 'python'
[0.095s] Level 1:colcon.colcon_core.package_identification:_identify(.) by extensions ['python_setup_py']
[0.095s] Level 1:colcon.colcon_core.package_identification:_identify(.) by extension 'python_setup_py'
[0.095s] Level 1:colcon.colcon_core.package_identification:_identify(build) by extensions ['ignore', 'ignore_ament_install']
[0.095s] Level 1:colcon.colcon_core.package_identification:_identify(build) by extension 'ignore'
[0.095s] Level 1:colcon.colcon_core.package_identification:_identify(build) ignored
[0.095s] Level 1:colcon.colcon_core.package_identification:_identify(embedded_workspace) by extensions ['ignore', 'ignore_ament_install']
[0.095s] Level 1:colcon.colcon_core.package_identification:_identify(embedded_workspace) by extension 'ignore'
[0.095s] Level 1:colcon.colcon_core.package_identification:_identify(embedded_workspace) by extension 'ignore_ament_install'
[0.095s] Level 1:colcon.colcon_core.package_identification:_identify(embedded_workspace) by extensions ['colcon_pkg']
[0.095s] Level 1:colcon.colcon_core.package_identification:_identify(embedded_workspace) by extension 'colcon_pkg'
[0.095s] Level 1:colcon.colcon_core.package_identification:_identify(embedded_workspace) by extensions ['colcon_meta']
[0.095s] Level 1:colcon.colcon_core.package_identification:_identify(embedded_workspace) by extension 'colcon_meta'
[0.095s] Level 1:colcon.colcon_core.package_identification:_identify(embedded_workspace) by extensions ['ros']
[0.095s] Level 1:colcon.colcon_core.package_identification:_identify(embedded_workspace) by extension 'ros'
[0.095s] Level 1:colcon.colcon_core.package_identification:_identify(embedded_workspace) by extensions ['cmake', 'python']
[0.095s] Level 1:colcon.colcon_core.package_identification:_identify(embedded_workspace) by extension 'cmake'
[0.095s] Level 1:colcon.colcon_core.package_identification:_identify(embedded_workspace) by extension 'python'
[0.095s] Level 1:colcon.colcon_core.package_identification:_identify(embedded_workspace) by extensions ['python_setup_py']
[0.095s] Level 1:colcon.colcon_core.package_identification:_identify(embedded_workspace) by extension 'python_setup_py'
[0.096s] Level 1:colcon.colcon_core.package_identification:_identify(embedded_workspace/src) by extensions ['ignore', 'ignore_ament_install']
[0.096s] Level 1:colcon.colcon_core.package_identification:_identify(embedded_workspace/src) by extension 'ignore'
[0.096s] Level 1:colcon.colcon_core.package_identification:_identify(embedded_workspace/src) by extension 'ignore_ament_install'
[0.096s] Level 1:colcon.colcon_core.package_identification:_identify(embedded_workspace/src) by extensions ['colcon_pkg']
[0.096s] Level 1:colcon.colcon_core.package_identification:_identify(embedded_workspace/src) by extension 'colcon_pkg'
[0.096s] Level 1:colcon.colcon_core.package_identification:_identify(embedded_workspace/src) by extensions ['colcon_meta']
[0.096s] Level 1:colcon.colcon_core.package_identification:_identify(embedded_workspace/src) by extension 'colcon_meta'
[0.096s] Level 1:colcon.colcon_core.package_identification:_identify(embedded_workspace/src) by extensions ['ros']
[0.096s] Level 1:colcon.colcon_core.package_identification:_identify(embedded_workspace/src) by extension 'ros'
[0.096s] Level 1:colcon.colcon_core.package_identification:_identify(embedded_workspace/src) by extensions ['cmake', 'python']
[0.096s] Level 1:colcon.colcon_core.package_identification:_identify(embedded_workspace/src) by extension 'cmake'
[0.096s] Level 1:colcon.colcon_core.package_identification:_identify(embedded_workspace/src) by extension 'python'
[0.096s] Level 1:colcon.colcon_core.package_identification:_identify(embedded_workspace/src) by extensions ['python_setup_py']
[0.096s] Level 1:colcon.colcon_core.package_identification:_identify(embedded_workspace/src) by extension 'python_setup_py'
[0.096s] Level 1:colcon.colcon_core.package_identification:_identify(install) by extensions ['ignore', 'ignore_ament_install']
[0.096s] Level 1:colcon.colcon_core.package_identification:_identify(install) by extension 'ignore'
[0.096s] Level 1:colcon.colcon_core.package_identification:_identify(install) ignored
[0.096s] Level 1:colcon.colcon_core.package_identification:_identify(libraries) by extensions ['ignore', 'ignore_ament_install']
[0.096s] Level 1:colcon.colcon_core.package_identification:_identify(libraries) by extension 'ignore'
[0.096s] Level 1:colcon.colcon_core.package_identification:_identify(libraries) by extension 'ignore_ament_install'
[0.096s] Level 1:colcon.colcon_core.package_identification:_identify(libraries) by extensions ['colcon_pkg']
[0.096s] Level 1:colcon.colcon_core.package_identification:_identify(libraries) by extension 'colcon_pkg'
[0.096s] Level 1:colcon.colcon_core.package_identification:_identify(libraries) by extensions ['colcon_meta']
[0.096s] Level 1:colcon.colcon_core.package_identification:_identify(libraries) by extension 'colcon_meta'
[0.096s] Level 1:colcon.colcon_core.package_identification:_identify(libraries) by extensions ['ros']
[0.096s] Level 1:colcon.colcon_core.package_identification:_identify(libraries) by extension 'ros'
[0.096s] Level 1:colcon.colcon_core.package_identification:_identify(libraries) by extensions ['cmake', 'python']
[0.096s] Level 1:colcon.colcon_core.package_identification:_identify(libraries) by extension 'cmake'
[0.096s] Level 1:colcon.colcon_core.package_identification:_identify(libraries) by extension 'python'
[0.096s] Level 1:colcon.colcon_core.package_identification:_identify(libraries) by extensions ['python_setup_py']
[0.096s] Level 1:colcon.colcon_core.package_identification:_identify(libraries) by extension 'python_setup_py'
[0.096s] Level 1:colcon.colcon_core.package_identification:_identify(libraries/Adafruit_BNO055) by extensions ['ignore', 'ignore_ament_install']
[0.096s] Level 1:colcon.colcon_core.package_identification:_identify(libraries/Adafruit_BNO055) by extension 'ignore'
[0.096s] Level 1:colcon.colcon_core.package_identification:_identify(libraries/Adafruit_BNO055) by extension 'ignore_ament_install'
[0.096s] Level 1:colcon.colcon_core.package_identification:_identify(libraries/Adafruit_BNO055) by extensions ['colcon_pkg']
[0.096s] Level 1:colcon.colcon_core.package_identification:_identify(libraries/Adafruit_BNO055) by extension 'colcon_pkg'
[0.096s] Level 1:colcon.colcon_core.package_identification:_identify(libraries/Adafruit_BNO055) by extensions ['colcon_meta']
[0.096s] Level 1:colcon.colcon_core.package_identification:_identify(libraries/Adafruit_BNO055) by extension 'colcon_meta'
[0.096s] Level 1:colcon.colcon_core.package_identification:_identify(libraries/Adafruit_BNO055) by extensions ['ros']
[0.096s] Level 1:colcon.colcon_core.package_identification:_identify(libraries/Adafruit_BNO055) by extension 'ros'
[0.096s] Level 1:colcon.colcon_core.package_identification:_identify(libraries/Adafruit_BNO055) by extensions ['cmake', 'python']
[0.096s] Level 1:colcon.colcon_core.package_identification:_identify(libraries/Adafruit_BNO055) by extension 'cmake'
[0.096s] Level 1:colcon.colcon_core.package_identification:_identify(libraries/Adafruit_BNO055) by extension 'python'
[0.096s] Level 1:colcon.colcon_core.package_identification:_identify(libraries/Adafruit_BNO055) by extensions ['python_setup_py']
[0.096s] Level 1:colcon.colcon_core.package_identification:_identify(libraries/Adafruit_BNO055) by extension 'python_setup_py'
[0.097s] Level 1:colcon.colcon_core.package_identification:_identify(libraries/Adafruit_BNO055/OBJLoader) by extensions ['ignore', 'ignore_ament_install']
[0.097s] Level 1:colcon.colcon_core.package_identification:_identify(libraries/Adafruit_BNO055/OBJLoader) by extension 'ignore'
[0.097s] Level 1:colcon.colcon_core.package_identification:_identify(libraries/Adafruit_BNO055/OBJLoader) by extension 'ignore_ament_install'
[0.097s] Level 1:colcon.colcon_core.package_identification:_identify(libraries/Adafruit_BNO055/OBJLoader) by extensions ['colcon_pkg']
[0.097s] Level 1:colcon.colcon_core.package_identification:_identify(libraries/Adafruit_BNO055/OBJLoader) by extension 'colcon_pkg'
[0.097s] Level 1:colcon.colcon_core.package_identification:_identify(libraries/Adafruit_BNO055/OBJLoader) by extensions ['colcon_meta']
[0.097s] Level 1:colcon.colcon_core.package_identification:_identify(libraries/Adafruit_BNO055/OBJLoader) by extension 'colcon_meta'
[0.097s] Level 1:colcon.colcon_core.package_identification:_identify(libraries/Adafruit_BNO055/OBJLoader) by extensions ['ros']
[0.097s] Level 1:colcon.colcon_core.package_identification:_identify(libraries/Adafruit_BNO055/OBJLoader) by extension 'ros'
[0.097s] Level 1:colcon.colcon_core.package_identification:_identify(libraries/Adafruit_BNO055/OBJLoader) by extensions ['cmake', 'python']
[0.097s] Level 1:colcon.colcon_core.package_identification:_identify(libraries/Adafruit_BNO055/OBJLoader) by extension 'cmake'
[0.097s] Level 1:colcon.colcon_core.package_identification:_identify(libraries/Adafruit_BNO055/OBJLoader) by extension 'python'
[0.097s] Level 1:colcon.colcon_core.package_identification:_identify(libraries/Adafruit_BNO055/OBJLoader) by extensions ['python_setup_py']
[0.097s] Level 1:colcon.colcon_core.package_identification:_identify(libraries/Adafruit_BNO055/OBJLoader) by extension 'python_setup_py'
[0.097s] Level 1:colcon.colcon_core.package_identification:_identify(libraries/Adafruit_BNO055/assets) by extensions ['ignore', 'ignore_ament_install']
[0.097s] Level 1:colcon.colcon_core.package_identification:_identify(libraries/Adafruit_BNO055/assets) by extension 'ignore'
[0.097s] Level 1:colcon.colcon_core.package_identification:_identify(libraries/Adafruit_BNO055/assets) by extension 'ignore_ament_install'
[0.097s] Level 1:colcon.colcon_core.package_identification:_identify(libraries/Adafruit_BNO055/assets) by extensions ['colcon_pkg']
[0.097s] Level 1:colcon.colcon_core.package_identification:_identify(libraries/Adafruit_BNO055/assets) by extension 'colcon_pkg'
[0.097s] Level 1:colcon.colcon_core.package_identification:_identify(libraries/Adafruit_BNO055/assets) by extensions ['colcon_meta']
[0.097s] Level 1:colcon.colcon_core.package_identification:_identify(libraries/Adafruit_BNO055/assets) by extension 'colcon_meta'
[0.097s] Level 1:colcon.colcon_core.package_identification:_identify(libraries/Adafruit_BNO055/assets) by extensions ['ros']
[0.097s] Level 1:colcon.colcon_core.package_identification:_identify(libraries/Adafruit_BNO055/assets) by extension 'ros'
[0.097s] Level 1:colcon.colcon_core.package_identification:_identify(libraries/Adafruit_BNO055/assets) by extensions ['cmake', 'python']
[0.097s] Level 1:colcon.colcon_core.package_identification:_identify(libraries/Adafruit_BNO055/assets) by extension 'cmake'
[0.097s] Level 1:colcon.colcon_core.package_identification:_identify(libraries/Adafruit_BNO055/assets) by extension 'python'
[0.097s] Level 1:colcon.colcon_core.package_identification:_identify(libraries/Adafruit_BNO055/assets) by extensions ['python_setup_py']
[0.097s] Level 1:colcon.colcon_core.package_identification:_identify(libraries/Adafruit_BNO055/assets) by extension 'python_setup_py'
[0.097s] Level 1:colcon.colcon_core.package_identification:_identify(libraries/Adafruit_BNO055/examples) by extensions ['ignore', 'ignore_ament_install']
[0.097s] Level 1:colcon.colcon_core.package_identification:_identify(libraries/Adafruit_BNO055/examples) by extension 'ignore'
[0.097s] Level 1:colcon.colcon_core.package_identification:_identify(libraries/Adafruit_BNO055/examples) by extension 'ignore_ament_install'
[0.097s] Level 1:colcon.colcon_core.package_identification:_identify(libraries/Adafruit_BNO055/examples) by extensions ['colcon_pkg']
[0.097s] Level 1:colcon.colcon_core.package_identification:_identify(libraries/Adafruit_BNO055/examples) by extension 'colcon_pkg'
[0.097s] Level 1:colcon.colcon_core.package_identification:_identify(libraries/Adafruit_BNO055/examples) by extensions ['colcon_meta']
[0.097s] Level 1:colcon.colcon_core.package_identification:_identify(libraries/Adafruit_BNO055/examples) by extension 'colcon_meta'
[0.097s] Level 1:colcon.colcon_core.package_identification:_identify(libraries/Adafruit_BNO055/examples) by extensions ['ros']
[0.097s] Level 1:colcon.colcon_core.package_identification:_identify(libraries/Adafruit_BNO055/examples) by extension 'ros'
[0.097s] Level 1:colcon.colcon_core.package_identification:_identify(libraries/Adafruit_BNO055/examples) by extensions ['cmake', 'python']
[0.097s] Level 1:colcon.colcon_core.package_identification:_identify(libraries/Adafruit_BNO055/examples) by extension 'cmake'
[0.097s] Level 1:colcon.colcon_core.package_identification:_identify(libraries/Adafruit_BNO055/examples) by extension 'python'
[0.097s] Level 1:colcon.colcon_core.package_identification:_identify(libraries/Adafruit_BNO055/examples) by extensions ['python_setup_py']
[0.097s] Level 1:colcon.colcon_core.package_identification:_identify(libraries/Adafruit_BNO055/examples) by extension 'python_setup_py'
[0.097s] Level 1:colcon.colcon_core.package_identification:_identify(libraries/Adafruit_BNO055/examples/bunny) by extensions ['ignore', 'ignore_ament_install']
[0.097s] Level 1:colcon.colcon_core.package_identification:_identify(libraries/Adafruit_BNO055/examples/bunny) by extension 'ignore'
[0.097s] Level 1:colcon.colcon_core.package_identification:_identify(libraries/Adafruit_BNO055/examples/bunny) by extension 'ignore_ament_install'
[0.098s] Level 1:colcon.colcon_core.package_identification:_identify(libraries/Adafruit_BNO055/examples/bunny) by extensions ['colcon_pkg']
[0.098s] Level 1:colcon.colcon_core.package_identification:_identify(libraries/Adafruit_BNO055/examples/bunny) by extension 'colcon_pkg'
[0.098s] Level 1:colcon.colcon_core.package_identification:_identify(libraries/Adafruit_BNO055/examples/bunny) by extensions ['colcon_meta']
[0.098s] Level 1:colcon.colcon_core.package_identification:_identify(libraries/Adafruit_BNO055/examples/bunny) by extension 'colcon_meta'
[0.098s] Level 1:colcon.colcon_core.package_identification:_identify(libraries/Adafruit_BNO055/examples/bunny) by extensions ['ros']
[0.098s] Level 1:colcon.colcon_core.package_identification:_identify(libraries/Adafruit_BNO055/examples/bunny) by extension 'ros'
[0.098s] Level 1:colcon.colcon_core.package_identification:_identify(libraries/Adafruit_BNO055/examples/bunny) by extensions ['cmake', 'python']
[0.098s] Level 1:colcon.colcon_core.package_identification:_identify(libraries/Adafruit_BNO055/examples/bunny) by extension 'cmake'
[0.098s] Level 1:colcon.colcon_core.package_identification:_identify(libraries/Adafruit_BNO055/examples/bunny) by extension 'python'
[0.098s] Level 1:colcon.colcon_core.package_identification:_identify(libraries/Adafruit_BNO055/examples/bunny) by extensions ['python_setup_py']
[0.098s] Level 1:colcon.colcon_core.package_identification:_identify(libraries/Adafruit_BNO055/examples/bunny) by extension 'python_setup_py'
[0.098s] Level 1:colcon.colcon_core.package_identification:_identify(libraries/Adafruit_BNO055/examples/position) by extensions ['ignore', 'ignore_ament_install']
[0.098s] Level 1:colcon.colcon_core.package_identification:_identify(libraries/Adafruit_BNO055/examples/position) by extension 'ignore'
[0.098s] Level 1:colcon.colcon_core.package_identification:_identify(libraries/Adafruit_BNO055/examples/position) by extension 'ignore_ament_install'
[0.098s] Level 1:colcon.colcon_core.package_identification:_identify(libraries/Adafruit_BNO055/examples/position) by extensions ['colcon_pkg']
[0.098s] Level 1:colcon.colcon_core.package_identification:_identify(libraries/Adafruit_BNO055/examples/position) by extension 'colcon_pkg'
[0.098s] Level 1:colcon.colcon_core.package_identification:_identify(libraries/Adafruit_BNO055/examples/position) by extensions ['colcon_meta']
[0.098s] Level 1:colcon.colcon_core.package_identification:_identify(libraries/Adafruit_BNO055/examples/position) by extension 'colcon_meta'
[0.098s] Level 1:colcon.colcon_core.package_identification:_identify(libraries/Adafruit_BNO055/examples/position) by extensions ['ros']
[0.098s] Level 1:colcon.colcon_core.package_identification:_identify(libraries/Adafruit_BNO055/examples/position) by extension 'ros'
[0.098s] Level 1:colcon.colcon_core.package_identification:_identify(libraries/Adafruit_BNO055/examples/position) by extensions ['cmake', 'python']
[0.098s] Level 1:colcon.colcon_core.package_identification:_identify(libraries/Adafruit_BNO055/examples/position) by extension 'cmake'
[0.098s] Level 1:colcon.colcon_core.package_identification:_identify(libraries/Adafruit_BNO055/examples/position) by extension 'python'
[0.098s] Level 1:colcon.colcon_core.package_identification:_identify(libraries/Adafruit_BNO055/examples/position) by extensions ['python_setup_py']
[0.098s] Level 1:colcon.colcon_core.package_identification:_identify(libraries/Adafruit_BNO055/examples/position) by extension 'python_setup_py'
[0.098s] Level 1:colcon.colcon_core.package_identification:_identify(libraries/Adafruit_BNO055/examples/rawdata) by extensions ['ignore', 'ignore_ament_install']
[0.098s] Level 1:colcon.colcon_core.package_identification:_identify(libraries/Adafruit_BNO055/examples/rawdata) by extension 'ignore'
[0.098s] Level 1:colcon.colcon_core.package_identification:_identify(libraries/Adafruit_BNO055/examples/rawdata) by extension 'ignore_ament_install'
[0.098s] Level 1:colcon.colcon_core.package_identification:_identify(libraries/Adafruit_BNO055/examples/rawdata) by extensions ['colcon_pkg']
[0.098s] Level 1:colcon.colcon_core.package_identification:_identify(libraries/Adafruit_BNO055/examples/rawdata) by extension 'colcon_pkg'
[0.098s] Level 1:colcon.colcon_core.package_identification:_identify(libraries/Adafruit_BNO055/examples/rawdata) by extensions ['colcon_meta']
[0.098s] Level 1:colcon.colcon_core.package_identification:_identify(libraries/Adafruit_BNO055/examples/rawdata) by extension 'colcon_meta'
[0.098s] Level 1:colcon.colcon_core.package_identification:_identify(libraries/Adafruit_BNO055/examples/rawdata) by extensions ['ros']
[0.098s] Level 1:colcon.colcon_core.package_identification:_identify(libraries/Adafruit_BNO055/examples/rawdata) by extension 'ros'
[0.098s] Level 1:colcon.colcon_core.package_identification:_identify(libraries/Adafruit_BNO055/examples/rawdata) by extensions ['cmake', 'python']
[0.098s] Level 1:colcon.colcon_core.package_identification:_identify(libraries/Adafruit_BNO055/examples/rawdata) by extension 'cmake'
[0.098s] Level 1:colcon.colcon_core.package_identification:_identify(libraries/Adafruit_BNO055/examples/rawdata) by extension 'python'
[0.098s] Level 1:colcon.colcon_core.package_identification:_identify(libraries/Adafruit_BNO055/examples/rawdata) by extensions ['python_setup_py']
[0.098s] Level 1:colcon.colcon_core.package_identification:_identify(libraries/Adafruit_BNO055/examples/rawdata) by extension 'python_setup_py'
[0.098s] Level 1:colcon.colcon_core.package_identification:_identify(libraries/Adafruit_BNO055/examples/read_all_data) by extensions ['ignore', 'ignore_ament_install']
[0.098s] Level 1:colcon.colcon_core.package_identification:_identify(libraries/Adafruit_BNO055/examples/read_all_data) by extension 'ignore'
[0.098s] Level 1:colcon.colcon_core.package_identification:_identify(libraries/Adafruit_BNO055/examples/read_all_data) by extension 'ignore_ament_install'
[0.098s] Level 1:colcon.colcon_core.package_identification:_identify(libraries/Adafruit_BNO055/examples/read_all_data) by extensions ['colcon_pkg']
[0.099s] Level 1:colcon.colcon_core.package_identification:_identify(libraries/Adafruit_BNO055/examples/read_all_data) by extension 'colcon_pkg'
[0.099s] Level 1:colcon.colcon_core.package_identification:_identify(libraries/Adafruit_BNO055/examples/read_all_data) by extensions ['colcon_meta']
[0.099s] Level 1:colcon.colcon_core.package_identification:_identify(libraries/Adafruit_BNO055/examples/read_all_data) by extension 'colcon_meta'
[0.099s] Level 1:colcon.colcon_core.package_identification:_identify(libraries/Adafruit_BNO055/examples/read_all_data) by extensions ['ros']
[0.099s] Level 1:colcon.colcon_core.package_identification:_identify(libraries/Adafruit_BNO055/examples/read_all_data) by extension 'ros'
[0.099s] Level 1:colcon.colcon_core.package_identification:_identify(libraries/Adafruit_BNO055/examples/read_all_data) by extensions ['cmake', 'python']
[0.099s] Level 1:colcon.colcon_core.package_identification:_identify(libraries/Adafruit_BNO055/examples/read_all_data) by extension 'cmake'
[0.099s] Level 1:colcon.colcon_core.package_identification:_identify(libraries/Adafruit_BNO055/examples/read_all_data) by extension 'python'
[0.099s] Level 1:colcon.colcon_core.package_identification:_identify(libraries/Adafruit_BNO055/examples/read_all_data) by extensions ['python_setup_py']
[0.099s] Level 1:colcon.colcon_core.package_identification:_identify(libraries/Adafruit_BNO055/examples/read_all_data) by extension 'python_setup_py'
[0.099s] Level 1:colcon.colcon_core.package_identification:_identify(libraries/Adafruit_BNO055/examples/restore_offsets) by extensions ['ignore', 'ignore_ament_install']
[0.099s] Level 1:colcon.colcon_core.package_identification:_identify(libraries/Adafruit_BNO055/examples/restore_offsets) by extension 'ignore'
[0.099s] Level 1:colcon.colcon_core.package_identification:_identify(libraries/Adafruit_BNO055/examples/restore_offsets) by extension 'ignore_ament_install'
[0.099s] Level 1:colcon.colcon_core.package_identification:_identify(libraries/Adafruit_BNO055/examples/restore_offsets) by extensions ['colcon_pkg']
[0.099s] Level 1:colcon.colcon_core.package_identification:_identify(libraries/Adafruit_BNO055/examples/restore_offsets) by extension 'colcon_pkg'
[0.099s] Level 1:colcon.colcon_core.package_identification:_identify(libraries/Adafruit_BNO055/examples/restore_offsets) by extensions ['colcon_meta']
[0.099s] Level 1:colcon.colcon_core.package_identification:_identify(libraries/Adafruit_BNO055/examples/restore_offsets) by extension 'colcon_meta'
[0.099s] Level 1:colcon.colcon_core.package_identification:_identify(libraries/Adafruit_BNO055/examples/restore_offsets) by extensions ['ros']
[0.099s] Level 1:colcon.colcon_core.package_identification:_identify(libraries/Adafruit_BNO055/examples/restore_offsets) by extension 'ros'
[0.099s] Level 1:colcon.colcon_core.package_identification:_identify(libraries/Adafruit_BNO055/examples/restore_offsets) by extensions ['cmake', 'python']
[0.099s] Level 1:colcon.colcon_core.package_identification:_identify(libraries/Adafruit_BNO055/examples/restore_offsets) by extension 'cmake'
[0.099s] Level 1:colcon.colcon_core.package_identification:_identify(libraries/Adafruit_BNO055/examples/restore_offsets) by extension 'python'
[0.099s] Level 1:colcon.colcon_core.package_identification:_identify(libraries/Adafruit_BNO055/examples/restore_offsets) by extensions ['python_setup_py']
[0.099s] Level 1:colcon.colcon_core.package_identification:_identify(libraries/Adafruit_BNO055/examples/restore_offsets) by extension 'python_setup_py'
[0.099s] Level 1:colcon.colcon_core.package_identification:_identify(libraries/Adafruit_BNO055/examples/sensorapi) by extensions ['ignore', 'ignore_ament_install']
[0.099s] Level 1:colcon.colcon_core.package_identification:_identify(libraries/Adafruit_BNO055/examples/sensorapi) by extension 'ignore'
[0.099s] Level 1:colcon.colcon_core.package_identification:_identify(libraries/Adafruit_BNO055/examples/sensorapi) by extension 'ignore_ament_install'
[0.099s] Level 1:colcon.colcon_core.package_identification:_identify(libraries/Adafruit_BNO055/examples/sensorapi) by extensions ['colcon_pkg']
[0.099s] Level 1:colcon.colcon_core.package_identification:_identify(libraries/Adafruit_BNO055/examples/sensorapi) by extension 'colcon_pkg'
[0.099s] Level 1:colcon.colcon_core.package_identification:_identify(libraries/Adafruit_BNO055/examples/sensorapi) by extensions ['colcon_meta']
[0.099s] Level 1:colcon.colcon_core.package_identification:_identify(libraries/Adafruit_BNO055/examples/sensorapi) by extension 'colcon_meta'
[0.099s] Level 1:colcon.colcon_core.package_identification:_identify(libraries/Adafruit_BNO055/examples/sensorapi) by extensions ['ros']
[0.099s] Level 1:colcon.colcon_core.package_identification:_identify(libraries/Adafruit_BNO055/examples/sensorapi) by extension 'ros'
[0.099s] Level 1:colcon.colcon_core.package_identification:_identify(libraries/Adafruit_BNO055/examples/sensorapi) by extensions ['cmake', 'python']
[0.099s] Level 1:colcon.colcon_core.package_identification:_identify(libraries/Adafruit_BNO055/examples/sensorapi) by extension 'cmake'
[0.099s] Level 1:colcon.colcon_core.package_identification:_identify(libraries/Adafruit_BNO055/examples/sensorapi) by extension 'python'
[0.099s] Level 1:colcon.colcon_core.package_identification:_identify(libraries/Adafruit_BNO055/examples/sensorapi) by extensions ['python_setup_py']
[0.099s] Level 1:colcon.colcon_core.package_identification:_identify(libraries/Adafruit_BNO055/examples/sensorapi) by extension 'python_setup_py'
[0.099s] Level 1:colcon.colcon_core.package_identification:_identify(libraries/Adafruit_BNO055/examples/webserial_3d) by extensions ['ignore', 'ignore_ament_install']
[0.099s] Level 1:colcon.colcon_core.package_identification:_identify(libraries/Adafruit_BNO055/examples/webserial_3d) by extension 'ignore'
[0.099s] Level 1:colcon.colcon_core.package_identification:_identify(libraries/Adafruit_BNO055/examples/webserial_3d) by extension 'ignore_ament_install'
[0.099s] Level 1:colcon.colcon_core.package_identification:_identify(libraries/Adafruit_BNO055/examples/webserial_3d) by extensions ['colcon_pkg']
[0.099s] Level 1:colcon.colcon_core.package_identification:_identify(libraries/Adafruit_BNO055/examples/webserial_3d) by extension 'colcon_pkg'
[0.099s] Level 1:colcon.colcon_core.package_identification:_identify(libraries/Adafruit_BNO055/examples/webserial_3d) by extensions ['colcon_meta']
[0.100s] Level 1:colcon.colcon_core.package_identification:_identify(libraries/Adafruit_BNO055/examples/webserial_3d) by extension 'colcon_meta'
[0.100s] Level 1:colcon.colcon_core.package_identification:_identify(libraries/Adafruit_BNO055/examples/webserial_3d) by extensions ['ros']
[0.100s] Level 1:colcon.colcon_core.package_identification:_identify(libraries/Adafruit_BNO055/examples/webserial_3d) by extension 'ros'
[0.100s] Level 1:colcon.colcon_core.package_identification:_identify(libraries/Adafruit_BNO055/examples/webserial_3d) by extensions ['cmake', 'python']
[0.100s] Level 1:colcon.colcon_core.package_identification:_identify(libraries/Adafruit_BNO055/examples/webserial_3d) by extension 'cmake'
[0.100s] Level 1:colcon.colcon_core.package_identification:_identify(libraries/Adafruit_BNO055/examples/webserial_3d) by extension 'python'
[0.100s] Level 1:colcon.colcon_core.package_identification:_identify(libraries/Adafruit_BNO055/examples/webserial_3d) by extensions ['python_setup_py']
[0.100s] Level 1:colcon.colcon_core.package_identification:_identify(libraries/Adafruit_BNO055/examples/webserial_3d) by extension 'python_setup_py'
[0.100s] Level 1:colcon.colcon_core.package_identification:_identify(libraries/Adafruit_BNO055/examples_processing) by extensions ['ignore', 'ignore_ament_install']
[0.100s] Level 1:colcon.colcon_core.package_identification:_identify(libraries/Adafruit_BNO055/examples_processing) by extension 'ignore'
[0.100s] Level 1:colcon.colcon_core.package_identification:_identify(libraries/Adafruit_BNO055/examples_processing) by extension 'ignore_ament_install'
[0.100s] Level 1:colcon.colcon_core.package_identification:_identify(libraries/Adafruit_BNO055/examples_processing) by extensions ['colcon_pkg']
[0.100s] Level 1:colcon.colcon_core.package_identification:_identify(libraries/Adafruit_BNO055/examples_processing) by extension 'colcon_pkg'
[0.100s] Level 1:colcon.colcon_core.package_identification:_identify(libraries/Adafruit_BNO055/examples_processing) by extensions ['colcon_meta']
[0.100s] Level 1:colcon.colcon_core.package_identification:_identify(libraries/Adafruit_BNO055/examples_processing) by extension 'colcon_meta'
[0.100s] Level 1:colcon.colcon_core.package_identification:_identify(libraries/Adafruit_BNO055/examples_processing) by extensions ['ros']
[0.100s] Level 1:colcon.colcon_core.package_identification:_identify(libraries/Adafruit_BNO055/examples_processing) by extension 'ros'
[0.100s] Level 1:colcon.colcon_core.package_identification:_identify(libraries/Adafruit_BNO055/examples_processing) by extensions ['cmake', 'python']
[0.100s] Level 1:colcon.colcon_core.package_identification:_identify(libraries/Adafruit_BNO055/examples_processing) by extension 'cmake'
[0.100s] Level 1:colcon.colcon_core.package_identification:_identify(libraries/Adafruit_BNO055/examples_processing) by extension 'python'
[0.100s] Level 1:colcon.colcon_core.package_identification:_identify(libraries/Adafruit_BNO055/examples_processing) by extensions ['python_setup_py']
[0.100s] Level 1:colcon.colcon_core.package_identification:_identify(libraries/Adafruit_BNO055/examples_processing) by extension 'python_setup_py'
[0.100s] Level 1:colcon.colcon_core.package_identification:_identify(libraries/Adafruit_BNO055/examples_processing/cuberotate) by extensions ['ignore', 'ignore_ament_install']
[0.100s] Level 1:colcon.colcon_core.package_identification:_identify(libraries/Adafruit_BNO055/examples_processing/cuberotate) by extension 'ignore'
[0.100s] Level 1:colcon.colcon_core.package_identification:_identify(libraries/Adafruit_BNO055/examples_processing/cuberotate) by extension 'ignore_ament_install'
[0.100s] Level 1:colcon.colcon_core.package_identification:_identify(libraries/Adafruit_BNO055/examples_processing/cuberotate) by extensions ['colcon_pkg']
[0.100s] Level 1:colcon.colcon_core.package_identification:_identify(libraries/Adafruit_BNO055/examples_processing/cuberotate) by extension 'colcon_pkg'
[0.100s] Level 1:colcon.colcon_core.package_identification:_identify(libraries/Adafruit_BNO055/examples_processing/cuberotate) by extensions ['colcon_meta']
[0.100s] Level 1:colcon.colcon_core.package_identification:_identify(libraries/Adafruit_BNO055/examples_processing/cuberotate) by extension 'colcon_meta'
[0.100s] Level 1:colcon.colcon_core.package_identification:_identify(libraries/Adafruit_BNO055/examples_processing/cuberotate) by extensions ['ros']
[0.100s] Level 1:colcon.colcon_core.package_identification:_identify(libraries/Adafruit_BNO055/examples_processing/cuberotate) by extension 'ros'
[0.100s] Level 1:colcon.colcon_core.package_identification:_identify(libraries/Adafruit_BNO055/examples_processing/cuberotate) by extensions ['cmake', 'python']
[0.100s] Level 1:colcon.colcon_core.package_identification:_identify(libraries/Adafruit_BNO055/examples_processing/cuberotate) by extension 'cmake'
[0.100s] Level 1:colcon.colcon_core.package_identification:_identify(libraries/Adafruit_BNO055/examples_processing/cuberotate) by extension 'python'
[0.100s] Level 1:colcon.colcon_core.package_identification:_identify(libraries/Adafruit_BNO055/examples_processing/cuberotate) by extensions ['python_setup_py']
[0.100s] Level 1:colcon.colcon_core.package_identification:_identify(libraries/Adafruit_BNO055/examples_processing/cuberotate) by extension 'python_setup_py'
[0.100s] Level 1:colcon.colcon_core.package_identification:_identify(libraries/Adafruit_BNO055/examples_processing/cuberotate/data) by extensions ['ignore', 'ignore_ament_install']
[0.100s] Level 1:colcon.colcon_core.package_identification:_identify(libraries/Adafruit_BNO055/examples_processing/cuberotate/data) by extension 'ignore'
[0.100s] Level 1:colcon.colcon_core.package_identification:_identify(libraries/Adafruit_BNO055/examples_processing/cuberotate/data) by extension 'ignore_ament_install'
[0.100s] Level 1:colcon.colcon_core.package_identification:_identify(libraries/Adafruit_BNO055/examples_processing/cuberotate/data) by extensions ['colcon_pkg']
[0.100s] Level 1:colcon.colcon_core.package_identification:_identify(libraries/Adafruit_BNO055/examples_processing/cuberotate/data) by extension 'colcon_pkg'
[0.100s] Level 1:colcon.colcon_core.package_identification:_identify(libraries/Adafruit_BNO055/examples_processing/cuberotate/data) by extensions ['colcon_meta']
[0.100s] Level 1:colcon.colcon_core.package_identification:_identify(libraries/Adafruit_BNO055/examples_processing/cuberotate/data) by extension 'colcon_meta'
[0.100s] Level 1:colcon.colcon_core.package_identification:_identify(libraries/Adafruit_BNO055/examples_processing/cuberotate/data) by extensions ['ros']
[0.100s] Level 1:colcon.colcon_core.package_identification:_identify(libraries/Adafruit_BNO055/examples_processing/cuberotate/data) by extension 'ros'
[0.100s] Level 1:colcon.colcon_core.package_identification:_identify(libraries/Adafruit_BNO055/examples_processing/cuberotate/data) by extensions ['cmake', 'python']
[0.100s] Level 1:colcon.colcon_core.package_identification:_identify(libraries/Adafruit_BNO055/examples_processing/cuberotate/data) by extension 'cmake'
[0.101s] Level 1:colcon.colcon_core.package_identification:_identify(libraries/Adafruit_BNO055/examples_processing/cuberotate/data) by extension 'python'
[0.101s] Level 1:colcon.colcon_core.package_identification:_identify(libraries/Adafruit_BNO055/examples_processing/cuberotate/data) by extensions ['python_setup_py']
[0.101s] Level 1:colcon.colcon_core.package_identification:_identify(libraries/Adafruit_BNO055/examples_processing/cuberotate/data) by extension 'python_setup_py'
[0.101s] Level 1:colcon.colcon_core.package_identification:_identify(libraries/Adafruit_BNO055/utility) by extensions ['ignore', 'ignore_ament_install']
[0.101s] Level 1:colcon.colcon_core.package_identification:_identify(libraries/Adafruit_BNO055/utility) by extension 'ignore'
[0.101s] Level 1:colcon.colcon_core.package_identification:_identify(libraries/Adafruit_BNO055/utility) by extension 'ignore_ament_install'
[0.101s] Level 1:colcon.colcon_core.package_identification:_identify(libraries/Adafruit_BNO055/utility) by extensions ['colcon_pkg']
[0.101s] Level 1:colcon.colcon_core.package_identification:_identify(libraries/Adafruit_BNO055/utility) by extension 'colcon_pkg'
[0.101s] Level 1:colcon.colcon_core.package_identification:_identify(libraries/Adafruit_BNO055/utility) by extensions ['colcon_meta']
[0.101s] Level 1:colcon.colcon_core.package_identification:_identify(libraries/Adafruit_BNO055/utility) by extension 'colcon_meta'
[0.101s] Level 1:colcon.colcon_core.package_identification:_identify(libraries/Adafruit_BNO055/utility) by extensions ['ros']
[0.101s] Level 1:colcon.colcon_core.package_identification:_identify(libraries/Adafruit_BNO055/utility) by extension 'ros'
[0.101s] Level 1:colcon.colcon_core.package_identification:_identify(libraries/Adafruit_BNO055/utility) by extensions ['cmake', 'python']
[0.101s] Level 1:colcon.colcon_core.package_identification:_identify(libraries/Adafruit_BNO055/utility) by extension 'cmake'
[0.101s] Level 1:colcon.colcon_core.package_identification:_identify(libraries/Adafruit_BNO055/utility) by extension 'python'
[0.101s] Level 1:colcon.colcon_core.package_identification:_identify(libraries/Adafruit_BNO055/utility) by extensions ['python_setup_py']
[0.101s] Level 1:colcon.colcon_core.package_identification:_identify(libraries/Adafruit_BNO055/utility) by extension 'python_setup_py'
[0.101s] Level 1:colcon.colcon_core.package_identification:_identify(libraries/TinyGPSPlus) by extensions ['ignore', 'ignore_ament_install']
[0.101s] Level 1:colcon.colcon_core.package_identification:_identify(libraries/TinyGPSPlus) by extension 'ignore'
[0.101s] Level 1:colcon.colcon_core.package_identification:_identify(libraries/TinyGPSPlus) by extension 'ignore_ament_install'
[0.101s] Level 1:colcon.colcon_core.package_identification:_identify(libraries/TinyGPSPlus) by extensions ['colcon_pkg']
[0.101s] Level 1:colcon.colcon_core.package_identification:_identify(libraries/TinyGPSPlus) by extension 'colcon_pkg'
[0.101s] Level 1:colcon.colcon_core.package_identification:_identify(libraries/TinyGPSPlus) by extensions ['colcon_meta']
[0.101s] Level 1:colcon.colcon_core.package_identification:_identify(libraries/TinyGPSPlus) by extension 'colcon_meta'
[0.101s] Level 1:colcon.colcon_core.package_identification:_identify(libraries/TinyGPSPlus) by extensions ['ros']
[0.101s] Level 1:colcon.colcon_core.package_identification:_identify(libraries/TinyGPSPlus) by extension 'ros'
[0.101s] Level 1:colcon.colcon_core.package_identification:_identify(libraries/TinyGPSPlus) by extensions ['cmake', 'python']
[0.101s] Level 1:colcon.colcon_core.package_identification:_identify(libraries/TinyGPSPlus) by extension 'cmake'
[0.101s] Level 1:colcon.colcon_core.package_identification:_identify(libraries/TinyGPSPlus) by extension 'python'
[0.101s] Level 1:colcon.colcon_core.package_identification:_identify(libraries/TinyGPSPlus) by extensions ['python_setup_py']
[0.101s] Level 1:colcon.colcon_core.package_identification:_identify(libraries/TinyGPSPlus) by extension 'python_setup_py'
[0.101s] Level 1:colcon.colcon_core.package_identification:_identify(libraries/TinyGPSPlus/examples) by extensions ['ignore', 'ignore_ament_install']
[0.101s] Level 1:colcon.colcon_core.package_identification:_identify(libraries/TinyGPSPlus/examples) by extension 'ignore'
[0.101s] Level 1:colcon.colcon_core.package_identification:_identify(libraries/TinyGPSPlus/examples) by extension 'ignore_ament_install'
[0.101s] Level 1:colcon.colcon_core.package_identification:_identify(libraries/TinyGPSPlus/examples) by extensions ['colcon_pkg']
[0.101s] Level 1:colcon.colcon_core.package_identification:_identify(libraries/TinyGPSPlus/examples) by extension 'colcon_pkg'
[0.101s] Level 1:colcon.colcon_core.package_identification:_identify(libraries/TinyGPSPlus/examples) by extensions ['colcon_meta']
[0.101s] Level 1:colcon.colcon_core.package_identification:_identify(libraries/TinyGPSPlus/examples) by extension 'colcon_meta'
[0.101s] Level 1:colcon.colcon_core.package_identification:_identify(libraries/TinyGPSPlus/examples) by extensions ['ros']
[0.101s] Level 1:colcon.colcon_core.package_identification:_identify(libraries/TinyGPSPlus/examples) by extension 'ros'
[0.101s] Level 1:colcon.colcon_core.package_identification:_identify(libraries/TinyGPSPlus/examples) by extensions ['cmake', 'python']
[0.101s] Level 1:colcon.colcon_core.package_identification:_identify(libraries/TinyGPSPlus/examples) by extension 'cmake'
[0.101s] Level 1:colcon.colcon_core.package_identification:_identify(libraries/TinyGPSPlus/examples) by extension 'python'
[0.101s] Level 1:colcon.colcon_core.package_identification:_identify(libraries/TinyGPSPlus/examples) by extensions ['python_setup_py']
[0.101s] Level 1:colcon.colcon_core.package_identification:_identify(libraries/TinyGPSPlus/examples) by extension 'python_setup_py'
[0.101s] Level 1:colcon.colcon_core.package_identification:_identify(libraries/TinyGPSPlus/examples/BasicExample) by extensions ['ignore', 'ignore_ament_install']
[0.102s] Level 1:colcon.colcon_core.package_identification:_identify(libraries/TinyGPSPlus/examples/BasicExample) by extension 'ignore'
[0.102s] Level 1:colcon.colcon_core.package_identification:_identify(libraries/TinyGPSPlus/examples/BasicExample) by extension 'ignore_ament_install'
[0.102s] Level 1:colcon.colcon_core.package_identification:_identify(libraries/TinyGPSPlus/examples/BasicExample) by extensions ['colcon_pkg']
[0.102s] Level 1:colcon.colcon_core.package_identification:_identify(libraries/TinyGPSPlus/examples/BasicExample) by extension 'colcon_pkg'
[0.102s] Level 1:colcon.colcon_core.package_identification:_identify(libraries/TinyGPSPlus/examples/BasicExample) by extensions ['colcon_meta']
[0.102s] Level 1:colcon.colcon_core.package_identification:_identify(libraries/TinyGPSPlus/examples/BasicExample) by extension 'colcon_meta'
[0.102s] Level 1:colcon.colcon_core.package_identification:_identify(libraries/TinyGPSPlus/examples/BasicExample) by extensions ['ros']
[0.102s] Level 1:colcon.colcon_core.package_identification:_identify(libraries/TinyGPSPlus/examples/BasicExample) by extension 'ros'
[0.102s] Level 1:colcon.colcon_core.package_identification:_identify(libraries/TinyGPSPlus/examples/BasicExample) by extensions ['cmake', 'python']
[0.102s] Level 1:colcon.colcon_core.package_identification:_identify(libraries/TinyGPSPlus/examples/BasicExample) by extension 'cmake'
[0.102s] Level 1:colcon.colcon_core.package_identification:_identify(libraries/TinyGPSPlus/examples/BasicExample) by extension 'python'
[0.102s] Level 1:colcon.colcon_core.package_identification:_identify(libraries/TinyGPSPlus/examples/BasicExample) by extensions ['python_setup_py']
[0.102s] Level 1:colcon.colcon_core.package_identification:_identify(libraries/TinyGPSPlus/examples/BasicExample) by extension 'python_setup_py'
[0.102s] Level 1:colcon.colcon_core.package_identification:_identify(libraries/TinyGPSPlus/examples/DeviceExample) by extensions ['ignore', 'ignore_ament_install']
[0.102s] Level 1:colcon.colcon_core.package_identification:_identify(libraries/TinyGPSPlus/examples/DeviceExample) by extension 'ignore'
[0.102s] Level 1:colcon.colcon_core.package_identification:_identify(libraries/TinyGPSPlus/examples/DeviceExample) by extension 'ignore_ament_install'
[0.102s] Level 1:colcon.colcon_core.package_identification:_identify(libraries/TinyGPSPlus/examples/DeviceExample) by extensions ['colcon_pkg']
[0.102s] Level 1:colcon.colcon_core.package_identification:_identify(libraries/TinyGPSPlus/examples/DeviceExample) by extension 'colcon_pkg'
[0.102s] Level 1:colcon.colcon_core.package_identification:_identify(libraries/TinyGPSPlus/examples/DeviceExample) by extensions ['colcon_meta']
[0.102s] Level 1:colcon.colcon_core.package_identification:_identify(libraries/TinyGPSPlus/examples/DeviceExample) by extension 'colcon_meta'
[0.102s] Level 1:colcon.colcon_core.package_identification:_identify(libraries/TinyGPSPlus/examples/DeviceExample) by extensions ['ros']
[0.102s] Level 1:colcon.colcon_core.package_identification:_identify(libraries/TinyGPSPlus/examples/DeviceExample) by extension 'ros'
[0.102s] Level 1:colcon.colcon_core.package_identification:_identify(libraries/TinyGPSPlus/examples/DeviceExample) by extensions ['cmake', 'python']
[0.102s] Level 1:colcon.colcon_core.package_identification:_identify(libraries/TinyGPSPlus/examples/DeviceExample) by extension 'cmake'
[0.102s] Level 1:colcon.colcon_core.package_identification:_identify(libraries/TinyGPSPlus/examples/DeviceExample) by extension 'python'
[0.102s] Level 1:colcon.colcon_core.package_identification:_identify(libraries/TinyGPSPlus/examples/DeviceExample) by extensions ['python_setup_py']
[0.102s] Level 1:colcon.colcon_core.package_identification:_identify(libraries/TinyGPSPlus/examples/DeviceExample) by extension 'python_setup_py'
[0.102s] Level 1:colcon.colcon_core.package_identification:_identify(libraries/TinyGPSPlus/examples/FullExample) by extensions ['ignore', 'ignore_ament_install']
[0.102s] Level 1:colcon.colcon_core.package_identification:_identify(libraries/TinyGPSPlus/examples/FullExample) by extension 'ignore'
[0.102s] Level 1:colcon.colcon_core.package_identification:_identify(libraries/TinyGPSPlus/examples/FullExample) by extension 'ignore_ament_install'
[0.102s] Level 1:colcon.colcon_core.package_identification:_identify(libraries/TinyGPSPlus/examples/FullExample) by extensions ['colcon_pkg']
[0.102s] Level 1:colcon.colcon_core.package_identification:_identify(libraries/TinyGPSPlus/examples/FullExample) by extension 'colcon_pkg'
[0.102s] Level 1:colcon.colcon_core.package_identification:_identify(libraries/TinyGPSPlus/examples/FullExample) by extensions ['colcon_meta']
[0.102s] Level 1:colcon.colcon_core.package_identification:_identify(libraries/TinyGPSPlus/examples/FullExample) by extension 'colcon_meta'
[0.102s] Level 1:colcon.colcon_core.package_identification:_identify(libraries/TinyGPSPlus/examples/FullExample) by extensions ['ros']
[0.102s] Level 1:colcon.colcon_core.package_identification:_identify(libraries/TinyGPSPlus/examples/FullExample) by extension 'ros'
[0.102s] Level 1:colcon.colcon_core.package_identification:_identify(libraries/TinyGPSPlus/examples/FullExample) by extensions ['cmake', 'python']
[0.102s] Level 1:colcon.colcon_core.package_identification:_identify(libraries/TinyGPSPlus/examples/FullExample) by extension 'cmake'
[0.102s] Level 1:colcon.colcon_core.package_identification:_identify(libraries/TinyGPSPlus/examples/FullExample) by extension 'python'
[0.102s] Level 1:colcon.colcon_core.package_identification:_identify(libraries/TinyGPSPlus/examples/FullExample) by extensions ['python_setup_py']
[0.102s] Level 1:colcon.colcon_core.package_identification:_identify(libraries/TinyGPSPlus/examples/FullExample) by extension 'python_setup_py'
[0.102s] Level 1:colcon.colcon_core.package_identification:_identify(libraries/TinyGPSPlus/examples/KitchenSink) by extensions ['ignore', 'ignore_ament_install']
[0.102s] Level 1:colcon.colcon_core.package_identification:_identify(libraries/TinyGPSPlus/examples/KitchenSink) by extension 'ignore'
[0.102s] Level 1:colcon.colcon_core.package_identification:_identify(libraries/TinyGPSPlus/examples/KitchenSink) by extension 'ignore_ament_install'
[0.102s] Level 1:colcon.colcon_core.package_identification:_identify(libraries/TinyGPSPlus/examples/KitchenSink) by extensions ['colcon_pkg']
[0.102s] Level 1:colcon.colcon_core.package_identification:_identify(libraries/TinyGPSPlus/examples/KitchenSink) by extension 'colcon_pkg'
[0.102s] Level 1:colcon.colcon_core.package_identification:_identify(libraries/TinyGPSPlus/examples/KitchenSink) by extensions ['colcon_meta']
[0.102s] Level 1:colcon.colcon_core.package_identification:_identify(libraries/TinyGPSPlus/examples/KitchenSink) by extension 'colcon_meta'
[0.103s] Level 1:colcon.colcon_core.package_identification:_identify(libraries/TinyGPSPlus/examples/KitchenSink) by extensions ['ros']
[0.103s] Level 1:colcon.colcon_core.package_identification:_identify(libraries/TinyGPSPlus/examples/KitchenSink) by extension 'ros'
[0.103s] Level 1:colcon.colcon_core.package_identification:_identify(libraries/TinyGPSPlus/examples/KitchenSink) by extensions ['cmake', 'python']
[0.103s] Level 1:colcon.colcon_core.package_identification:_identify(libraries/TinyGPSPlus/examples/KitchenSink) by extension 'cmake'
[0.103s] Level 1:colcon.colcon_core.package_identification:_identify(libraries/TinyGPSPlus/examples/KitchenSink) by extension 'python'
[0.103s] Level 1:colcon.colcon_core.package_identification:_identify(libraries/TinyGPSPlus/examples/KitchenSink) by extensions ['python_setup_py']
[0.103s] Level 1:colcon.colcon_core.package_identification:_identify(libraries/TinyGPSPlus/examples/KitchenSink) by extension 'python_setup_py'
[0.103s] Level 1:colcon.colcon_core.package_identification:_identify(libraries/TinyGPSPlus/examples/SatElevTracker) by extensions ['ignore', 'ignore_ament_install']
[0.103s] Level 1:colcon.colcon_core.package_identification:_identify(libraries/TinyGPSPlus/examples/SatElevTracker) by extension 'ignore'
[0.103s] Level 1:colcon.colcon_core.package_identification:_identify(libraries/TinyGPSPlus/examples/SatElevTracker) by extension 'ignore_ament_install'
[0.103s] Level 1:colcon.colcon_core.package_identification:_identify(libraries/TinyGPSPlus/examples/SatElevTracker) by extensions ['colcon_pkg']
[0.103s] Level 1:colcon.colcon_core.package_identification:_identify(libraries/TinyGPSPlus/examples/SatElevTracker) by extension 'colcon_pkg'
[0.103s] Level 1:colcon.colcon_core.package_identification:_identify(libraries/TinyGPSPlus/examples/SatElevTracker) by extensions ['colcon_meta']
[0.103s] Level 1:colcon.colcon_core.package_identification:_identify(libraries/TinyGPSPlus/examples/SatElevTracker) by extension 'colcon_meta'
[0.103s] Level 1:colcon.colcon_core.package_identification:_identify(libraries/TinyGPSPlus/examples/SatElevTracker) by extensions ['ros']
[0.103s] Level 1:colcon.colcon_core.package_identification:_identify(libraries/TinyGPSPlus/examples/SatElevTracker) by extension 'ros'
[0.103s] Level 1:colcon.colcon_core.package_identification:_identify(libraries/TinyGPSPlus/examples/SatElevTracker) by extensions ['cmake', 'python']
[0.103s] Level 1:colcon.colcon_core.package_identification:_identify(libraries/TinyGPSPlus/examples/SatElevTracker) by extension 'cmake'
[0.103s] Level 1:colcon.colcon_core.package_identification:_identify(libraries/TinyGPSPlus/examples/SatElevTracker) by extension 'python'
[0.103s] Level 1:colcon.colcon_core.package_identification:_identify(libraries/TinyGPSPlus/examples/SatElevTracker) by extensions ['python_setup_py']
[0.103s] Level 1:colcon.colcon_core.package_identification:_identify(libraries/TinyGPSPlus/examples/SatElevTracker) by extension 'python_setup_py'
[0.103s] Level 1:colcon.colcon_core.package_identification:_identify(libraries/TinyGPSPlus/examples/SatelliteTracker) by extensions ['ignore', 'ignore_ament_install']
[0.103s] Level 1:colcon.colcon_core.package_identification:_identify(libraries/TinyGPSPlus/examples/SatelliteTracker) by extension 'ignore'
[0.103s] Level 1:colcon.colcon_core.package_identification:_identify(libraries/TinyGPSPlus/examples/SatelliteTracker) by extension 'ignore_ament_install'
[0.103s] Level 1:colcon.colcon_core.package_identification:_identify(libraries/TinyGPSPlus/examples/SatelliteTracker) by extensions ['colcon_pkg']
[0.103s] Level 1:colcon.colcon_core.package_identification:_identify(libraries/TinyGPSPlus/examples/SatelliteTracker) by extension 'colcon_pkg'
[0.103s] Level 1:colcon.colcon_core.package_identification:_identify(libraries/TinyGPSPlus/examples/SatelliteTracker) by extensions ['colcon_meta']
[0.103s] Level 1:colcon.colcon_core.package_identification:_identify(libraries/TinyGPSPlus/examples/SatelliteTracker) by extension 'colcon_meta'
[0.103s] Level 1:colcon.colcon_core.package_identification:_identify(libraries/TinyGPSPlus/examples/SatelliteTracker) by extensions ['ros']
[0.103s] Level 1:colcon.colcon_core.package_identification:_identify(libraries/TinyGPSPlus/examples/SatelliteTracker) by extension 'ros'
[0.103s] Level 1:colcon.colcon_core.package_identification:_identify(libraries/TinyGPSPlus/examples/SatelliteTracker) by extensions ['cmake', 'python']
[0.103s] Level 1:colcon.colcon_core.package_identification:_identify(libraries/TinyGPSPlus/examples/SatelliteTracker) by extension 'cmake'
[0.103s] Level 1:colcon.colcon_core.package_identification:_identify(libraries/TinyGPSPlus/examples/SatelliteTracker) by extension 'python'
[0.103s] Level 1:colcon.colcon_core.package_identification:_identify(libraries/TinyGPSPlus/examples/SatelliteTracker) by extensions ['python_setup_py']
[0.103s] Level 1:colcon.colcon_core.package_identification:_identify(libraries/TinyGPSPlus/examples/SatelliteTracker) by extension 'python_setup_py'
[0.103s] Level 1:colcon.colcon_core.package_identification:_identify(libraries/TinyGPSPlus/examples/UsingCustomFields) by extensions ['ignore', 'ignore_ament_install']
[0.103s] Level 1:colcon.colcon_core.package_identification:_identify(libraries/TinyGPSPlus/examples/UsingCustomFields) by extension 'ignore'
[0.103s] Level 1:colcon.colcon_core.package_identification:_identify(libraries/TinyGPSPlus/examples/UsingCustomFields) by extension 'ignore_ament_install'
[0.103s] Level 1:colcon.colcon_core.package_identification:_identify(libraries/TinyGPSPlus/examples/UsingCustomFields) by extensions ['colcon_pkg']
[0.103s] Level 1:colcon.colcon_core.package_identification:_identify(libraries/TinyGPSPlus/examples/UsingCustomFields) by extension 'colcon_pkg'
[0.103s] Level 1:colcon.colcon_core.package_identification:_identify(libraries/TinyGPSPlus/examples/UsingCustomFields) by extensions ['colcon_meta']
[0.103s] Level 1:colcon.colcon_core.package_identification:_identify(libraries/TinyGPSPlus/examples/UsingCustomFields) by extension 'colcon_meta'
[0.103s] Level 1:colcon.colcon_core.package_identification:_identify(libraries/TinyGPSPlus/examples/UsingCustomFields) by extensions ['ros']
[0.103s] Level 1:colcon.colcon_core.package_identification:_identify(libraries/TinyGPSPlus/examples/UsingCustomFields) by extension 'ros'
[0.103s] Level 1:colcon.colcon_core.package_identification:_identify(libraries/TinyGPSPlus/examples/UsingCustomFields) by extensions ['cmake', 'python']
[0.103s] Level 1:colcon.colcon_core.package_identification:_identify(libraries/TinyGPSPlus/examples/UsingCustomFields) by extension 'cmake'
[0.103s] Level 1:colcon.colcon_core.package_identification:_identify(libraries/TinyGPSPlus/examples/UsingCustomFields) by extension 'python'
[0.103s] Level 1:colcon.colcon_core.package_identification:_identify(libraries/TinyGPSPlus/examples/UsingCustomFields) by extensions ['python_setup_py']
[0.103s] Level 1:colcon.colcon_core.package_identification:_identify(libraries/TinyGPSPlus/examples/UsingCustomFields) by extension 'python_setup_py'
[0.103s] Level 1:colcon.colcon_core.package_identification:_identify(libraries/TinyGPSPlus/src) by extensions ['ignore', 'ignore_ament_install']
[0.104s] Level 1:colcon.colcon_core.package_identification:_identify(libraries/TinyGPSPlus/src) by extension 'ignore'
[0.104s] Level 1:colcon.colcon_core.package_identification:_identify(libraries/TinyGPSPlus/src) by extension 'ignore_ament_install'
[0.104s] Level 1:colcon.colcon_core.package_identification:_identify(libraries/TinyGPSPlus/src) by extensions ['colcon_pkg']
[0.104s] Level 1:colcon.colcon_core.package_identification:_identify(libraries/TinyGPSPlus/src) by extension 'colcon_pkg'
[0.104s] Level 1:colcon.colcon_core.package_identification:_identify(libraries/TinyGPSPlus/src) by extensions ['colcon_meta']
[0.104s] Level 1:colcon.colcon_core.package_identification:_identify(libraries/TinyGPSPlus/src) by extension 'colcon_meta'
[0.104s] Level 1:colcon.colcon_core.package_identification:_identify(libraries/TinyGPSPlus/src) by extensions ['ros']
[0.104s] Level 1:colcon.colcon_core.package_identification:_identify(libraries/TinyGPSPlus/src) by extension 'ros'
[0.104s] Level 1:colcon.colcon_core.package_identification:_identify(libraries/TinyGPSPlus/src) by extensions ['cmake', 'python']
[0.104s] Level 1:colcon.colcon_core.package_identification:_identify(libraries/TinyGPSPlus/src) by extension 'cmake'
[0.104s] Level 1:colcon.colcon_core.package_identification:_identify(libraries/TinyGPSPlus/src) by extension 'python'
[0.104s] Level 1:colcon.colcon_core.package_identification:_identify(libraries/TinyGPSPlus/src) by extensions ['python_setup_py']
[0.104s] Level 1:colcon.colcon_core.package_identification:_identify(libraries/TinyGPSPlus/src) by extension 'python_setup_py'
[0.104s] Level 1:colcon.colcon_core.package_identification:_identify(libraries/micro_ros_arduino) by extensions ['ignore', 'ignore_ament_install']
[0.104s] Level 1:colcon.colcon_core.package_identification:_identify(libraries/micro_ros_arduino) by extension 'ignore'
[0.104s] Level 1:colcon.colcon_core.package_identification:_identify(libraries/micro_ros_arduino) by extension 'ignore_ament_install'
[0.104s] Level 1:colcon.colcon_core.package_identification:_identify(libraries/micro_ros_arduino) by extensions ['colcon_pkg']
[0.104s] Level 1:colcon.colcon_core.package_identification:_identify(libraries/micro_ros_arduino) by extension 'colcon_pkg'
[0.104s] Level 1:colcon.colcon_core.package_identification:_identify(libraries/micro_ros_arduino) by extensions ['colcon_meta']
[0.104s] Level 1:colcon.colcon_core.package_identification:_identify(libraries/micro_ros_arduino) by extension 'colcon_meta'
[0.104s] Level 1:colcon.colcon_core.package_identification:_identify(libraries/micro_ros_arduino) by extensions ['ros']
[0.104s] Level 1:colcon.colcon_core.package_identification:_identify(libraries/micro_ros_arduino) by extension 'ros'
[0.104s] Level 1:colcon.colcon_core.package_identification:_identify(libraries/micro_ros_arduino) by extensions ['cmake', 'python']
[0.104s] Level 1:colcon.colcon_core.package_identification:_identify(libraries/micro_ros_arduino) by extension 'cmake'
[0.104s] Level 1:colcon.colcon_core.package_identification:_identify(libraries/micro_ros_arduino) by extension 'python'
[0.104s] Level 1:colcon.colcon_core.package_identification:_identify(libraries/micro_ros_arduino) by extensions ['python_setup_py']
[0.104s] Level 1:colcon.colcon_core.package_identification:_identify(libraries/micro_ros_arduino) by extension 'python_setup_py'
[0.104s] Level 1:colcon.colcon_core.package_identification:_identify(libraries/micro_ros_arduino/examples) by extensions ['ignore', 'ignore_ament_install']
[0.104s] Level 1:colcon.colcon_core.package_identification:_identify(libraries/micro_ros_arduino/examples) by extension 'ignore'
[0.104s] Level 1:colcon.colcon_core.package_identification:_identify(libraries/micro_ros_arduino/examples) by extension 'ignore_ament_install'
[0.104s] Level 1:colcon.colcon_core.package_identification:_identify(libraries/micro_ros_arduino/examples) by extensions ['colcon_pkg']
[0.104s] Level 1:colcon.colcon_core.package_identification:_identify(libraries/micro_ros_arduino/examples) by extension 'colcon_pkg'
[0.104s] Level 1:colcon.colcon_core.package_identification:_identify(libraries/micro_ros_arduino/examples) by extensions ['colcon_meta']
[0.104s] Level 1:colcon.colcon_core.package_identification:_identify(libraries/micro_ros_arduino/examples) by extension 'colcon_meta'
[0.104s] Level 1:colcon.colcon_core.package_identification:_identify(libraries/micro_ros_arduino/examples) by extensions ['ros']
[0.104s] Level 1:colcon.colcon_core.package_identification:_identify(libraries/micro_ros_arduino/examples) by extension 'ros'
[0.104s] Level 1:colcon.colcon_core.package_identification:_identify(libraries/micro_ros_arduino/examples) by extensions ['cmake', 'python']
[0.104s] Level 1:colcon.colcon_core.package_identification:_identify(libraries/micro_ros_arduino/examples) by extension 'cmake'
[0.104s] Level 1:colcon.colcon_core.package_identification:_identify(libraries/micro_ros_arduino/examples) by extension 'python'
[0.104s] Level 1:colcon.colcon_core.package_identification:_identify(libraries/micro_ros_arduino/examples) by extensions ['python_setup_py']
[0.104s] Level 1:colcon.colcon_core.package_identification:_identify(libraries/micro_ros_arduino/examples) by extension 'python_setup_py'
[0.104s] Level 1:colcon.colcon_core.package_identification:_identify(libraries/micro_ros_arduino/examples/micro-ros_IMU_ML) by extensions ['ignore', 'ignore_ament_install']
[0.104s] Level 1:colcon.colcon_core.package_identification:_identify(libraries/micro_ros_arduino/examples/micro-ros_IMU_ML) by extension 'ignore'
[0.104s] Level 1:colcon.colcon_core.package_identification:_identify(libraries/micro_ros_arduino/examples/micro-ros_IMU_ML) by extension 'ignore_ament_install'
[0.104s] Level 1:colcon.colcon_core.package_identification:_identify(libraries/micro_ros_arduino/examples/micro-ros_IMU_ML) by extensions ['colcon_pkg']
[0.104s] Level 1:colcon.colcon_core.package_identification:_identify(libraries/micro_ros_arduino/examples/micro-ros_IMU_ML) by extension 'colcon_pkg'
[0.104s] Level 1:colcon.colcon_core.package_identification:_identify(libraries/micro_ros_arduino/examples/micro-ros_IMU_ML) by extensions ['colcon_meta']
[0.104s] Level 1:colcon.colcon_core.package_identification:_identify(libraries/micro_ros_arduino/examples/micro-ros_IMU_ML) by extension 'colcon_meta'
[0.105s] Level 1:colcon.colcon_core.package_identification:_identify(libraries/micro_ros_arduino/examples/micro-ros_IMU_ML) by extensions ['ros']
[0.105s] Level 1:colcon.colcon_core.package_identification:_identify(libraries/micro_ros_arduino/examples/micro-ros_IMU_ML) by extension 'ros'
[0.105s] Level 1:colcon.colcon_core.package_identification:_identify(libraries/micro_ros_arduino/examples/micro-ros_IMU_ML) by extensions ['cmake', 'python']
[0.105s] Level 1:colcon.colcon_core.package_identification:_identify(libraries/micro_ros_arduino/examples/micro-ros_IMU_ML) by extension 'cmake'
[0.105s] Level 1:colcon.colcon_core.package_identification:_identify(libraries/micro_ros_arduino/examples/micro-ros_IMU_ML) by extension 'python'
[0.105s] Level 1:colcon.colcon_core.package_identification:_identify(libraries/micro_ros_arduino/examples/micro-ros_IMU_ML) by extensions ['python_setup_py']
[0.105s] Level 1:colcon.colcon_core.package_identification:_identify(libraries/micro_ros_arduino/examples/micro-ros_IMU_ML) by extension 'python_setup_py'
[0.105s] Level 1:colcon.colcon_core.package_identification:_identify(libraries/micro_ros_arduino/examples/micro-ros_addtwoints_service) by extensions ['ignore', 'ignore_ament_install']
[0.105s] Level 1:colcon.colcon_core.package_identification:_identify(libraries/micro_ros_arduino/examples/micro-ros_addtwoints_service) by extension 'ignore'
[0.105s] Level 1:colcon.colcon_core.package_identification:_identify(libraries/micro_ros_arduino/examples/micro-ros_addtwoints_service) by extension 'ignore_ament_install'
[0.105s] Level 1:colcon.colcon_core.package_identification:_identify(libraries/micro_ros_arduino/examples/micro-ros_addtwoints_service) by extensions ['colcon_pkg']
[0.105s] Level 1:colcon.colcon_core.package_identification:_identify(libraries/micro_ros_arduino/examples/micro-ros_addtwoints_service) by extension 'colcon_pkg'
[0.105s] Level 1:colcon.colcon_core.package_identification:_identify(libraries/micro_ros_arduino/examples/micro-ros_addtwoints_service) by extensions ['colcon_meta']
[0.105s] Level 1:colcon.colcon_core.package_identification:_identify(libraries/micro_ros_arduino/examples/micro-ros_addtwoints_service) by extension 'colcon_meta'
[0.105s] Level 1:colcon.colcon_core.package_identification:_identify(libraries/micro_ros_arduino/examples/micro-ros_addtwoints_service) by extensions ['ros']
[0.105s] Level 1:colcon.colcon_core.package_identification:_identify(libraries/micro_ros_arduino/examples/micro-ros_addtwoints_service) by extension 'ros'
[0.105s] Level 1:colcon.colcon_core.package_identification:_identify(libraries/micro_ros_arduino/examples/micro-ros_addtwoints_service) by extensions ['cmake', 'python']
[0.105s] Level 1:colcon.colcon_core.package_identification:_identify(libraries/micro_ros_arduino/examples/micro-ros_addtwoints_service) by extension 'cmake'
[0.105s] Level 1:colcon.colcon_core.package_identification:_identify(libraries/micro_ros_arduino/examples/micro-ros_addtwoints_service) by extension 'python'
[0.105s] Level 1:colcon.colcon_core.package_identification:_identify(libraries/micro_ros_arduino/examples/micro-ros_addtwoints_service) by extensions ['python_setup_py']
[0.105s] Level 1:colcon.colcon_core.package_identification:_identify(libraries/micro_ros_arduino/examples/micro-ros_addtwoints_service) by extension 'python_setup_py'
[0.105s] Level 1:colcon.colcon_core.package_identification:_identify(libraries/micro_ros_arduino/examples/micro-ros_decibels) by extensions ['ignore', 'ignore_ament_install']
[0.105s] Level 1:colcon.colcon_core.package_identification:_identify(libraries/micro_ros_arduino/examples/micro-ros_decibels) by extension 'ignore'
[0.105s] Level 1:colcon.colcon_core.package_identification:_identify(libraries/micro_ros_arduino/examples/micro-ros_decibels) by extension 'ignore_ament_install'
[0.105s] Level 1:colcon.colcon_core.package_identification:_identify(libraries/micro_ros_arduino/examples/micro-ros_decibels) by extensions ['colcon_pkg']
[0.105s] Level 1:colcon.colcon_core.package_identification:_identify(libraries/micro_ros_arduino/examples/micro-ros_decibels) by extension 'colcon_pkg'
[0.105s] Level 1:colcon.colcon_core.package_identification:_identify(libraries/micro_ros_arduino/examples/micro-ros_decibels) by extensions ['colcon_meta']
[0.105s] Level 1:colcon.colcon_core.package_identification:_identify(libraries/micro_ros_arduino/examples/micro-ros_decibels) by extension 'colcon_meta'
[0.105s] Level 1:colcon.colcon_core.package_identification:_identify(libraries/micro_ros_arduino/examples/micro-ros_decibels) by extensions ['ros']
[0.105s] Level 1:colcon.colcon_core.package_identification:_identify(libraries/micro_ros_arduino/examples/micro-ros_decibels) by extension 'ros'
[0.105s] Level 1:colcon.colcon_core.package_identification:_identify(libraries/micro_ros_arduino/examples/micro-ros_decibels) by extensions ['cmake', 'python']
[0.105s] Level 1:colcon.colcon_core.package_identification:_identify(libraries/micro_ros_arduino/examples/micro-ros_decibels) by extension 'cmake'
[0.105s] Level 1:colcon.colcon_core.package_identification:_identify(libraries/micro_ros_arduino/examples/micro-ros_decibels) by extension 'python'
[0.105s] Level 1:colcon.colcon_core.package_identification:_identify(libraries/micro_ros_arduino/examples/micro-ros_decibels) by extensions ['python_setup_py']
[0.105s] Level 1:colcon.colcon_core.package_identification:_identify(libraries/micro_ros_arduino/examples/micro-ros_decibels) by extension 'python_setup_py'
[0.105s] Level 1:colcon.colcon_core.package_identification:_identify(libraries/micro_ros_arduino/examples/micro-ros_publisher) by extensions ['ignore', 'ignore_ament_install']
[0.105s] Level 1:colcon.colcon_core.package_identification:_identify(libraries/micro_ros_arduino/examples/micro-ros_publisher) by extension 'ignore'
[0.105s] Level 1:colcon.colcon_core.package_identification:_identify(libraries/micro_ros_arduino/examples/micro-ros_publisher) by extension 'ignore_ament_install'
[0.105s] Level 1:colcon.colcon_core.package_identification:_identify(libraries/micro_ros_arduino/examples/micro-ros_publisher) by extensions ['colcon_pkg']
[0.105s] Level 1:colcon.colcon_core.package_identification:_identify(libraries/micro_ros_arduino/examples/micro-ros_publisher) by extension 'colcon_pkg'
[0.105s] Level 1:colcon.colcon_core.package_identification:_identify(libraries/micro_ros_arduino/examples/micro-ros_publisher) by extensions ['colcon_meta']
[0.105s] Level 1:colcon.colcon_core.package_identification:_identify(libraries/micro_ros_arduino/examples/micro-ros_publisher) by extension 'colcon_meta'
[0.105s] Level 1:colcon.colcon_core.package_identification:_identify(libraries/micro_ros_arduino/examples/micro-ros_publisher) by extensions ['ros']
[0.105s] Level 1:colcon.colcon_core.package_identification:_identify(libraries/micro_ros_arduino/examples/micro-ros_publisher) by extension 'ros'
[0.105s] Level 1:colcon.colcon_core.package_identification:_identify(libraries/micro_ros_arduino/examples/micro-ros_publisher) by extensions ['cmake', 'python']
[0.105s] Level 1:colcon.colcon_core.package_identification:_identify(libraries/micro_ros_arduino/examples/micro-ros_publisher) by extension 'cmake'
[0.105s] Level 1:colcon.colcon_core.package_identification:_identify(libraries/micro_ros_arduino/examples/micro-ros_publisher) by extension 'python'
[0.105s] Level 1:colcon.colcon_core.package_identification:_identify(libraries/micro_ros_arduino/examples/micro-ros_publisher) by extensions ['python_setup_py']
[0.105s] Level 1:colcon.colcon_core.package_identification:_identify(libraries/micro_ros_arduino/examples/micro-ros_publisher) by extension 'python_setup_py'
[0.106s] Level 1:colcon.colcon_core.package_identification:_identify(libraries/micro_ros_arduino/examples/micro-ros_publisher_ethernet) by extensions ['ignore', 'ignore_ament_install']
[0.106s] Level 1:colcon.colcon_core.package_identification:_identify(libraries/micro_ros_arduino/examples/micro-ros_publisher_ethernet) by extension 'ignore'
[0.106s] Level 1:colcon.colcon_core.package_identification:_identify(libraries/micro_ros_arduino/examples/micro-ros_publisher_ethernet) by extension 'ignore_ament_install'
[0.106s] Level 1:colcon.colcon_core.package_identification:_identify(libraries/micro_ros_arduino/examples/micro-ros_publisher_ethernet) by extensions ['colcon_pkg']
[0.106s] Level 1:colcon.colcon_core.package_identification:_identify(libraries/micro_ros_arduino/examples/micro-ros_publisher_ethernet) by extension 'colcon_pkg'
[0.106s] Level 1:colcon.colcon_core.package_identification:_identify(libraries/micro_ros_arduino/examples/micro-ros_publisher_ethernet) by extensions ['colcon_meta']
[0.106s] Level 1:colcon.colcon_core.package_identification:_identify(libraries/micro_ros_arduino/examples/micro-ros_publisher_ethernet) by extension 'colcon_meta'
[0.106s] Level 1:colcon.colcon_core.package_identification:_identify(libraries/micro_ros_arduino/examples/micro-ros_publisher_ethernet) by extensions ['ros']
[0.106s] Level 1:colcon.colcon_core.package_identification:_identify(libraries/micro_ros_arduino/examples/micro-ros_publisher_ethernet) by extension 'ros'
[0.106s] Level 1:colcon.colcon_core.package_identification:_identify(libraries/micro_ros_arduino/examples/micro-ros_publisher_ethernet) by extensions ['cmake', 'python']
[0.106s] Level 1:colcon.colcon_core.package_identification:_identify(libraries/micro_ros_arduino/examples/micro-ros_publisher_ethernet) by extension 'cmake'
[0.106s] Level 1:colcon.colcon_core.package_identification:_identify(libraries/micro_ros_arduino/examples/micro-ros_publisher_ethernet) by extension 'python'
[0.106s] Level 1:colcon.colcon_core.package_identification:_identify(libraries/micro_ros_arduino/examples/micro-ros_publisher_ethernet) by extensions ['python_setup_py']
[0.106s] Level 1:colcon.colcon_core.package_identification:_identify(libraries/micro_ros_arduino/examples/micro-ros_publisher_ethernet) by extension 'python_setup_py'
[0.106s] Level 1:colcon.colcon_core.package_identification:_identify(libraries/micro_ros_arduino/examples/micro-ros_publisher_wifi) by extensions ['ignore', 'ignore_ament_install']
[0.106s] Level 1:colcon.colcon_core.package_identification:_identify(libraries/micro_ros_arduino/examples/micro-ros_publisher_wifi) by extension 'ignore'
[0.106s] Level 1:colcon.colcon_core.package_identification:_identify(libraries/micro_ros_arduino/examples/micro-ros_publisher_wifi) by extension 'ignore_ament_install'
[0.106s] Level 1:colcon.colcon_core.package_identification:_identify(libraries/micro_ros_arduino/examples/micro-ros_publisher_wifi) by extensions ['colcon_pkg']
[0.106s] Level 1:colcon.colcon_core.package_identification:_identify(libraries/micro_ros_arduino/examples/micro-ros_publisher_wifi) by extension 'colcon_pkg'
[0.106s] Level 1:colcon.colcon_core.package_identification:_identify(libraries/micro_ros_arduino/examples/micro-ros_publisher_wifi) by extensions ['colcon_meta']
[0.106s] Level 1:colcon.colcon_core.package_identification:_identify(libraries/micro_ros_arduino/examples/micro-ros_publisher_wifi) by extension 'colcon_meta'
[0.106s] Level 1:colcon.colcon_core.package_identification:_identify(libraries/micro_ros_arduino/examples/micro-ros_publisher_wifi) by extensions ['ros']
[0.106s] Level 1:colcon.colcon_core.package_identification:_identify(libraries/micro_ros_arduino/examples/micro-ros_publisher_wifi) by extension 'ros'
[0.106s] Level 1:colcon.colcon_core.package_identification:_identify(libraries/micro_ros_arduino/examples/micro-ros_publisher_wifi) by extensions ['cmake', 'python']
[0.106s] Level 1:colcon.colcon_core.package_identification:_identify(libraries/micro_ros_arduino/examples/micro-ros_publisher_wifi) by extension 'cmake'
[0.106s] Level 1:colcon.colcon_core.package_identification:_identify(libraries/micro_ros_arduino/examples/micro-ros_publisher_wifi) by extension 'python'
[0.106s] Level 1:colcon.colcon_core.package_identification:_identify(libraries/micro_ros_arduino/examples/micro-ros_publisher_wifi) by extensions ['python_setup_py']
[0.106s] Level 1:colcon.colcon_core.package_identification:_identify(libraries/micro_ros_arduino/examples/micro-ros_publisher_wifi) by extension 'python_setup_py'
[0.106s] Level 1:colcon.colcon_core.package_identification:_identify(libraries/micro_ros_arduino/examples/micro-ros_publisher_wifi_at) by extensions ['ignore', 'ignore_ament_install']
[0.106s] Level 1:colcon.colcon_core.package_identification:_identify(libraries/micro_ros_arduino/examples/micro-ros_publisher_wifi_at) by extension 'ignore'
[0.106s] Level 1:colcon.colcon_core.package_identification:_identify(libraries/micro_ros_arduino/examples/micro-ros_publisher_wifi_at) by extension 'ignore_ament_install'
[0.106s] Level 1:colcon.colcon_core.package_identification:_identify(libraries/micro_ros_arduino/examples/micro-ros_publisher_wifi_at) by extensions ['colcon_pkg']
[0.106s] Level 1:colcon.colcon_core.package_identification:_identify(libraries/micro_ros_arduino/examples/micro-ros_publisher_wifi_at) by extension 'colcon_pkg'
[0.106s] Level 1:colcon.colcon_core.package_identification:_identify(libraries/micro_ros_arduino/examples/micro-ros_publisher_wifi_at) by extensions ['colcon_meta']
[0.106s] Level 1:colcon.colcon_core.package_identification:_identify(libraries/micro_ros_arduino/examples/micro-ros_publisher_wifi_at) by extension 'colcon_meta'
[0.106s] Level 1:colcon.colcon_core.package_identification:_identify(libraries/micro_ros_arduino/examples/micro-ros_publisher_wifi_at) by extensions ['ros']
[0.106s] Level 1:colcon.colcon_core.package_identification:_identify(libraries/micro_ros_arduino/examples/micro-ros_publisher_wifi_at) by extension 'ros'
[0.106s] Level 1:colcon.colcon_core.package_identification:_identify(libraries/micro_ros_arduino/examples/micro-ros_publisher_wifi_at) by extensions ['cmake', 'python']
[0.106s] Level 1:colcon.colcon_core.package_identification:_identify(libraries/micro_ros_arduino/examples/micro-ros_publisher_wifi_at) by extension 'cmake'
[0.106s] Level 1:colcon.colcon_core.package_identification:_identify(libraries/micro_ros_arduino/examples/micro-ros_publisher_wifi_at) by extension 'python'
[0.106s] Level 1:colcon.colcon_core.package_identification:_identify(libraries/micro_ros_arduino/examples/micro-ros_publisher_wifi_at) by extensions ['python_setup_py']
[0.106s] Level 1:colcon.colcon_core.package_identification:_identify(libraries/micro_ros_arduino/examples/micro-ros_publisher_wifi_at) by extension 'python_setup_py'
[0.106s] Level 1:colcon.colcon_core.package_identification:_identify(libraries/micro_ros_arduino/examples/micro-ros_reconnection_example) by extensions ['ignore', 'ignore_ament_install']
[0.106s] Level 1:colcon.colcon_core.package_identification:_identify(libraries/micro_ros_arduino/examples/micro-ros_reconnection_example) by extension 'ignore'
[0.106s] Level 1:colcon.colcon_core.package_identification:_identify(libraries/micro_ros_arduino/examples/micro-ros_reconnection_example) by extension 'ignore_ament_install'
[0.106s] Level 1:colcon.colcon_core.package_identification:_identify(libraries/micro_ros_arduino/examples/micro-ros_reconnection_example) by extensions ['colcon_pkg']
[0.106s] Level 1:colcon.colcon_core.package_identification:_identify(libraries/micro_ros_arduino/examples/micro-ros_reconnection_example) by extension 'colcon_pkg'
[0.106s] Level 1:colcon.colcon_core.package_identification:_identify(libraries/micro_ros_arduino/examples/micro-ros_reconnection_example) by extensions ['colcon_meta']
[0.107s] Level 1:colcon.colcon_core.package_identification:_identify(libraries/micro_ros_arduino/examples/micro-ros_reconnection_example) by extension 'colcon_meta'
[0.107s] Level 1:colcon.colcon_core.package_identification:_identify(libraries/micro_ros_arduino/examples/micro-ros_reconnection_example) by extensions ['ros']
[0.107s] Level 1:colcon.colcon_core.package_identification:_identify(libraries/micro_ros_arduino/examples/micro-ros_reconnection_example) by extension 'ros'
[0.107s] Level 1:colcon.colcon_core.package_identification:_identify(libraries/micro_ros_arduino/examples/micro-ros_reconnection_example) by extensions ['cmake', 'python']
[0.107s] Level 1:colcon.colcon_core.package_identification:_identify(libraries/micro_ros_arduino/examples/micro-ros_reconnection_example) by extension 'cmake'
[0.107s] Level 1:colcon.colcon_core.package_identification:_identify(libraries/micro_ros_arduino/examples/micro-ros_reconnection_example) by extension 'python'
[0.107s] Level 1:colcon.colcon_core.package_identification:_identify(libraries/micro_ros_arduino/examples/micro-ros_reconnection_example) by extensions ['python_setup_py']
[0.107s] Level 1:colcon.colcon_core.package_identification:_identify(libraries/micro_ros_arduino/examples/micro-ros_reconnection_example) by extension 'python_setup_py'
[0.107s] Level 1:colcon.colcon_core.package_identification:_identify(libraries/micro_ros_arduino/examples/micro-ros_subscriber) by extensions ['ignore', 'ignore_ament_install']
[0.107s] Level 1:colcon.colcon_core.package_identification:_identify(libraries/micro_ros_arduino/examples/micro-ros_subscriber) by extension 'ignore'
[0.107s] Level 1:colcon.colcon_core.package_identification:_identify(libraries/micro_ros_arduino/examples/micro-ros_subscriber) by extension 'ignore_ament_install'
[0.107s] Level 1:colcon.colcon_core.package_identification:_identify(libraries/micro_ros_arduino/examples/micro-ros_subscriber) by extensions ['colcon_pkg']
[0.107s] Level 1:colcon.colcon_core.package_identification:_identify(libraries/micro_ros_arduino/examples/micro-ros_subscriber) by extension 'colcon_pkg'
[0.107s] Level 1:colcon.colcon_core.package_identification:_identify(libraries/micro_ros_arduino/examples/micro-ros_subscriber) by extensions ['colcon_meta']
[0.107s] Level 1:colcon.colcon_core.package_identification:_identify(libraries/micro_ros_arduino/examples/micro-ros_subscriber) by extension 'colcon_meta'
[0.107s] Level 1:colcon.colcon_core.package_identification:_identify(libraries/micro_ros_arduino/examples/micro-ros_subscriber) by extensions ['ros']
[0.107s] Level 1:colcon.colcon_core.package_identification:_identify(libraries/micro_ros_arduino/examples/micro-ros_subscriber) by extension 'ros'
[0.107s] Level 1:colcon.colcon_core.package_identification:_identify(libraries/micro_ros_arduino/examples/micro-ros_subscriber) by extensions ['cmake', 'python']
[0.107s] Level 1:colcon.colcon_core.package_identification:_identify(libraries/micro_ros_arduino/examples/micro-ros_subscriber) by extension 'cmake'
[0.107s] Level 1:colcon.colcon_core.package_identification:_identify(libraries/micro_ros_arduino/examples/micro-ros_subscriber) by extension 'python'
[0.107s] Level 1:colcon.colcon_core.package_identification:_identify(libraries/micro_ros_arduino/examples/micro-ros_subscriber) by extensions ['python_setup_py']
[0.107s] Level 1:colcon.colcon_core.package_identification:_identify(libraries/micro_ros_arduino/examples/micro-ros_subscriber) by extension 'python_setup_py'
[0.107s] Level 1:colcon.colcon_core.package_identification:_identify(libraries/micro_ros_arduino/examples/micro-ros_subscriber_twist) by extensions ['ignore', 'ignore_ament_install']
[0.107s] Level 1:colcon.colcon_core.package_identification:_identify(libraries/micro_ros_arduino/examples/micro-ros_subscriber_twist) by extension 'ignore'
[0.107s] Level 1:colcon.colcon_core.package_identification:_identify(libraries/micro_ros_arduino/examples/micro-ros_subscriber_twist) by extension 'ignore_ament_install'
[0.107s] Level 1:colcon.colcon_core.package_identification:_identify(libraries/micro_ros_arduino/examples/micro-ros_subscriber_twist) by extensions ['colcon_pkg']
[0.107s] Level 1:colcon.colcon_core.package_identification:_identify(libraries/micro_ros_arduino/examples/micro-ros_subscriber_twist) by extension 'colcon_pkg'
[0.107s] Level 1:colcon.colcon_core.package_identification:_identify(libraries/micro_ros_arduino/examples/micro-ros_subscriber_twist) by extensions ['colcon_meta']
[0.107s] Level 1:colcon.colcon_core.package_identification:_identify(libraries/micro_ros_arduino/examples/micro-ros_subscriber_twist) by extension 'colcon_meta'
[0.107s] Level 1:colcon.colcon_core.package_identification:_identify(libraries/micro_ros_arduino/examples/micro-ros_subscriber_twist) by extensions ['ros']
[0.107s] Level 1:colcon.colcon_core.package_identification:_identify(libraries/micro_ros_arduino/examples/micro-ros_subscriber_twist) by extension 'ros'
[0.107s] Level 1:colcon.colcon_core.package_identification:_identify(libraries/micro_ros_arduino/examples/micro-ros_subscriber_twist) by extensions ['cmake', 'python']
[0.107s] Level 1:colcon.colcon_core.package_identification:_identify(libraries/micro_ros_arduino/examples/micro-ros_subscriber_twist) by extension 'cmake'
[0.107s] Level 1:colcon.colcon_core.package_identification:_identify(libraries/micro_ros_arduino/examples/micro-ros_subscriber_twist) by extension 'python'
[0.107s] Level 1:colcon.colcon_core.package_identification:_identify(libraries/micro_ros_arduino/examples/micro-ros_subscriber_twist) by extensions ['python_setup_py']
[0.107s] Level 1:colcon.colcon_core.package_identification:_identify(libraries/micro_ros_arduino/examples/micro-ros_subscriber_twist) by extension 'python_setup_py'
[0.107s] Level 1:colcon.colcon_core.package_identification:_identify(libraries/micro_ros_arduino/examples/micro-ros_tf_publisher) by extensions ['ignore', 'ignore_ament_install']
[0.107s] Level 1:colcon.colcon_core.package_identification:_identify(libraries/micro_ros_arduino/examples/micro-ros_tf_publisher) by extension 'ignore'
[0.107s] Level 1:colcon.colcon_core.package_identification:_identify(libraries/micro_ros_arduino/examples/micro-ros_tf_publisher) by extension 'ignore_ament_install'
[0.107s] Level 1:colcon.colcon_core.package_identification:_identify(libraries/micro_ros_arduino/examples/micro-ros_tf_publisher) by extensions ['colcon_pkg']
[0.107s] Level 1:colcon.colcon_core.package_identification:_identify(libraries/micro_ros_arduino/examples/micro-ros_tf_publisher) by extension 'colcon_pkg'
[0.107s] Level 1:colcon.colcon_core.package_identification:_identify(libraries/micro_ros_arduino/examples/micro-ros_tf_publisher) by extensions ['colcon_meta']
[0.107s] Level 1:colcon.colcon_core.package_identification:_identify(libraries/micro_ros_arduino/examples/micro-ros_tf_publisher) by extension 'colcon_meta'
[0.107s] Level 1:colcon.colcon_core.package_identification:_identify(libraries/micro_ros_arduino/examples/micro-ros_tf_publisher) by extensions ['ros']
[0.107s] Level 1:colcon.colcon_core.package_identification:_identify(libraries/micro_ros_arduino/examples/micro-ros_tf_publisher) by extension 'ros'
[0.107s] Level 1:colcon.colcon_core.package_identification:_identify(libraries/micro_ros_arduino/examples/micro-ros_tf_publisher) by extensions ['cmake', 'python']
[0.107s] Level 1:colcon.colcon_core.package_identification:_identify(libraries/micro_ros_arduino/examples/micro-ros_tf_publisher) by extension 'cmake'
[0.107s] Level 1:colcon.colcon_core.package_identification:_identify(libraries/micro_ros_arduino/examples/micro-ros_tf_publisher) by extension 'python'
[0.107s] Level 1:colcon.colcon_core.package_identification:_identify(libraries/micro_ros_arduino/examples/micro-ros_tf_publisher) by extensions ['python_setup_py']
[0.107s] Level 1:colcon.colcon_core.package_identification:_identify(libraries/micro_ros_arduino/examples/micro-ros_tf_publisher) by extension 'python_setup_py'
[0.107s] Level 1:colcon.colcon_core.package_identification:_identify(libraries/micro_ros_arduino/examples/micro-ros_time_sync) by extensions ['ignore', 'ignore_ament_install']
[0.108s] Level 1:colcon.colcon_core.package_identification:_identify(libraries/micro_ros_arduino/examples/micro-ros_time_sync) by extension 'ignore'
[0.108s] Level 1:colcon.colcon_core.package_identification:_identify(libraries/micro_ros_arduino/examples/micro-ros_time_sync) by extension 'ignore_ament_install'
[0.108s] Level 1:colcon.colcon_core.package_identification:_identify(libraries/micro_ros_arduino/examples/micro-ros_time_sync) by extensions ['colcon_pkg']
[0.108s] Level 1:colcon.colcon_core.package_identification:_identify(libraries/micro_ros_arduino/examples/micro-ros_time_sync) by extension 'colcon_pkg'
[0.108s] Level 1:colcon.colcon_core.package_identification:_identify(libraries/micro_ros_arduino/examples/micro-ros_time_sync) by extensions ['colcon_meta']
[0.108s] Level 1:colcon.colcon_core.package_identification:_identify(libraries/micro_ros_arduino/examples/micro-ros_time_sync) by extension 'colcon_meta'
[0.108s] Level 1:colcon.colcon_core.package_identification:_identify(libraries/micro_ros_arduino/examples/micro-ros_time_sync) by extensions ['ros']
[0.108s] Level 1:colcon.colcon_core.package_identification:_identify(libraries/micro_ros_arduino/examples/micro-ros_time_sync) by extension 'ros'
[0.108s] Level 1:colcon.colcon_core.package_identification:_identify(libraries/micro_ros_arduino/examples/micro-ros_time_sync) by extensions ['cmake', 'python']
[0.108s] Level 1:colcon.colcon_core.package_identification:_identify(libraries/micro_ros_arduino/examples/micro-ros_time_sync) by extension 'cmake'
[0.108s] Level 1:colcon.colcon_core.package_identification:_identify(libraries/micro_ros_arduino/examples/micro-ros_time_sync) by extension 'python'
[0.108s] Level 1:colcon.colcon_core.package_identification:_identify(libraries/micro_ros_arduino/examples/micro-ros_time_sync) by extensions ['python_setup_py']
[0.108s] Level 1:colcon.colcon_core.package_identification:_identify(libraries/micro_ros_arduino/examples/micro-ros_time_sync) by extension 'python_setup_py'
[0.108s] Level 1:colcon.colcon_core.package_identification:_identify(libraries/micro_ros_arduino/examples/micro-ros_types_handling) by extensions ['ignore', 'ignore_ament_install']
[0.108s] Level 1:colcon.colcon_core.package_identification:_identify(libraries/micro_ros_arduino/examples/micro-ros_types_handling) by extension 'ignore'
[0.108s] Level 1:colcon.colcon_core.package_identification:_identify(libraries/micro_ros_arduino/examples/micro-ros_types_handling) by extension 'ignore_ament_install'
[0.108s] Level 1:colcon.colcon_core.package_identification:_identify(libraries/micro_ros_arduino/examples/micro-ros_types_handling) by extensions ['colcon_pkg']
[0.108s] Level 1:colcon.colcon_core.package_identification:_identify(libraries/micro_ros_arduino/examples/micro-ros_types_handling) by extension 'colcon_pkg'
[0.108s] Level 1:colcon.colcon_core.package_identification:_identify(libraries/micro_ros_arduino/examples/micro-ros_types_handling) by extensions ['colcon_meta']
[0.108s] Level 1:colcon.colcon_core.package_identification:_identify(libraries/micro_ros_arduino/examples/micro-ros_types_handling) by extension 'colcon_meta'
[0.108s] Level 1:colcon.colcon_core.package_identification:_identify(libraries/micro_ros_arduino/examples/micro-ros_types_handling) by extensions ['ros']
[0.108s] Level 1:colcon.colcon_core.package_identification:_identify(libraries/micro_ros_arduino/examples/micro-ros_types_handling) by extension 'ros'
[0.108s] Level 1:colcon.colcon_core.package_identification:_identify(libraries/micro_ros_arduino/examples/micro-ros_types_handling) by extensions ['cmake', 'python']
[0.108s] Level 1:colcon.colcon_core.package_identification:_identify(libraries/micro_ros_arduino/examples/micro-ros_types_handling) by extension 'cmake'
[0.108s] Level 1:colcon.colcon_core.package_identification:_identify(libraries/micro_ros_arduino/examples/micro-ros_types_handling) by extension 'python'
[0.108s] Level 1:colcon.colcon_core.package_identification:_identify(libraries/micro_ros_arduino/examples/micro-ros_types_handling) by extensions ['python_setup_py']
[0.108s] Level 1:colcon.colcon_core.package_identification:_identify(libraries/micro_ros_arduino/examples/micro-ros_types_handling) by extension 'python_setup_py'
[0.108s] Level 1:colcon.colcon_core.package_identification:_identify(libraries/micro_ros_arduino/extras) by extensions ['ignore', 'ignore_ament_install']
[0.108s] Level 1:colcon.colcon_core.package_identification:_identify(libraries/micro_ros_arduino/extras) by extension 'ignore'
[0.108s] Level 1:colcon.colcon_core.package_identification:_identify(libraries/micro_ros_arduino/extras) by extension 'ignore_ament_install'
[0.108s] Level 1:colcon.colcon_core.package_identification:_identify(libraries/micro_ros_arduino/extras) by extensions ['colcon_pkg']
[0.108s] Level 1:colcon.colcon_core.package_identification:_identify(libraries/micro_ros_arduino/extras) by extension 'colcon_pkg'
[0.108s] Level 1:colcon.colcon_core.package_identification:_identify(libraries/micro_ros_arduino/extras) by extensions ['colcon_meta']
[0.108s] Level 1:colcon.colcon_core.package_identification:_identify(libraries/micro_ros_arduino/extras) by extension 'colcon_meta'
[0.108s] Level 1:colcon.colcon_core.package_identification:_identify(libraries/micro_ros_arduino/extras) by extensions ['ros']
[0.108s] Level 1:colcon.colcon_core.package_identification:_identify(libraries/micro_ros_arduino/extras) by extension 'ros'
[0.108s] Level 1:colcon.colcon_core.package_identification:_identify(libraries/micro_ros_arduino/extras) by extensions ['cmake', 'python']
[0.108s] Level 1:colcon.colcon_core.package_identification:_identify(libraries/micro_ros_arduino/extras) by extension 'cmake'
[0.108s] Level 1:colcon.colcon_core.package_identification:_identify(libraries/micro_ros_arduino/extras) by extension 'python'
[0.108s] Level 1:colcon.colcon_core.package_identification:_identify(libraries/micro_ros_arduino/extras) by extensions ['python_setup_py']
[0.108s] Level 1:colcon.colcon_core.package_identification:_identify(libraries/micro_ros_arduino/extras) by extension 'python_setup_py'
[0.108s] Level 1:colcon.colcon_core.package_identification:_identify(libraries/micro_ros_arduino/extras/library_generation) by extensions ['ignore', 'ignore_ament_install']
[0.108s] Level 1:colcon.colcon_core.package_identification:_identify(libraries/micro_ros_arduino/extras/library_generation) by extension 'ignore'
[0.108s] Level 1:colcon.colcon_core.package_identification:_identify(libraries/micro_ros_arduino/extras/library_generation) by extension 'ignore_ament_install'
[0.108s] Level 1:colcon.colcon_core.package_identification:_identify(libraries/micro_ros_arduino/extras/library_generation) by extensions ['colcon_pkg']
[0.108s] Level 1:colcon.colcon_core.package_identification:_identify(libraries/micro_ros_arduino/extras/library_generation) by extension 'colcon_pkg'
[0.108s] Level 1:colcon.colcon_core.package_identification:_identify(libraries/micro_ros_arduino/extras/library_generation) by extensions ['colcon_meta']
[0.108s] Level 1:colcon.colcon_core.package_identification:_identify(libraries/micro_ros_arduino/extras/library_generation) by extension 'colcon_meta'
[0.108s] Level 1:colcon.colcon_core.package_identification:_identify(libraries/micro_ros_arduino/extras/library_generation) by extensions ['ros']
[0.109s] Level 1:colcon.colcon_core.package_identification:_identify(libraries/micro_ros_arduino/extras/library_generation) by extension 'ros'
[0.109s] Level 1:colcon.colcon_core.package_identification:_identify(libraries/micro_ros_arduino/extras/library_generation) by extensions ['cmake', 'python']
[0.109s] Level 1:colcon.colcon_core.package_identification:_identify(libraries/micro_ros_arduino/extras/library_generation) by extension 'cmake'
[0.109s] Level 1:colcon.colcon_core.package_identification:_identify(libraries/micro_ros_arduino/extras/library_generation) by extension 'python'
[0.109s] Level 1:colcon.colcon_core.package_identification:_identify(libraries/micro_ros_arduino/extras/library_generation) by extensions ['python_setup_py']
[0.109s] Level 1:colcon.colcon_core.package_identification:_identify(libraries/micro_ros_arduino/extras/library_generation) by extension 'python_setup_py'
[0.109s] Level 1:colcon.colcon_core.package_identification:_identify(libraries/micro_ros_arduino/extras/library_generation/extra_packages) by extensions ['ignore', 'ignore_ament_install']
[0.109s] Level 1:colcon.colcon_core.package_identification:_identify(libraries/micro_ros_arduino/extras/library_generation/extra_packages) by extension 'ignore'
[0.109s] Level 1:colcon.colcon_core.package_identification:_identify(libraries/micro_ros_arduino/extras/library_generation/extra_packages) by extension 'ignore_ament_install'
[0.109s] Level 1:colcon.colcon_core.package_identification:_identify(libraries/micro_ros_arduino/extras/library_generation/extra_packages) by extensions ['colcon_pkg']
[0.109s] Level 1:colcon.colcon_core.package_identification:_identify(libraries/micro_ros_arduino/extras/library_generation/extra_packages) by extension 'colcon_pkg'
[0.109s] Level 1:colcon.colcon_core.package_identification:_identify(libraries/micro_ros_arduino/extras/library_generation/extra_packages) by extensions ['colcon_meta']
[0.109s] Level 1:colcon.colcon_core.package_identification:_identify(libraries/micro_ros_arduino/extras/library_generation/extra_packages) by extension 'colcon_meta'
[0.109s] Level 1:colcon.colcon_core.package_identification:_identify(libraries/micro_ros_arduino/extras/library_generation/extra_packages) by extensions ['ros']
[0.109s] Level 1:colcon.colcon_core.package_identification:_identify(libraries/micro_ros_arduino/extras/library_generation/extra_packages) by extension 'ros'
[0.109s] Level 1:colcon.colcon_core.package_identification:_identify(libraries/micro_ros_arduino/extras/library_generation/extra_packages) by extensions ['cmake', 'python']
[0.109s] Level 1:colcon.colcon_core.package_identification:_identify(libraries/micro_ros_arduino/extras/library_generation/extra_packages) by extension 'cmake'
[0.109s] Level 1:colcon.colcon_core.package_identification:_identify(libraries/micro_ros_arduino/extras/library_generation/extra_packages) by extension 'python'
[0.109s] Level 1:colcon.colcon_core.package_identification:_identify(libraries/micro_ros_arduino/extras/library_generation/extra_packages) by extensions ['python_setup_py']
[0.109s] Level 1:colcon.colcon_core.package_identification:_identify(libraries/micro_ros_arduino/extras/library_generation/extra_packages) by extension 'python_setup_py'
[0.109s] Level 1:colcon.colcon_core.package_identification:_identify(libraries/micro_ros_arduino/extras/patching_boards) by extensions ['ignore', 'ignore_ament_install']
[0.109s] Level 1:colcon.colcon_core.package_identification:_identify(libraries/micro_ros_arduino/extras/patching_boards) by extension 'ignore'
[0.109s] Level 1:colcon.colcon_core.package_identification:_identify(libraries/micro_ros_arduino/extras/patching_boards) by extension 'ignore_ament_install'
[0.109s] Level 1:colcon.colcon_core.package_identification:_identify(libraries/micro_ros_arduino/extras/patching_boards) by extensions ['colcon_pkg']
[0.109s] Level 1:colcon.colcon_core.package_identification:_identify(libraries/micro_ros_arduino/extras/patching_boards) by extension 'colcon_pkg'
[0.109s] Level 1:colcon.colcon_core.package_identification:_identify(libraries/micro_ros_arduino/extras/patching_boards) by extensions ['colcon_meta']
[0.109s] Level 1:colcon.colcon_core.package_identification:_identify(libraries/micro_ros_arduino/extras/patching_boards) by extension 'colcon_meta'
[0.109s] Level 1:colcon.colcon_core.package_identification:_identify(libraries/micro_ros_arduino/extras/patching_boards) by extensions ['ros']
[0.109s] Level 1:colcon.colcon_core.package_identification:_identify(libraries/micro_ros_arduino/extras/patching_boards) by extension 'ros'
[0.109s] Level 1:colcon.colcon_core.package_identification:_identify(libraries/micro_ros_arduino/extras/patching_boards) by extensions ['cmake', 'python']
[0.109s] Level 1:colcon.colcon_core.package_identification:_identify(libraries/micro_ros_arduino/extras/patching_boards) by extension 'cmake'
[0.109s] Level 1:colcon.colcon_core.package_identification:_identify(libraries/micro_ros_arduino/extras/patching_boards) by extension 'python'
[0.109s] Level 1:colcon.colcon_core.package_identification:_identify(libraries/micro_ros_arduino/extras/patching_boards) by extensions ['python_setup_py']
[0.109s] Level 1:colcon.colcon_core.package_identification:_identify(libraries/micro_ros_arduino/extras/patching_boards) by extension 'python_setup_py'
[0.109s] Level 1:colcon.colcon_core.package_identification:_identify(libraries/micro_ros_arduino/src) by extensions ['ignore', 'ignore_ament_install']
[0.110s] Level 1:colcon.colcon_core.package_identification:_identify(libraries/micro_ros_arduino/src) by extension 'ignore'
[0.110s] Level 1:colcon.colcon_core.package_identification:_identify(libraries/micro_ros_arduino/src) by extension 'ignore_ament_install'
[0.110s] Level 1:colcon.colcon_core.package_identification:_identify(libraries/micro_ros_arduino/src) by extensions ['colcon_pkg']
[0.110s] Level 1:colcon.colcon_core.package_identification:_identify(libraries/micro_ros_arduino/src) by extension 'colcon_pkg'
[0.110s] Level 1:colcon.colcon_core.package_identification:_identify(libraries/micro_ros_arduino/src) by extensions ['colcon_meta']
[0.110s] Level 1:colcon.colcon_core.package_identification:_identify(libraries/micro_ros_arduino/src) by extension 'colcon_meta'
[0.110s] Level 1:colcon.colcon_core.package_identification:_identify(libraries/micro_ros_arduino/src) by extensions ['ros']
[0.110s] Level 1:colcon.colcon_core.package_identification:_identify(libraries/micro_ros_arduino/src) by extension 'ros'
[0.110s] Level 1:colcon.colcon_core.package_identification:_identify(libraries/micro_ros_arduino/src) by extensions ['cmake', 'python']
[0.110s] Level 1:colcon.colcon_core.package_identification:_identify(libraries/micro_ros_arduino/src) by extension 'cmake'
[0.110s] Level 1:colcon.colcon_core.package_identification:_identify(libraries/micro_ros_arduino/src) by extension 'python'
[0.110s] Level 1:colcon.colcon_core.package_identification:_identify(libraries/micro_ros_arduino/src) by extensions ['python_setup_py']
[0.110s] Level 1:colcon.colcon_core.package_identification:_identify(libraries/micro_ros_arduino/src) by extension 'python_setup_py'
[0.110s] Level 1:colcon.colcon_core.package_identification:_identify(libraries/micro_ros_arduino/src/action_msgs) by extensions ['ignore', 'ignore_ament_install']
[0.110s] Level 1:colcon.colcon_core.package_identification:_identify(libraries/micro_ros_arduino/src/action_msgs) by extension 'ignore'
[0.110s] Level 1:colcon.colcon_core.package_identification:_identify(libraries/micro_ros_arduino/src/action_msgs) by extension 'ignore_ament_install'
[0.110s] Level 1:colcon.colcon_core.package_identification:_identify(libraries/micro_ros_arduino/src/action_msgs) by extensions ['colcon_pkg']
[0.110s] Level 1:colcon.colcon_core.package_identification:_identify(libraries/micro_ros_arduino/src/action_msgs) by extension 'colcon_pkg'
[0.110s] Level 1:colcon.colcon_core.package_identification:_identify(libraries/micro_ros_arduino/src/action_msgs) by extensions ['colcon_meta']
[0.110s] Level 1:colcon.colcon_core.package_identification:_identify(libraries/micro_ros_arduino/src/action_msgs) by extension 'colcon_meta'
[0.110s] Level 1:colcon.colcon_core.package_identification:_identify(libraries/micro_ros_arduino/src/action_msgs) by extensions ['ros']
[0.110s] Level 1:colcon.colcon_core.package_identification:_identify(libraries/micro_ros_arduino/src/action_msgs) by extension 'ros'
[0.110s] Level 1:colcon.colcon_core.package_identification:_identify(libraries/micro_ros_arduino/src/action_msgs) by extensions ['cmake', 'python']
[0.110s] Level 1:colcon.colcon_core.package_identification:_identify(libraries/micro_ros_arduino/src/action_msgs) by extension 'cmake'
[0.110s] Level 1:colcon.colcon_core.package_identification:_identify(libraries/micro_ros_arduino/src/action_msgs) by extension 'python'
[0.110s] Level 1:colcon.colcon_core.package_identification:_identify(libraries/micro_ros_arduino/src/action_msgs) by extensions ['python_setup_py']
[0.110s] Level 1:colcon.colcon_core.package_identification:_identify(libraries/micro_ros_arduino/src/action_msgs) by extension 'python_setup_py'
[0.110s] Level 1:colcon.colcon_core.package_identification:_identify(libraries/micro_ros_arduino/src/action_msgs/msg) by extensions ['ignore', 'ignore_ament_install']
[0.110s] Level 1:colcon.colcon_core.package_identification:_identify(libraries/micro_ros_arduino/src/action_msgs/msg) by extension 'ignore'
[0.111s] Level 1:colcon.colcon_core.package_identification:_identify(libraries/micro_ros_arduino/src/action_msgs/msg) by extension 'ignore_ament_install'
[0.111s] Level 1:colcon.colcon_core.package_identification:_identify(libraries/micro_ros_arduino/src/action_msgs/msg) by extensions ['colcon_pkg']
[0.111s] Level 1:colcon.colcon_core.package_identification:_identify(libraries/micro_ros_arduino/src/action_msgs/msg) by extension 'colcon_pkg'
[0.111s] Level 1:colcon.colcon_core.package_identification:_identify(libraries/micro_ros_arduino/src/action_msgs/msg) by extensions ['colcon_meta']
[0.111s] Level 1:colcon.colcon_core.package_identification:_identify(libraries/micro_ros_arduino/src/action_msgs/msg) by extension 'colcon_meta'
[0.111s] Level 1:colcon.colcon_core.package_identification:_identify(libraries/micro_ros_arduino/src/action_msgs/msg) by extensions ['ros']
[0.111s] Level 1:colcon.colcon_core.package_identification:_identify(libraries/micro_ros_arduino/src/action_msgs/msg) by extension 'ros'
[0.111s] Level 1:colcon.colcon_core.package_identification:_identify(libraries/micro_ros_arduino/src/action_msgs/msg) by extensions ['cmake', 'python']
[0.111s] Level 1:colcon.colcon_core.package_identification:_identify(libraries/micro_ros_arduino/src/action_msgs/msg) by extension 'cmake'
[0.111s] Level 1:colcon.colcon_core.package_identification:_identify(libraries/micro_ros_arduino/src/action_msgs/msg) by extension 'python'
[0.111s] Level 1:colcon.colcon_core.package_identification:_identify(libraries/micro_ros_arduino/src/action_msgs/msg) by extensions ['python_setup_py']
[0.111s] Level 1:colcon.colcon_core.package_identification:_identify(libraries/micro_ros_arduino/src/action_msgs/msg) by extension 'python_setup_py'
[0.111s] Level 1:colcon.colcon_core.package_identification:_identify(libraries/micro_ros_arduino/src/action_msgs/msg/detail) by extensions ['ignore', 'ignore_ament_install']
[0.111s] Level 1:colcon.colcon_core.package_identification:_identify(libraries/micro_ros_arduino/src/action_msgs/msg/detail) by extension 'ignore'
[0.111s] Level 1:colcon.colcon_core.package_identification:_identify(libraries/micro_ros_arduino/src/action_msgs/msg/detail) by extension 'ignore_ament_install'
[0.111s] Level 1:colcon.colcon_core.package_identification:_identify(libraries/micro_ros_arduino/src/action_msgs/msg/detail) by extensions ['colcon_pkg']
[0.111s] Level 1:colcon.colcon_core.package_identification:_identify(libraries/micro_ros_arduino/src/action_msgs/msg/detail) by extension 'colcon_pkg'
[0.111s] Level 1:colcon.colcon_core.package_identification:_identify(libraries/micro_ros_arduino/src/action_msgs/msg/detail) by extensions ['colcon_meta']
[0.111s] Level 1:colcon.colcon_core.package_identification:_identify(libraries/micro_ros_arduino/src/action_msgs/msg/detail) by extension 'colcon_meta'
[0.111s] Level 1:colcon.colcon_core.package_identification:_identify(libraries/micro_ros_arduino/src/action_msgs/msg/detail) by extensions ['ros']
[0.111s] Level 1:colcon.colcon_core.package_identification:_identify(libraries/micro_ros_arduino/src/action_msgs/msg/detail) by extension 'ros'
[0.111s] Level 1:colcon.colcon_core.package_identification:_identify(libraries/micro_ros_arduino/src/action_msgs/msg/detail) by extensions ['cmake', 'python']
[0.111s] Level 1:colcon.colcon_core.package_identification:_identify(libraries/micro_ros_arduino/src/action_msgs/msg/detail) by extension 'cmake'
[0.111s] Level 1:colcon.colcon_core.package_identification:_identify(libraries/micro_ros_arduino/src/action_msgs/msg/detail) by extension 'python'
[0.111s] Level 1:colcon.colcon_core.package_identification:_identify(libraries/micro_ros_arduino/src/action_msgs/msg/detail) by extensions ['python_setup_py']
[0.111s] Level 1:colcon.colcon_core.package_identification:_identify(libraries/micro_ros_arduino/src/action_msgs/msg/detail) by extension 'python_setup_py'
[0.111s] Level 1:colcon.colcon_core.package_identification:_identify(libraries/micro_ros_arduino/src/action_msgs/srv) by extensions ['ignore', 'ignore_ament_install']
[0.111s] Level 1:colcon.colcon_core.package_identification:_identify(libraries/micro_ros_arduino/src/action_msgs/srv) by extension 'ignore'
[0.111s] Level 1:colcon.colcon_core.package_identification:_identify(libraries/micro_ros_arduino/src/action_msgs/srv) by extension 'ignore_ament_install'
[0.111s] Level 1:colcon.colcon_core.package_identification:_identify(libraries/micro_ros_arduino/src/action_msgs/srv) by extensions ['colcon_pkg']
[0.111s] Level 1:colcon.colcon_core.package_identification:_identify(libraries/micro_ros_arduino/src/action_msgs/srv) by extension 'colcon_pkg'
[0.111s] Level 1:colcon.colcon_core.package_identification:_identify(libraries/micro_ros_arduino/src/action_msgs/srv) by extensions ['colcon_meta']
[0.111s] Level 1:colcon.colcon_core.package_identification:_identify(libraries/micro_ros_arduino/src/action_msgs/srv) by extension 'colcon_meta'
[0.111s] Level 1:colcon.colcon_core.package_identification:_identify(libraries/micro_ros_arduino/src/action_msgs/srv) by extensions ['ros']
[0.111s] Level 1:colcon.colcon_core.package_identification:_identify(libraries/micro_ros_arduino/src/action_msgs/srv) by extension 'ros'
[0.111s] Level 1:colcon.colcon_core.package_identification:_identify(libraries/micro_ros_arduino/src/action_msgs/srv) by extensions ['cmake', 'python']
[0.111s] Level 1:colcon.colcon_core.package_identification:_identify(libraries/micro_ros_arduino/src/action_msgs/srv) by extension 'cmake'
[0.111s] Level 1:colcon.colcon_core.package_identification:_identify(libraries/micro_ros_arduino/src/action_msgs/srv) by extension 'python'
[0.111s] Level 1:colcon.colcon_core.package_identification:_identify(libraries/micro_ros_arduino/src/action_msgs/srv) by extensions ['python_setup_py']
[0.111s] Level 1:colcon.colcon_core.package_identification:_identify(libraries/micro_ros_arduino/src/action_msgs/srv) by extension 'python_setup_py'
[0.111s] Level 1:colcon.colcon_core.package_identification:_identify(libraries/micro_ros_arduino/src/action_msgs/srv/detail) by extensions ['ignore', 'ignore_ament_install']
[0.111s] Level 1:colcon.colcon_core.package_identification:_identify(libraries/micro_ros_arduino/src/action_msgs/srv/detail) by extension 'ignore'
[0.111s] Level 1:colcon.colcon_core.package_identification:_identify(libraries/micro_ros_arduino/src/action_msgs/srv/detail) by extension 'ignore_ament_install'
[0.111s] Level 1:colcon.colcon_core.package_identification:_identify(libraries/micro_ros_arduino/src/action_msgs/srv/detail) by extensions ['colcon_pkg']
[0.111s] Level 1:colcon.colcon_core.package_identification:_identify(libraries/micro_ros_arduino/src/action_msgs/srv/detail) by extension 'colcon_pkg'
[0.111s] Level 1:colcon.colcon_core.package_identification:_identify(libraries/micro_ros_arduino/src/action_msgs/srv/detail) by extensions ['colcon_meta']
[0.112s] Level 1:colcon.colcon_core.package_identification:_identify(libraries/micro_ros_arduino/src/action_msgs/srv/detail) by extension 'colcon_meta'
[0.112s] Level 1:colcon.colcon_core.package_identification:_identify(libraries/micro_ros_arduino/src/action_msgs/srv/detail) by extensions ['ros']
[0.112s] Level 1:colcon.colcon_core.package_identification:_identify(libraries/micro_ros_arduino/src/action_msgs/srv/detail) by extension 'ros'
[0.112s] Level 1:colcon.colcon_core.package_identification:_identify(libraries/micro_ros_arduino/src/action_msgs/srv/detail) by extensions ['cmake', 'python']
[0.112s] Level 1:colcon.colcon_core.package_identification:_identify(libraries/micro_ros_arduino/src/action_msgs/srv/detail) by extension 'cmake'
[0.112s] Level 1:colcon.colcon_core.package_identification:_identify(libraries/micro_ros_arduino/src/action_msgs/srv/detail) by extension 'python'
[0.112s] Level 1:colcon.colcon_core.package_identification:_identify(libraries/micro_ros_arduino/src/action_msgs/srv/detail) by extensions ['python_setup_py']
[0.112s] Level 1:colcon.colcon_core.package_identification:_identify(libraries/micro_ros_arduino/src/action_msgs/srv/detail) by extension 'python_setup_py'
[0.112s] Level 1:colcon.colcon_core.package_identification:_identify(libraries/micro_ros_arduino/src/actionlib_msgs) by extensions ['ignore', 'ignore_ament_install']
[0.112s] Level 1:colcon.colcon_core.package_identification:_identify(libraries/micro_ros_arduino/src/actionlib_msgs) by extension 'ignore'
[0.112s] Level 1:colcon.colcon_core.package_identification:_identify(libraries/micro_ros_arduino/src/actionlib_msgs) by extension 'ignore_ament_install'
[0.112s] Level 1:colcon.colcon_core.package_identification:_identify(libraries/micro_ros_arduino/src/actionlib_msgs) by extensions ['colcon_pkg']
[0.112s] Level 1:colcon.colcon_core.package_identification:_identify(libraries/micro_ros_arduino/src/actionlib_msgs) by extension 'colcon_pkg'
[0.112s] Level 1:colcon.colcon_core.package_identification:_identify(libraries/micro_ros_arduino/src/actionlib_msgs) by extensions ['colcon_meta']
[0.112s] Level 1:colcon.colcon_core.package_identification:_identify(libraries/micro_ros_arduino/src/actionlib_msgs) by extension 'colcon_meta'
[0.112s] Level 1:colcon.colcon_core.package_identification:_identify(libraries/micro_ros_arduino/src/actionlib_msgs) by extensions ['ros']
[0.112s] Level 1:colcon.colcon_core.package_identification:_identify(libraries/micro_ros_arduino/src/actionlib_msgs) by extension 'ros'
[0.112s] Level 1:colcon.colcon_core.package_identification:_identify(libraries/micro_ros_arduino/src/actionlib_msgs) by extensions ['cmake', 'python']
[0.112s] Level 1:colcon.colcon_core.package_identification:_identify(libraries/micro_ros_arduino/src/actionlib_msgs) by extension 'cmake'
[0.112s] Level 1:colcon.colcon_core.package_identification:_identify(libraries/micro_ros_arduino/src/actionlib_msgs) by extension 'python'
[0.112s] Level 1:colcon.colcon_core.package_identification:_identify(libraries/micro_ros_arduino/src/actionlib_msgs) by extensions ['python_setup_py']
[0.112s] Level 1:colcon.colcon_core.package_identification:_identify(libraries/micro_ros_arduino/src/actionlib_msgs) by extension 'python_setup_py'
[0.112s] Level 1:colcon.colcon_core.package_identification:_identify(libraries/micro_ros_arduino/src/actionlib_msgs/msg) by extensions ['ignore', 'ignore_ament_install']
[0.112s] Level 1:colcon.colcon_core.package_identification:_identify(libraries/micro_ros_arduino/src/actionlib_msgs/msg) by extension 'ignore'
[0.112s] Level 1:colcon.colcon_core.package_identification:_identify(libraries/micro_ros_arduino/src/actionlib_msgs/msg) by extension 'ignore_ament_install'
[0.112s] Level 1:colcon.colcon_core.package_identification:_identify(libraries/micro_ros_arduino/src/actionlib_msgs/msg) by extensions ['colcon_pkg']
[0.112s] Level 1:colcon.colcon_core.package_identification:_identify(libraries/micro_ros_arduino/src/actionlib_msgs/msg) by extension 'colcon_pkg'
[0.112s] Level 1:colcon.colcon_core.package_identification:_identify(libraries/micro_ros_arduino/src/actionlib_msgs/msg) by extensions ['colcon_meta']
[0.112s] Level 1:colcon.colcon_core.package_identification:_identify(libraries/micro_ros_arduino/src/actionlib_msgs/msg) by extension 'colcon_meta'
[0.112s] Level 1:colcon.colcon_core.package_identification:_identify(libraries/micro_ros_arduino/src/actionlib_msgs/msg) by extensions ['ros']
[0.112s] Level 1:colcon.colcon_core.package_identification:_identify(libraries/micro_ros_arduino/src/actionlib_msgs/msg) by extension 'ros'
[0.112s] Level 1:colcon.colcon_core.package_identification:_identify(libraries/micro_ros_arduino/src/actionlib_msgs/msg) by extensions ['cmake', 'python']
[0.112s] Level 1:colcon.colcon_core.package_identification:_identify(libraries/micro_ros_arduino/src/actionlib_msgs/msg) by extension 'cmake'
[0.112s] Level 1:colcon.colcon_core.package_identification:_identify(libraries/micro_ros_arduino/src/actionlib_msgs/msg) by extension 'python'
[0.112s] Level 1:colcon.colcon_core.package_identification:_identify(libraries/micro_ros_arduino/src/actionlib_msgs/msg) by extensions ['python_setup_py']
[0.112s] Level 1:colcon.colcon_core.package_identification:_identify(libraries/micro_ros_arduino/src/actionlib_msgs/msg) by extension 'python_setup_py'
[0.112s] Level 1:colcon.colcon_core.package_identification:_identify(libraries/micro_ros_arduino/src/actionlib_msgs/msg/detail) by extensions ['ignore', 'ignore_ament_install']
[0.112s] Level 1:colcon.colcon_core.package_identification:_identify(libraries/micro_ros_arduino/src/actionlib_msgs/msg/detail) by extension 'ignore'
[0.112s] Level 1:colcon.colcon_core.package_identification:_identify(libraries/micro_ros_arduino/src/actionlib_msgs/msg/detail) by extension 'ignore_ament_install'
[0.112s] Level 1:colcon.colcon_core.package_identification:_identify(libraries/micro_ros_arduino/src/actionlib_msgs/msg/detail) by extensions ['colcon_pkg']
[0.112s] Level 1:colcon.colcon_core.package_identification:_identify(libraries/micro_ros_arduino/src/actionlib_msgs/msg/detail) by extension 'colcon_pkg'
[0.112s] Level 1:colcon.colcon_core.package_identification:_identify(libraries/micro_ros_arduino/src/actionlib_msgs/msg/detail) by extensions ['colcon_meta']
[0.112s] Level 1:colcon.colcon_core.package_identification:_identify(libraries/micro_ros_arduino/src/actionlib_msgs/msg/detail) by extension 'colcon_meta'
[0.112s] Level 1:colcon.colcon_core.package_identification:_identify(libraries/micro_ros_arduino/src/actionlib_msgs/msg/detail) by extensions ['ros']
[0.112s] Level 1:colcon.colcon_core.package_identification:_identify(libraries/micro_ros_arduino/src/actionlib_msgs/msg/detail) by extension 'ros'
[0.112s] Level 1:colcon.colcon_core.package_identification:_identify(libraries/micro_ros_arduino/src/actionlib_msgs/msg/detail) by extensions ['cmake', 'python']
[0.112s] Level 1:colcon.colcon_core.package_identification:_identify(libraries/micro_ros_arduino/src/actionlib_msgs/msg/detail) by extension 'cmake'
[0.113s] Level 1:colcon.colcon_core.package_identification:_identify(libraries/micro_ros_arduino/src/actionlib_msgs/msg/detail) by extension 'python'
[0.113s] Level 1:colcon.colcon_core.package_identification:_identify(libraries/micro_ros_arduino/src/actionlib_msgs/msg/detail) by extensions ['python_setup_py']
[0.113s] Level 1:colcon.colcon_core.package_identification:_identify(libraries/micro_ros_arduino/src/actionlib_msgs/msg/detail) by extension 'python_setup_py'
[0.113s] Level 1:colcon.colcon_core.package_identification:_identify(libraries/micro_ros_arduino/src/builtin_interfaces) by extensions ['ignore', 'ignore_ament_install']
[0.113s] Level 1:colcon.colcon_core.package_identification:_identify(libraries/micro_ros_arduino/src/builtin_interfaces) by extension 'ignore'
[0.113s] Level 1:colcon.colcon_core.package_identification:_identify(libraries/micro_ros_arduino/src/builtin_interfaces) by extension 'ignore_ament_install'
[0.113s] Level 1:colcon.colcon_core.package_identification:_identify(libraries/micro_ros_arduino/src/builtin_interfaces) by extensions ['colcon_pkg']
[0.113s] Level 1:colcon.colcon_core.package_identification:_identify(libraries/micro_ros_arduino/src/builtin_interfaces) by extension 'colcon_pkg'
[0.113s] Level 1:colcon.colcon_core.package_identification:_identify(libraries/micro_ros_arduino/src/builtin_interfaces) by extensions ['colcon_meta']
[0.113s] Level 1:colcon.colcon_core.package_identification:_identify(libraries/micro_ros_arduino/src/builtin_interfaces) by extension 'colcon_meta'
[0.113s] Level 1:colcon.colcon_core.package_identification:_identify(libraries/micro_ros_arduino/src/builtin_interfaces) by extensions ['ros']
[0.113s] Level 1:colcon.colcon_core.package_identification:_identify(libraries/micro_ros_arduino/src/builtin_interfaces) by extension 'ros'
[0.113s] Level 1:colcon.colcon_core.package_identification:_identify(libraries/micro_ros_arduino/src/builtin_interfaces) by extensions ['cmake', 'python']
[0.113s] Level 1:colcon.colcon_core.package_identification:_identify(libraries/micro_ros_arduino/src/builtin_interfaces) by extension 'cmake'
[0.113s] Level 1:colcon.colcon_core.package_identification:_identify(libraries/micro_ros_arduino/src/builtin_interfaces) by extension 'python'
[0.113s] Level 1:colcon.colcon_core.package_identification:_identify(libraries/micro_ros_arduino/src/builtin_interfaces) by extensions ['python_setup_py']
[0.113s] Level 1:colcon.colcon_core.package_identification:_identify(libraries/micro_ros_arduino/src/builtin_interfaces) by extension 'python_setup_py'
[0.113s] Level 1:colcon.colcon_core.package_identification:_identify(libraries/micro_ros_arduino/src/builtin_interfaces/msg) by extensions ['ignore', 'ignore_ament_install']
[0.113s] Level 1:colcon.colcon_core.package_identification:_identify(libraries/micro_ros_arduino/src/builtin_interfaces/msg) by extension 'ignore'
[0.113s] Level 1:colcon.colcon_core.package_identification:_identify(libraries/micro_ros_arduino/src/builtin_interfaces/msg) by extension 'ignore_ament_install'
[0.113s] Level 1:colcon.colcon_core.package_identification:_identify(libraries/micro_ros_arduino/src/builtin_interfaces/msg) by extensions ['colcon_pkg']
[0.113s] Level 1:colcon.colcon_core.package_identification:_identify(libraries/micro_ros_arduino/src/builtin_interfaces/msg) by extension 'colcon_pkg'
[0.113s] Level 1:colcon.colcon_core.package_identification:_identify(libraries/micro_ros_arduino/src/builtin_interfaces/msg) by extensions ['colcon_meta']
[0.113s] Level 1:colcon.colcon_core.package_identification:_identify(libraries/micro_ros_arduino/src/builtin_interfaces/msg) by extension 'colcon_meta'
[0.113s] Level 1:colcon.colcon_core.package_identification:_identify(libraries/micro_ros_arduino/src/builtin_interfaces/msg) by extensions ['ros']
[0.113s] Level 1:colcon.colcon_core.package_identification:_identify(libraries/micro_ros_arduino/src/builtin_interfaces/msg) by extension 'ros'
[0.113s] Level 1:colcon.colcon_core.package_identification:_identify(libraries/micro_ros_arduino/src/builtin_interfaces/msg) by extensions ['cmake', 'python']
[0.113s] Level 1:colcon.colcon_core.package_identification:_identify(libraries/micro_ros_arduino/src/builtin_interfaces/msg) by extension 'cmake'
[0.113s] Level 1:colcon.colcon_core.package_identification:_identify(libraries/micro_ros_arduino/src/builtin_interfaces/msg) by extension 'python'
[0.113s] Level 1:colcon.colcon_core.package_identification:_identify(libraries/micro_ros_arduino/src/builtin_interfaces/msg) by extensions ['python_setup_py']
[0.113s] Level 1:colcon.colcon_core.package_identification:_identify(libraries/micro_ros_arduino/src/builtin_interfaces/msg) by extension 'python_setup_py'
[0.113s] Level 1:colcon.colcon_core.package_identification:_identify(libraries/micro_ros_arduino/src/builtin_interfaces/msg/detail) by extensions ['ignore', 'ignore_ament_install']
[0.113s] Level 1:colcon.colcon_core.package_identification:_identify(libraries/micro_ros_arduino/src/builtin_interfaces/msg/detail) by extension 'ignore'
[0.113s] Level 1:colcon.colcon_core.package_identification:_identify(libraries/micro_ros_arduino/src/builtin_interfaces/msg/detail) by extension 'ignore_ament_install'
[0.113s] Level 1:colcon.colcon_core.package_identification:_identify(libraries/micro_ros_arduino/src/builtin_interfaces/msg/detail) by extensions ['colcon_pkg']
[0.113s] Level 1:colcon.colcon_core.package_identification:_identify(libraries/micro_ros_arduino/src/builtin_interfaces/msg/detail) by extension 'colcon_pkg'
[0.113s] Level 1:colcon.colcon_core.package_identification:_identify(libraries/micro_ros_arduino/src/builtin_interfaces/msg/detail) by extensions ['colcon_meta']
[0.113s] Level 1:colcon.colcon_core.package_identification:_identify(libraries/micro_ros_arduino/src/builtin_interfaces/msg/detail) by extension 'colcon_meta'
[0.113s] Level 1:colcon.colcon_core.package_identification:_identify(libraries/micro_ros_arduino/src/builtin_interfaces/msg/detail) by extensions ['ros']
[0.113s] Level 1:colcon.colcon_core.package_identification:_identify(libraries/micro_ros_arduino/src/builtin_interfaces/msg/detail) by extension 'ros'
[0.113s] Level 1:colcon.colcon_core.package_identification:_identify(libraries/micro_ros_arduino/src/builtin_interfaces/msg/detail) by extensions ['cmake', 'python']
[0.113s] Level 1:colcon.colcon_core.package_identification:_identify(libraries/micro_ros_arduino/src/builtin_interfaces/msg/detail) by extension 'cmake'
[0.113s] Level 1:colcon.colcon_core.package_identification:_identify(libraries/micro_ros_arduino/src/builtin_interfaces/msg/detail) by extension 'python'
[0.113s] Level 1:colcon.colcon_core.package_identification:_identify(libraries/micro_ros_arduino/src/builtin_interfaces/msg/detail) by extensions ['python_setup_py']
[0.113s] Level 1:colcon.colcon_core.package_identification:_identify(libraries/micro_ros_arduino/src/builtin_interfaces/msg/detail) by extension 'python_setup_py'
[0.113s] Level 1:colcon.colcon_core.package_identification:_identify(libraries/micro_ros_arduino/src/composition_interfaces) by extensions ['ignore', 'ignore_ament_install']
[0.114s] Level 1:colcon.colcon_core.package_identification:_identify(libraries/micro_ros_arduino/src/composition_interfaces) by extension 'ignore'
[0.114s] Level 1:colcon.colcon_core.package_identification:_identify(libraries/micro_ros_arduino/src/composition_interfaces) by extension 'ignore_ament_install'
[0.114s] Level 1:colcon.colcon_core.package_identification:_identify(libraries/micro_ros_arduino/src/composition_interfaces) by extensions ['colcon_pkg']
[0.114s] Level 1:colcon.colcon_core.package_identification:_identify(libraries/micro_ros_arduino/src/composition_interfaces) by extension 'colcon_pkg'
[0.114s] Level 1:colcon.colcon_core.package_identification:_identify(libraries/micro_ros_arduino/src/composition_interfaces) by extensions ['colcon_meta']
[0.114s] Level 1:colcon.colcon_core.package_identification:_identify(libraries/micro_ros_arduino/src/composition_interfaces) by extension 'colcon_meta'
[0.114s] Level 1:colcon.colcon_core.package_identification:_identify(libraries/micro_ros_arduino/src/composition_interfaces) by extensions ['ros']
[0.114s] Level 1:colcon.colcon_core.package_identification:_identify(libraries/micro_ros_arduino/src/composition_interfaces) by extension 'ros'
[0.114s] Level 1:colcon.colcon_core.package_identification:_identify(libraries/micro_ros_arduino/src/composition_interfaces) by extensions ['cmake', 'python']
[0.114s] Level 1:colcon.colcon_core.package_identification:_identify(libraries/micro_ros_arduino/src/composition_interfaces) by extension 'cmake'
[0.114s] Level 1:colcon.colcon_core.package_identification:_identify(libraries/micro_ros_arduino/src/composition_interfaces) by extension 'python'
[0.114s] Level 1:colcon.colcon_core.package_identification:_identify(libraries/micro_ros_arduino/src/composition_interfaces) by extensions ['python_setup_py']
[0.114s] Level 1:colcon.colcon_core.package_identification:_identify(libraries/micro_ros_arduino/src/composition_interfaces) by extension 'python_setup_py'
[0.114s] Level 1:colcon.colcon_core.package_identification:_identify(libraries/micro_ros_arduino/src/composition_interfaces/msg) by extensions ['ignore', 'ignore_ament_install']
[0.114s] Level 1:colcon.colcon_core.package_identification:_identify(libraries/micro_ros_arduino/src/composition_interfaces/msg) by extension 'ignore'
[0.114s] Level 1:colcon.colcon_core.package_identification:_identify(libraries/micro_ros_arduino/src/composition_interfaces/msg) by extension 'ignore_ament_install'
[0.114s] Level 1:colcon.colcon_core.package_identification:_identify(libraries/micro_ros_arduino/src/composition_interfaces/msg) by extensions ['colcon_pkg']
[0.114s] Level 1:colcon.colcon_core.package_identification:_identify(libraries/micro_ros_arduino/src/composition_interfaces/msg) by extension 'colcon_pkg'
[0.114s] Level 1:colcon.colcon_core.package_identification:_identify(libraries/micro_ros_arduino/src/composition_interfaces/msg) by extensions ['colcon_meta']
[0.114s] Level 1:colcon.colcon_core.package_identification:_identify(libraries/micro_ros_arduino/src/composition_interfaces/msg) by extension 'colcon_meta'
[0.114s] Level 1:colcon.colcon_core.package_identification:_identify(libraries/micro_ros_arduino/src/composition_interfaces/msg) by extensions ['ros']
[0.114s] Level 1:colcon.colcon_core.package_identification:_identify(libraries/micro_ros_arduino/src/composition_interfaces/msg) by extension 'ros'
[0.114s] Level 1:colcon.colcon_core.package_identification:_identify(libraries/micro_ros_arduino/src/composition_interfaces/msg) by extensions ['cmake', 'python']
[0.114s] Level 1:colcon.colcon_core.package_identification:_identify(libraries/micro_ros_arduino/src/composition_interfaces/msg) by extension 'cmake'
[0.114s] Level 1:colcon.colcon_core.package_identification:_identify(libraries/micro_ros_arduino/src/composition_interfaces/msg) by extension 'python'
[0.114s] Level 1:colcon.colcon_core.package_identification:_identify(libraries/micro_ros_arduino/src/composition_interfaces/msg) by extensions ['python_setup_py']
[0.114s] Level 1:colcon.colcon_core.package_identification:_identify(libraries/micro_ros_arduino/src/composition_interfaces/msg) by extension 'python_setup_py'
[0.114s] Level 1:colcon.colcon_core.package_identification:_identify(libraries/micro_ros_arduino/src/composition_interfaces/srv) by extensions ['ignore', 'ignore_ament_install']
[0.114s] Level 1:colcon.colcon_core.package_identification:_identify(libraries/micro_ros_arduino/src/composition_interfaces/srv) by extension 'ignore'
[0.114s] Level 1:colcon.colcon_core.package_identification:_identify(libraries/micro_ros_arduino/src/composition_interfaces/srv) by extension 'ignore_ament_install'
[0.114s] Level 1:colcon.colcon_core.package_identification:_identify(libraries/micro_ros_arduino/src/composition_interfaces/srv) by extensions ['colcon_pkg']
[0.114s] Level 1:colcon.colcon_core.package_identification:_identify(libraries/micro_ros_arduino/src/composition_interfaces/srv) by extension 'colcon_pkg'
[0.114s] Level 1:colcon.colcon_core.package_identification:_identify(libraries/micro_ros_arduino/src/composition_interfaces/srv) by extensions ['colcon_meta']
[0.114s] Level 1:colcon.colcon_core.package_identification:_identify(libraries/micro_ros_arduino/src/composition_interfaces/srv) by extension 'colcon_meta'
[0.114s] Level 1:colcon.colcon_core.package_identification:_identify(libraries/micro_ros_arduino/src/composition_interfaces/srv) by extensions ['ros']
[0.114s] Level 1:colcon.colcon_core.package_identification:_identify(libraries/micro_ros_arduino/src/composition_interfaces/srv) by extension 'ros'
[0.114s] Level 1:colcon.colcon_core.package_identification:_identify(libraries/micro_ros_arduino/src/composition_interfaces/srv) by extensions ['cmake', 'python']
[0.114s] Level 1:colcon.colcon_core.package_identification:_identify(libraries/micro_ros_arduino/src/composition_interfaces/srv) by extension 'cmake'
[0.114s] Level 1:colcon.colcon_core.package_identification:_identify(libraries/micro_ros_arduino/src/composition_interfaces/srv) by extension 'python'
[0.114s] Level 1:colcon.colcon_core.package_identification:_identify(libraries/micro_ros_arduino/src/composition_interfaces/srv) by extensions ['python_setup_py']
[0.114s] Level 1:colcon.colcon_core.package_identification:_identify(libraries/micro_ros_arduino/src/composition_interfaces/srv) by extension 'python_setup_py'
[0.114s] Level 1:colcon.colcon_core.package_identification:_identify(libraries/micro_ros_arduino/src/composition_interfaces/srv/detail) by extensions ['ignore', 'ignore_ament_install']
[0.114s] Level 1:colcon.colcon_core.package_identification:_identify(libraries/micro_ros_arduino/src/composition_interfaces/srv/detail) by extension 'ignore'
[0.114s] Level 1:colcon.colcon_core.package_identification:_identify(libraries/micro_ros_arduino/src/composition_interfaces/srv/detail) by extension 'ignore_ament_install'
[0.114s] Level 1:colcon.colcon_core.package_identification:_identify(libraries/micro_ros_arduino/src/composition_interfaces/srv/detail) by extensions ['colcon_pkg']
[0.114s] Level 1:colcon.colcon_core.package_identification:_identify(libraries/micro_ros_arduino/src/composition_interfaces/srv/detail) by extension 'colcon_pkg'
[0.115s] Level 1:colcon.colcon_core.package_identification:_identify(libraries/micro_ros_arduino/src/composition_interfaces/srv/detail) by extensions ['colcon_meta']
[0.115s] Level 1:colcon.colcon_core.package_identification:_identify(libraries/micro_ros_arduino/src/composition_interfaces/srv/detail) by extension 'colcon_meta'
[0.115s] Level 1:colcon.colcon_core.package_identification:_identify(libraries/micro_ros_arduino/src/composition_interfaces/srv/detail) by extensions ['ros']
[0.115s] Level 1:colcon.colcon_core.package_identification:_identify(libraries/micro_ros_arduino/src/composition_interfaces/srv/detail) by extension 'ros'
[0.115s] Level 1:colcon.colcon_core.package_identification:_identify(libraries/micro_ros_arduino/src/composition_interfaces/srv/detail) by extensions ['cmake', 'python']
[0.115s] Level 1:colcon.colcon_core.package_identification:_identify(libraries/micro_ros_arduino/src/composition_interfaces/srv/detail) by extension 'cmake'
[0.115s] Level 1:colcon.colcon_core.package_identification:_identify(libraries/micro_ros_arduino/src/composition_interfaces/srv/detail) by extension 'python'
[0.115s] Level 1:colcon.colcon_core.package_identification:_identify(libraries/micro_ros_arduino/src/composition_interfaces/srv/detail) by extensions ['python_setup_py']
[0.115s] Level 1:colcon.colcon_core.package_identification:_identify(libraries/micro_ros_arduino/src/composition_interfaces/srv/detail) by extension 'python_setup_py'
[0.115s] Level 1:colcon.colcon_core.package_identification:_identify(libraries/micro_ros_arduino/src/control_msgs) by extensions ['ignore', 'ignore_ament_install']
[0.115s] Level 1:colcon.colcon_core.package_identification:_identify(libraries/micro_ros_arduino/src/control_msgs) by extension 'ignore'
[0.115s] Level 1:colcon.colcon_core.package_identification:_identify(libraries/micro_ros_arduino/src/control_msgs) by extension 'ignore_ament_install'
[0.115s] Level 1:colcon.colcon_core.package_identification:_identify(libraries/micro_ros_arduino/src/control_msgs) by extensions ['colcon_pkg']
[0.115s] Level 1:colcon.colcon_core.package_identification:_identify(libraries/micro_ros_arduino/src/control_msgs) by extension 'colcon_pkg'
[0.115s] Level 1:colcon.colcon_core.package_identification:_identify(libraries/micro_ros_arduino/src/control_msgs) by extensions ['colcon_meta']
[0.115s] Level 1:colcon.colcon_core.package_identification:_identify(libraries/micro_ros_arduino/src/control_msgs) by extension 'colcon_meta'
[0.115s] Level 1:colcon.colcon_core.package_identification:_identify(libraries/micro_ros_arduino/src/control_msgs) by extensions ['ros']
[0.115s] Level 1:colcon.colcon_core.package_identification:_identify(libraries/micro_ros_arduino/src/control_msgs) by extension 'ros'
[0.115s] Level 1:colcon.colcon_core.package_identification:_identify(libraries/micro_ros_arduino/src/control_msgs) by extensions ['cmake', 'python']
[0.115s] Level 1:colcon.colcon_core.package_identification:_identify(libraries/micro_ros_arduino/src/control_msgs) by extension 'cmake'
[0.115s] Level 1:colcon.colcon_core.package_identification:_identify(libraries/micro_ros_arduino/src/control_msgs) by extension 'python'
[0.115s] Level 1:colcon.colcon_core.package_identification:_identify(libraries/micro_ros_arduino/src/control_msgs) by extensions ['python_setup_py']
[0.115s] Level 1:colcon.colcon_core.package_identification:_identify(libraries/micro_ros_arduino/src/control_msgs) by extension 'python_setup_py'
[0.115s] Level 1:colcon.colcon_core.package_identification:_identify(libraries/micro_ros_arduino/src/control_msgs/action) by extensions ['ignore', 'ignore_ament_install']
[0.115s] Level 1:colcon.colcon_core.package_identification:_identify(libraries/micro_ros_arduino/src/control_msgs/action) by extension 'ignore'
[0.115s] Level 1:colcon.colcon_core.package_identification:_identify(libraries/micro_ros_arduino/src/control_msgs/action) by extension 'ignore_ament_install'
[0.115s] Level 1:colcon.colcon_core.package_identification:_identify(libraries/micro_ros_arduino/src/control_msgs/action) by extensions ['colcon_pkg']
[0.115s] Level 1:colcon.colcon_core.package_identification:_identify(libraries/micro_ros_arduino/src/control_msgs/action) by extension 'colcon_pkg'
[0.115s] Level 1:colcon.colcon_core.package_identification:_identify(libraries/micro_ros_arduino/src/control_msgs/action) by extensions ['colcon_meta']
[0.115s] Level 1:colcon.colcon_core.package_identification:_identify(libraries/micro_ros_arduino/src/control_msgs/action) by extension 'colcon_meta'
[0.115s] Level 1:colcon.colcon_core.package_identification:_identify(libraries/micro_ros_arduino/src/control_msgs/action) by extensions ['ros']
[0.115s] Level 1:colcon.colcon_core.package_identification:_identify(libraries/micro_ros_arduino/src/control_msgs/action) by extension 'ros'
[0.115s] Level 1:colcon.colcon_core.package_identification:_identify(libraries/micro_ros_arduino/src/control_msgs/action) by extensions ['cmake', 'python']
[0.115s] Level 1:colcon.colcon_core.package_identification:_identify(libraries/micro_ros_arduino/src/control_msgs/action) by extension 'cmake'
[0.115s] Level 1:colcon.colcon_core.package_identification:_identify(libraries/micro_ros_arduino/src/control_msgs/action) by extension 'python'
[0.115s] Level 1:colcon.colcon_core.package_identification:_identify(libraries/micro_ros_arduino/src/control_msgs/action) by extensions ['python_setup_py']
[0.115s] Level 1:colcon.colcon_core.package_identification:_identify(libraries/micro_ros_arduino/src/control_msgs/action) by extension 'python_setup_py'
[0.115s] Level 1:colcon.colcon_core.package_identification:_identify(libraries/micro_ros_arduino/src/control_msgs/action/detail) by extensions ['ignore', 'ignore_ament_install']
[0.115s] Level 1:colcon.colcon_core.package_identification:_identify(libraries/micro_ros_arduino/src/control_msgs/action/detail) by extension 'ignore'
[0.115s] Level 1:colcon.colcon_core.package_identification:_identify(libraries/micro_ros_arduino/src/control_msgs/action/detail) by extension 'ignore_ament_install'
[0.115s] Level 1:colcon.colcon_core.package_identification:_identify(libraries/micro_ros_arduino/src/control_msgs/action/detail) by extensions ['colcon_pkg']
[0.115s] Level 1:colcon.colcon_core.package_identification:_identify(libraries/micro_ros_arduino/src/control_msgs/action/detail) by extension 'colcon_pkg'
[0.115s] Level 1:colcon.colcon_core.package_identification:_identify(libraries/micro_ros_arduino/src/control_msgs/action/detail) by extensions ['colcon_meta']
[0.115s] Level 1:colcon.colcon_core.package_identification:_identify(libraries/micro_ros_arduino/src/control_msgs/action/detail) by extension 'colcon_meta'
[0.115s] Level 1:colcon.colcon_core.package_identification:_identify(libraries/micro_ros_arduino/src/control_msgs/action/detail) by extensions ['ros']
[0.116s] Level 1:colcon.colcon_core.package_identification:_identify(libraries/micro_ros_arduino/src/control_msgs/action/detail) by extension 'ros'
[0.116s] Level 1:colcon.colcon_core.package_identification:_identify(libraries/micro_ros_arduino/src/control_msgs/action/detail) by extensions ['cmake', 'python']
[0.116s] Level 1:colcon.colcon_core.package_identification:_identify(libraries/micro_ros_arduino/src/control_msgs/action/detail) by extension 'cmake'
[0.116s] Level 1:colcon.colcon_core.package_identification:_identify(libraries/micro_ros_arduino/src/control_msgs/action/detail) by extension 'python'
[0.116s] Level 1:colcon.colcon_core.package_identification:_identify(libraries/micro_ros_arduino/src/control_msgs/action/detail) by extensions ['python_setup_py']
[0.116s] Level 1:colcon.colcon_core.package_identification:_identify(libraries/micro_ros_arduino/src/control_msgs/action/detail) by extension 'python_setup_py'
[0.116s] Level 1:colcon.colcon_core.package_identification:_identify(libraries/micro_ros_arduino/src/control_msgs/msg) by extensions ['ignore', 'ignore_ament_install']
[0.116s] Level 1:colcon.colcon_core.package_identification:_identify(libraries/micro_ros_arduino/src/control_msgs/msg) by extension 'ignore'
[0.116s] Level 1:colcon.colcon_core.package_identification:_identify(libraries/micro_ros_arduino/src/control_msgs/msg) by extension 'ignore_ament_install'
[0.116s] Level 1:colcon.colcon_core.package_identification:_identify(libraries/micro_ros_arduino/src/control_msgs/msg) by extensions ['colcon_pkg']
[0.116s] Level 1:colcon.colcon_core.package_identification:_identify(libraries/micro_ros_arduino/src/control_msgs/msg) by extension 'colcon_pkg'
[0.116s] Level 1:colcon.colcon_core.package_identification:_identify(libraries/micro_ros_arduino/src/control_msgs/msg) by extensions ['colcon_meta']
[0.116s] Level 1:colcon.colcon_core.package_identification:_identify(libraries/micro_ros_arduino/src/control_msgs/msg) by extension 'colcon_meta'
[0.116s] Level 1:colcon.colcon_core.package_identification:_identify(libraries/micro_ros_arduino/src/control_msgs/msg) by extensions ['ros']
[0.116s] Level 1:colcon.colcon_core.package_identification:_identify(libraries/micro_ros_arduino/src/control_msgs/msg) by extension 'ros'
[0.116s] Level 1:colcon.colcon_core.package_identification:_identify(libraries/micro_ros_arduino/src/control_msgs/msg) by extensions ['cmake', 'python']
[0.116s] Level 1:colcon.colcon_core.package_identification:_identify(libraries/micro_ros_arduino/src/control_msgs/msg) by extension 'cmake'
[0.116s] Level 1:colcon.colcon_core.package_identification:_identify(libraries/micro_ros_arduino/src/control_msgs/msg) by extension 'python'
[0.116s] Level 1:colcon.colcon_core.package_identification:_identify(libraries/micro_ros_arduino/src/control_msgs/msg) by extensions ['python_setup_py']
[0.116s] Level 1:colcon.colcon_core.package_identification:_identify(libraries/micro_ros_arduino/src/control_msgs/msg) by extension 'python_setup_py'
[0.116s] Level 1:colcon.colcon_core.package_identification:_identify(libraries/micro_ros_arduino/src/control_msgs/msg/detail) by extensions ['ignore', 'ignore_ament_install']
[0.116s] Level 1:colcon.colcon_core.package_identification:_identify(libraries/micro_ros_arduino/src/control_msgs/msg/detail) by extension 'ignore'
[0.116s] Level 1:colcon.colcon_core.package_identification:_identify(libraries/micro_ros_arduino/src/control_msgs/msg/detail) by extension 'ignore_ament_install'
[0.116s] Level 1:colcon.colcon_core.package_identification:_identify(libraries/micro_ros_arduino/src/control_msgs/msg/detail) by extensions ['colcon_pkg']
[0.116s] Level 1:colcon.colcon_core.package_identification:_identify(libraries/micro_ros_arduino/src/control_msgs/msg/detail) by extension 'colcon_pkg'
[0.116s] Level 1:colcon.colcon_core.package_identification:_identify(libraries/micro_ros_arduino/src/control_msgs/msg/detail) by extensions ['colcon_meta']
[0.116s] Level 1:colcon.colcon_core.package_identification:_identify(libraries/micro_ros_arduino/src/control_msgs/msg/detail) by extension 'colcon_meta'
[0.116s] Level 1:colcon.colcon_core.package_identification:_identify(libraries/micro_ros_arduino/src/control_msgs/msg/detail) by extensions ['ros']
[0.116s] Level 1:colcon.colcon_core.package_identification:_identify(libraries/micro_ros_arduino/src/control_msgs/msg/detail) by extension 'ros'
[0.116s] Level 1:colcon.colcon_core.package_identification:_identify(libraries/micro_ros_arduino/src/control_msgs/msg/detail) by extensions ['cmake', 'python']
[0.116s] Level 1:colcon.colcon_core.package_identification:_identify(libraries/micro_ros_arduino/src/control_msgs/msg/detail) by extension 'cmake'
[0.116s] Level 1:colcon.colcon_core.package_identification:_identify(libraries/micro_ros_arduino/src/control_msgs/msg/detail) by extension 'python'
[0.116s] Level 1:colcon.colcon_core.package_identification:_identify(libraries/micro_ros_arduino/src/control_msgs/msg/detail) by extensions ['python_setup_py']
[0.116s] Level 1:colcon.colcon_core.package_identification:_identify(libraries/micro_ros_arduino/src/control_msgs/msg/detail) by extension 'python_setup_py'
[0.116s] Level 1:colcon.colcon_core.package_identification:_identify(libraries/micro_ros_arduino/src/control_msgs/srv) by extensions ['ignore', 'ignore_ament_install']
[0.116s] Level 1:colcon.colcon_core.package_identification:_identify(libraries/micro_ros_arduino/src/control_msgs/srv) by extension 'ignore'
[0.116s] Level 1:colcon.colcon_core.package_identification:_identify(libraries/micro_ros_arduino/src/control_msgs/srv) by extension 'ignore_ament_install'
[0.116s] Level 1:colcon.colcon_core.package_identification:_identify(libraries/micro_ros_arduino/src/control_msgs/srv) by extensions ['colcon_pkg']
[0.116s] Level 1:colcon.colcon_core.package_identification:_identify(libraries/micro_ros_arduino/src/control_msgs/srv) by extension 'colcon_pkg'
[0.116s] Level 1:colcon.colcon_core.package_identification:_identify(libraries/micro_ros_arduino/src/control_msgs/srv) by extensions ['colcon_meta']
[0.116s] Level 1:colcon.colcon_core.package_identification:_identify(libraries/micro_ros_arduino/src/control_msgs/srv) by extension 'colcon_meta'
[0.116s] Level 1:colcon.colcon_core.package_identification:_identify(libraries/micro_ros_arduino/src/control_msgs/srv) by extensions ['ros']
[0.116s] Level 1:colcon.colcon_core.package_identification:_identify(libraries/micro_ros_arduino/src/control_msgs/srv) by extension 'ros'
[0.117s] Level 1:colcon.colcon_core.package_identification:_identify(libraries/micro_ros_arduino/src/control_msgs/srv) by extensions ['cmake', 'python']
[0.117s] Level 1:colcon.colcon_core.package_identification:_identify(libraries/micro_ros_arduino/src/control_msgs/srv) by extension 'cmake'
[0.117s] Level 1:colcon.colcon_core.package_identification:_identify(libraries/micro_ros_arduino/src/control_msgs/srv) by extension 'python'
[0.117s] Level 1:colcon.colcon_core.package_identification:_identify(libraries/micro_ros_arduino/src/control_msgs/srv) by extensions ['python_setup_py']
[0.117s] Level 1:colcon.colcon_core.package_identification:_identify(libraries/micro_ros_arduino/src/control_msgs/srv) by extension 'python_setup_py'
[0.117s] Level 1:colcon.colcon_core.package_identification:_identify(libraries/micro_ros_arduino/src/control_msgs/srv/detail) by extensions ['ignore', 'ignore_ament_install']
[0.117s] Level 1:colcon.colcon_core.package_identification:_identify(libraries/micro_ros_arduino/src/control_msgs/srv/detail) by extension 'ignore'
[0.117s] Level 1:colcon.colcon_core.package_identification:_identify(libraries/micro_ros_arduino/src/control_msgs/srv/detail) by extension 'ignore_ament_install'
[0.117s] Level 1:colcon.colcon_core.package_identification:_identify(libraries/micro_ros_arduino/src/control_msgs/srv/detail) by extensions ['colcon_pkg']
[0.117s] Level 1:colcon.colcon_core.package_identification:_identify(libraries/micro_ros_arduino/src/control_msgs/srv/detail) by extension 'colcon_pkg'
[0.117s] Level 1:colcon.colcon_core.package_identification:_identify(libraries/micro_ros_arduino/src/control_msgs/srv/detail) by extensions ['colcon_meta']
[0.117s] Level 1:colcon.colcon_core.package_identification:_identify(libraries/micro_ros_arduino/src/control_msgs/srv/detail) by extension 'colcon_meta'
[0.117s] Level 1:colcon.colcon_core.package_identification:_identify(libraries/micro_ros_arduino/src/control_msgs/srv/detail) by extensions ['ros']
[0.117s] Level 1:colcon.colcon_core.package_identification:_identify(libraries/micro_ros_arduino/src/control_msgs/srv/detail) by extension 'ros'
[0.117s] Level 1:colcon.colcon_core.package_identification:_identify(libraries/micro_ros_arduino/src/control_msgs/srv/detail) by extensions ['cmake', 'python']
[0.117s] Level 1:colcon.colcon_core.package_identification:_identify(libraries/micro_ros_arduino/src/control_msgs/srv/detail) by extension 'cmake'
[0.117s] Level 1:colcon.colcon_core.package_identification:_identify(libraries/micro_ros_arduino/src/control_msgs/srv/detail) by extension 'python'
[0.117s] Level 1:colcon.colcon_core.package_identification:_identify(libraries/micro_ros_arduino/src/control_msgs/srv/detail) by extensions ['python_setup_py']
[0.117s] Level 1:colcon.colcon_core.package_identification:_identify(libraries/micro_ros_arduino/src/control_msgs/srv/detail) by extension 'python_setup_py'
[0.117s] Level 1:colcon.colcon_core.package_identification:_identify(libraries/micro_ros_arduino/src/cortex-m0plus) by extensions ['ignore', 'ignore_ament_install']
[0.117s] Level 1:colcon.colcon_core.package_identification:_identify(libraries/micro_ros_arduino/src/cortex-m0plus) by extension 'ignore'
[0.117s] Level 1:colcon.colcon_core.package_identification:_identify(libraries/micro_ros_arduino/src/cortex-m0plus) by extension 'ignore_ament_install'
[0.117s] Level 1:colcon.colcon_core.package_identification:_identify(libraries/micro_ros_arduino/src/cortex-m0plus) by extensions ['colcon_pkg']
[0.117s] Level 1:colcon.colcon_core.package_identification:_identify(libraries/micro_ros_arduino/src/cortex-m0plus) by extension 'colcon_pkg'
[0.117s] Level 1:colcon.colcon_core.package_identification:_identify(libraries/micro_ros_arduino/src/cortex-m0plus) by extensions ['colcon_meta']
[0.117s] Level 1:colcon.colcon_core.package_identification:_identify(libraries/micro_ros_arduino/src/cortex-m0plus) by extension 'colcon_meta'
[0.117s] Level 1:colcon.colcon_core.package_identification:_identify(libraries/micro_ros_arduino/src/cortex-m0plus) by extensions ['ros']
[0.117s] Level 1:colcon.colcon_core.package_identification:_identify(libraries/micro_ros_arduino/src/cortex-m0plus) by extension 'ros'
[0.117s] Level 1:colcon.colcon_core.package_identification:_identify(libraries/micro_ros_arduino/src/cortex-m0plus) by extensions ['cmake', 'python']
[0.117s] Level 1:colcon.colcon_core.package_identification:_identify(libraries/micro_ros_arduino/src/cortex-m0plus) by extension 'cmake'
[0.117s] Level 1:colcon.colcon_core.package_identification:_identify(libraries/micro_ros_arduino/src/cortex-m0plus) by extension 'python'
[0.117s] Level 1:colcon.colcon_core.package_identification:_identify(libraries/micro_ros_arduino/src/cortex-m0plus) by extensions ['python_setup_py']
[0.117s] Level 1:colcon.colcon_core.package_identification:_identify(libraries/micro_ros_arduino/src/cortex-m0plus) by extension 'python_setup_py'
[0.117s] Level 1:colcon.colcon_core.package_identification:_identify(libraries/micro_ros_arduino/src/cortex-m3) by extensions ['ignore', 'ignore_ament_install']
[0.117s] Level 1:colcon.colcon_core.package_identification:_identify(libraries/micro_ros_arduino/src/cortex-m3) by extension 'ignore'
[0.117s] Level 1:colcon.colcon_core.package_identification:_identify(libraries/micro_ros_arduino/src/cortex-m3) by extension 'ignore_ament_install'
[0.117s] Level 1:colcon.colcon_core.package_identification:_identify(libraries/micro_ros_arduino/src/cortex-m3) by extensions ['colcon_pkg']
[0.117s] Level 1:colcon.colcon_core.package_identification:_identify(libraries/micro_ros_arduino/src/cortex-m3) by extension 'colcon_pkg'
[0.117s] Level 1:colcon.colcon_core.package_identification:_identify(libraries/micro_ros_arduino/src/cortex-m3) by extensions ['colcon_meta']
[0.117s] Level 1:colcon.colcon_core.package_identification:_identify(libraries/micro_ros_arduino/src/cortex-m3) by extension 'colcon_meta'
[0.117s] Level 1:colcon.colcon_core.package_identification:_identify(libraries/micro_ros_arduino/src/cortex-m3) by extensions ['ros']
[0.117s] Level 1:colcon.colcon_core.package_identification:_identify(libraries/micro_ros_arduino/src/cortex-m3) by extension 'ros'
[0.117s] Level 1:colcon.colcon_core.package_identification:_identify(libraries/micro_ros_arduino/src/cortex-m3) by extensions ['cmake', 'python']
[0.117s] Level 1:colcon.colcon_core.package_identification:_identify(libraries/micro_ros_arduino/src/cortex-m3) by extension 'cmake'
[0.117s] Level 1:colcon.colcon_core.package_identification:_identify(libraries/micro_ros_arduino/src/cortex-m3) by extension 'python'
[0.118s] Level 1:colcon.colcon_core.package_identification:_identify(libraries/micro_ros_arduino/src/cortex-m3) by extensions ['python_setup_py']
[0.118s] Level 1:colcon.colcon_core.package_identification:_identify(libraries/micro_ros_arduino/src/cortex-m3) by extension 'python_setup_py'
[0.118s] Level 1:colcon.colcon_core.package_identification:_identify(libraries/micro_ros_arduino/src/cortex-m4) by extensions ['ignore', 'ignore_ament_install']
[0.118s] Level 1:colcon.colcon_core.package_identification:_identify(libraries/micro_ros_arduino/src/cortex-m4) by extension 'ignore'
[0.118s] Level 1:colcon.colcon_core.package_identification:_identify(libraries/micro_ros_arduino/src/cortex-m4) by extension 'ignore_ament_install'
[0.118s] Level 1:colcon.colcon_core.package_identification:_identify(libraries/micro_ros_arduino/src/cortex-m4) by extensions ['colcon_pkg']
[0.118s] Level 1:colcon.colcon_core.package_identification:_identify(libraries/micro_ros_arduino/src/cortex-m4) by extension 'colcon_pkg'
[0.118s] Level 1:colcon.colcon_core.package_identification:_identify(libraries/micro_ros_arduino/src/cortex-m4) by extensions ['colcon_meta']
[0.118s] Level 1:colcon.colcon_core.package_identification:_identify(libraries/micro_ros_arduino/src/cortex-m4) by extension 'colcon_meta'
[0.118s] Level 1:colcon.colcon_core.package_identification:_identify(libraries/micro_ros_arduino/src/cortex-m4) by extensions ['ros']
[0.118s] Level 1:colcon.colcon_core.package_identification:_identify(libraries/micro_ros_arduino/src/cortex-m4) by extension 'ros'
[0.118s] Level 1:colcon.colcon_core.package_identification:_identify(libraries/micro_ros_arduino/src/cortex-m4) by extensions ['cmake', 'python']
[0.118s] Level 1:colcon.colcon_core.package_identification:_identify(libraries/micro_ros_arduino/src/cortex-m4) by extension 'cmake'
[0.118s] Level 1:colcon.colcon_core.package_identification:_identify(libraries/micro_ros_arduino/src/cortex-m4) by extension 'python'
[0.118s] Level 1:colcon.colcon_core.package_identification:_identify(libraries/micro_ros_arduino/src/cortex-m4) by extensions ['python_setup_py']
[0.118s] Level 1:colcon.colcon_core.package_identification:_identify(libraries/micro_ros_arduino/src/cortex-m4) by extension 'python_setup_py'
[0.118s] Level 1:colcon.colcon_core.package_identification:_identify(libraries/micro_ros_arduino/src/cortex-m7) by extensions ['ignore', 'ignore_ament_install']
[0.118s] Level 1:colcon.colcon_core.package_identification:_identify(libraries/micro_ros_arduino/src/cortex-m7) by extension 'ignore'
[0.118s] Level 1:colcon.colcon_core.package_identification:_identify(libraries/micro_ros_arduino/src/cortex-m7) by extension 'ignore_ament_install'
[0.118s] Level 1:colcon.colcon_core.package_identification:_identify(libraries/micro_ros_arduino/src/cortex-m7) by extensions ['colcon_pkg']
[0.118s] Level 1:colcon.colcon_core.package_identification:_identify(libraries/micro_ros_arduino/src/cortex-m7) by extension 'colcon_pkg'
[0.118s] Level 1:colcon.colcon_core.package_identification:_identify(libraries/micro_ros_arduino/src/cortex-m7) by extensions ['colcon_meta']
[0.118s] Level 1:colcon.colcon_core.package_identification:_identify(libraries/micro_ros_arduino/src/cortex-m7) by extension 'colcon_meta'
[0.118s] Level 1:colcon.colcon_core.package_identification:_identify(libraries/micro_ros_arduino/src/cortex-m7) by extensions ['ros']
[0.118s] Level 1:colcon.colcon_core.package_identification:_identify(libraries/micro_ros_arduino/src/cortex-m7) by extension 'ros'
[0.118s] Level 1:colcon.colcon_core.package_identification:_identify(libraries/micro_ros_arduino/src/cortex-m7) by extensions ['cmake', 'python']
[0.118s] Level 1:colcon.colcon_core.package_identification:_identify(libraries/micro_ros_arduino/src/cortex-m7) by extension 'cmake'
[0.118s] Level 1:colcon.colcon_core.package_identification:_identify(libraries/micro_ros_arduino/src/cortex-m7) by extension 'python'
[0.118s] Level 1:colcon.colcon_core.package_identification:_identify(libraries/micro_ros_arduino/src/cortex-m7) by extensions ['python_setup_py']
[0.118s] Level 1:colcon.colcon_core.package_identification:_identify(libraries/micro_ros_arduino/src/cortex-m7) by extension 'python_setup_py'
[0.118s] Level 1:colcon.colcon_core.package_identification:_identify(libraries/micro_ros_arduino/src/cortex-m7/fpv5-d16-softfp) by extensions ['ignore', 'ignore_ament_install']
[0.118s] Level 1:colcon.colcon_core.package_identification:_identify(libraries/micro_ros_arduino/src/cortex-m7/fpv5-d16-softfp) by extension 'ignore'
[0.118s] Level 1:colcon.colcon_core.package_identification:_identify(libraries/micro_ros_arduino/src/cortex-m7/fpv5-d16-softfp) by extension 'ignore_ament_install'
[0.118s] Level 1:colcon.colcon_core.package_identification:_identify(libraries/micro_ros_arduino/src/cortex-m7/fpv5-d16-softfp) by extensions ['colcon_pkg']
[0.118s] Level 1:colcon.colcon_core.package_identification:_identify(libraries/micro_ros_arduino/src/cortex-m7/fpv5-d16-softfp) by extension 'colcon_pkg'
[0.118s] Level 1:colcon.colcon_core.package_identification:_identify(libraries/micro_ros_arduino/src/cortex-m7/fpv5-d16-softfp) by extensions ['colcon_meta']
[0.118s] Level 1:colcon.colcon_core.package_identification:_identify(libraries/micro_ros_arduino/src/cortex-m7/fpv5-d16-softfp) by extension 'colcon_meta'
[0.118s] Level 1:colcon.colcon_core.package_identification:_identify(libraries/micro_ros_arduino/src/cortex-m7/fpv5-d16-softfp) by extensions ['ros']
[0.118s] Level 1:colcon.colcon_core.package_identification:_identify(libraries/micro_ros_arduino/src/cortex-m7/fpv5-d16-softfp) by extension 'ros'
[0.118s] Level 1:colcon.colcon_core.package_identification:_identify(libraries/micro_ros_arduino/src/cortex-m7/fpv5-d16-softfp) by extensions ['cmake', 'python']
[0.118s] Level 1:colcon.colcon_core.package_identification:_identify(libraries/micro_ros_arduino/src/cortex-m7/fpv5-d16-softfp) by extension 'cmake'
[0.118s] Level 1:colcon.colcon_core.package_identification:_identify(libraries/micro_ros_arduino/src/cortex-m7/fpv5-d16-softfp) by extension 'python'
[0.118s] Level 1:colcon.colcon_core.package_identification:_identify(libraries/micro_ros_arduino/src/cortex-m7/fpv5-d16-softfp) by extensions ['python_setup_py']
[0.118s] Level 1:colcon.colcon_core.package_identification:_identify(libraries/micro_ros_arduino/src/cortex-m7/fpv5-d16-softfp) by extension 'python_setup_py'
[0.118s] Level 1:colcon.colcon_core.package_identification:_identify(libraries/micro_ros_arduino/src/cortex-m7/fpv5-sp-d16-hardfp) by extensions ['ignore', 'ignore_ament_install']
[0.118s] Level 1:colcon.colcon_core.package_identification:_identify(libraries/micro_ros_arduino/src/cortex-m7/fpv5-sp-d16-hardfp) by extension 'ignore'
[0.119s] Level 1:colcon.colcon_core.package_identification:_identify(libraries/micro_ros_arduino/src/cortex-m7/fpv5-sp-d16-hardfp) by extension 'ignore_ament_install'
[0.119s] Level 1:colcon.colcon_core.package_identification:_identify(libraries/micro_ros_arduino/src/cortex-m7/fpv5-sp-d16-hardfp) by extensions ['colcon_pkg']
[0.119s] Level 1:colcon.colcon_core.package_identification:_identify(libraries/micro_ros_arduino/src/cortex-m7/fpv5-sp-d16-hardfp) by extension 'colcon_pkg'
[0.119s] Level 1:colcon.colcon_core.package_identification:_identify(libraries/micro_ros_arduino/src/cortex-m7/fpv5-sp-d16-hardfp) by extensions ['colcon_meta']
[0.119s] Level 1:colcon.colcon_core.package_identification:_identify(libraries/micro_ros_arduino/src/cortex-m7/fpv5-sp-d16-hardfp) by extension 'colcon_meta'
[0.119s] Level 1:colcon.colcon_core.package_identification:_identify(libraries/micro_ros_arduino/src/cortex-m7/fpv5-sp-d16-hardfp) by extensions ['ros']
[0.119s] Level 1:colcon.colcon_core.package_identification:_identify(libraries/micro_ros_arduino/src/cortex-m7/fpv5-sp-d16-hardfp) by extension 'ros'
[0.119s] Level 1:colcon.colcon_core.package_identification:_identify(libraries/micro_ros_arduino/src/cortex-m7/fpv5-sp-d16-hardfp) by extensions ['cmake', 'python']
[0.119s] Level 1:colcon.colcon_core.package_identification:_identify(libraries/micro_ros_arduino/src/cortex-m7/fpv5-sp-d16-hardfp) by extension 'cmake'
[0.119s] Level 1:colcon.colcon_core.package_identification:_identify(libraries/micro_ros_arduino/src/cortex-m7/fpv5-sp-d16-hardfp) by extension 'python'
[0.119s] Level 1:colcon.colcon_core.package_identification:_identify(libraries/micro_ros_arduino/src/cortex-m7/fpv5-sp-d16-hardfp) by extensions ['python_setup_py']
[0.119s] Level 1:colcon.colcon_core.package_identification:_identify(libraries/micro_ros_arduino/src/cortex-m7/fpv5-sp-d16-hardfp) by extension 'python_setup_py'
[0.119s] Level 1:colcon.colcon_core.package_identification:_identify(libraries/micro_ros_arduino/src/cortex-m7/fpv5-sp-d16-softfp) by extensions ['ignore', 'ignore_ament_install']
[0.119s] Level 1:colcon.colcon_core.package_identification:_identify(libraries/micro_ros_arduino/src/cortex-m7/fpv5-sp-d16-softfp) by extension 'ignore'
[0.119s] Level 1:colcon.colcon_core.package_identification:_identify(libraries/micro_ros_arduino/src/cortex-m7/fpv5-sp-d16-softfp) by extension 'ignore_ament_install'
[0.119s] Level 1:colcon.colcon_core.package_identification:_identify(libraries/micro_ros_arduino/src/cortex-m7/fpv5-sp-d16-softfp) by extensions ['colcon_pkg']
[0.119s] Level 1:colcon.colcon_core.package_identification:_identify(libraries/micro_ros_arduino/src/cortex-m7/fpv5-sp-d16-softfp) by extension 'colcon_pkg'
[0.119s] Level 1:colcon.colcon_core.package_identification:_identify(libraries/micro_ros_arduino/src/cortex-m7/fpv5-sp-d16-softfp) by extensions ['colcon_meta']
[0.119s] Level 1:colcon.colcon_core.package_identification:_identify(libraries/micro_ros_arduino/src/cortex-m7/fpv5-sp-d16-softfp) by extension 'colcon_meta'
[0.119s] Level 1:colcon.colcon_core.package_identification:_identify(libraries/micro_ros_arduino/src/cortex-m7/fpv5-sp-d16-softfp) by extensions ['ros']
[0.119s] Level 1:colcon.colcon_core.package_identification:_identify(libraries/micro_ros_arduino/src/cortex-m7/fpv5-sp-d16-softfp) by extension 'ros'
[0.119s] Level 1:colcon.colcon_core.package_identification:_identify(libraries/micro_ros_arduino/src/cortex-m7/fpv5-sp-d16-softfp) by extensions ['cmake', 'python']
[0.119s] Level 1:colcon.colcon_core.package_identification:_identify(libraries/micro_ros_arduino/src/cortex-m7/fpv5-sp-d16-softfp) by extension 'cmake'
[0.119s] Level 1:colcon.colcon_core.package_identification:_identify(libraries/micro_ros_arduino/src/cortex-m7/fpv5-sp-d16-softfp) by extension 'python'
[0.119s] Level 1:colcon.colcon_core.package_identification:_identify(libraries/micro_ros_arduino/src/cortex-m7/fpv5-sp-d16-softfp) by extensions ['python_setup_py']
[0.119s] Level 1:colcon.colcon_core.package_identification:_identify(libraries/micro_ros_arduino/src/cortex-m7/fpv5-sp-d16-softfp) by extension 'python_setup_py'
[0.119s] Level 1:colcon.colcon_core.package_identification:_identify(libraries/micro_ros_arduino/src/diagnostic_msgs) by extensions ['ignore', 'ignore_ament_install']
[0.119s] Level 1:colcon.colcon_core.package_identification:_identify(libraries/micro_ros_arduino/src/diagnostic_msgs) by extension 'ignore'
[0.119s] Level 1:colcon.colcon_core.package_identification:_identify(libraries/micro_ros_arduino/src/diagnostic_msgs) by extension 'ignore_ament_install'
[0.119s] Level 1:colcon.colcon_core.package_identification:_identify(libraries/micro_ros_arduino/src/diagnostic_msgs) by extensions ['colcon_pkg']
[0.119s] Level 1:colcon.colcon_core.package_identification:_identify(libraries/micro_ros_arduino/src/diagnostic_msgs) by extension 'colcon_pkg'
[0.119s] Level 1:colcon.colcon_core.package_identification:_identify(libraries/micro_ros_arduino/src/diagnostic_msgs) by extensions ['colcon_meta']
[0.119s] Level 1:colcon.colcon_core.package_identification:_identify(libraries/micro_ros_arduino/src/diagnostic_msgs) by extension 'colcon_meta'
[0.119s] Level 1:colcon.colcon_core.package_identification:_identify(libraries/micro_ros_arduino/src/diagnostic_msgs) by extensions ['ros']
[0.119s] Level 1:colcon.colcon_core.package_identification:_identify(libraries/micro_ros_arduino/src/diagnostic_msgs) by extension 'ros'
[0.119s] Level 1:colcon.colcon_core.package_identification:_identify(libraries/micro_ros_arduino/src/diagnostic_msgs) by extensions ['cmake', 'python']
[0.119s] Level 1:colcon.colcon_core.package_identification:_identify(libraries/micro_ros_arduino/src/diagnostic_msgs) by extension 'cmake'
[0.119s] Level 1:colcon.colcon_core.package_identification:_identify(libraries/micro_ros_arduino/src/diagnostic_msgs) by extension 'python'
[0.119s] Level 1:colcon.colcon_core.package_identification:_identify(libraries/micro_ros_arduino/src/diagnostic_msgs) by extensions ['python_setup_py']
[0.119s] Level 1:colcon.colcon_core.package_identification:_identify(libraries/micro_ros_arduino/src/diagnostic_msgs) by extension 'python_setup_py'
[0.119s] Level 1:colcon.colcon_core.package_identification:_identify(libraries/micro_ros_arduino/src/diagnostic_msgs/msg) by extensions ['ignore', 'ignore_ament_install']
[0.119s] Level 1:colcon.colcon_core.package_identification:_identify(libraries/micro_ros_arduino/src/diagnostic_msgs/msg) by extension 'ignore'
[0.119s] Level 1:colcon.colcon_core.package_identification:_identify(libraries/micro_ros_arduino/src/diagnostic_msgs/msg) by extension 'ignore_ament_install'
[0.119s] Level 1:colcon.colcon_core.package_identification:_identify(libraries/micro_ros_arduino/src/diagnostic_msgs/msg) by extensions ['colcon_pkg']
[0.119s] Level 1:colcon.colcon_core.package_identification:_identify(libraries/micro_ros_arduino/src/diagnostic_msgs/msg) by extension 'colcon_pkg'
[0.120s] Level 1:colcon.colcon_core.package_identification:_identify(libraries/micro_ros_arduino/src/diagnostic_msgs/msg) by extensions ['colcon_meta']
[0.120s] Level 1:colcon.colcon_core.package_identification:_identify(libraries/micro_ros_arduino/src/diagnostic_msgs/msg) by extension 'colcon_meta'
[0.120s] Level 1:colcon.colcon_core.package_identification:_identify(libraries/micro_ros_arduino/src/diagnostic_msgs/msg) by extensions ['ros']
[0.120s] Level 1:colcon.colcon_core.package_identification:_identify(libraries/micro_ros_arduino/src/diagnostic_msgs/msg) by extension 'ros'
[0.120s] Level 1:colcon.colcon_core.package_identification:_identify(libraries/micro_ros_arduino/src/diagnostic_msgs/msg) by extensions ['cmake', 'python']
[0.120s] Level 1:colcon.colcon_core.package_identification:_identify(libraries/micro_ros_arduino/src/diagnostic_msgs/msg) by extension 'cmake'
[0.120s] Level 1:colcon.colcon_core.package_identification:_identify(libraries/micro_ros_arduino/src/diagnostic_msgs/msg) by extension 'python'
[0.120s] Level 1:colcon.colcon_core.package_identification:_identify(libraries/micro_ros_arduino/src/diagnostic_msgs/msg) by extensions ['python_setup_py']
[0.120s] Level 1:colcon.colcon_core.package_identification:_identify(libraries/micro_ros_arduino/src/diagnostic_msgs/msg) by extension 'python_setup_py'
[0.120s] Level 1:colcon.colcon_core.package_identification:_identify(libraries/micro_ros_arduino/src/diagnostic_msgs/msg/detail) by extensions ['ignore', 'ignore_ament_install']
[0.120s] Level 1:colcon.colcon_core.package_identification:_identify(libraries/micro_ros_arduino/src/diagnostic_msgs/msg/detail) by extension 'ignore'
[0.120s] Level 1:colcon.colcon_core.package_identification:_identify(libraries/micro_ros_arduino/src/diagnostic_msgs/msg/detail) by extension 'ignore_ament_install'
[0.120s] Level 1:colcon.colcon_core.package_identification:_identify(libraries/micro_ros_arduino/src/diagnostic_msgs/msg/detail) by extensions ['colcon_pkg']
[0.120s] Level 1:colcon.colcon_core.package_identification:_identify(libraries/micro_ros_arduino/src/diagnostic_msgs/msg/detail) by extension 'colcon_pkg'
[0.120s] Level 1:colcon.colcon_core.package_identification:_identify(libraries/micro_ros_arduino/src/diagnostic_msgs/msg/detail) by extensions ['colcon_meta']
[0.120s] Level 1:colcon.colcon_core.package_identification:_identify(libraries/micro_ros_arduino/src/diagnostic_msgs/msg/detail) by extension 'colcon_meta'
[0.120s] Level 1:colcon.colcon_core.package_identification:_identify(libraries/micro_ros_arduino/src/diagnostic_msgs/msg/detail) by extensions ['ros']
[0.120s] Level 1:colcon.colcon_core.package_identification:_identify(libraries/micro_ros_arduino/src/diagnostic_msgs/msg/detail) by extension 'ros'
[0.120s] Level 1:colcon.colcon_core.package_identification:_identify(libraries/micro_ros_arduino/src/diagnostic_msgs/msg/detail) by extensions ['cmake', 'python']
[0.120s] Level 1:colcon.colcon_core.package_identification:_identify(libraries/micro_ros_arduino/src/diagnostic_msgs/msg/detail) by extension 'cmake'
[0.120s] Level 1:colcon.colcon_core.package_identification:_identify(libraries/micro_ros_arduino/src/diagnostic_msgs/msg/detail) by extension 'python'
[0.120s] Level 1:colcon.colcon_core.package_identification:_identify(libraries/micro_ros_arduino/src/diagnostic_msgs/msg/detail) by extensions ['python_setup_py']
[0.120s] Level 1:colcon.colcon_core.package_identification:_identify(libraries/micro_ros_arduino/src/diagnostic_msgs/msg/detail) by extension 'python_setup_py'
[0.120s] Level 1:colcon.colcon_core.package_identification:_identify(libraries/micro_ros_arduino/src/diagnostic_msgs/srv) by extensions ['ignore', 'ignore_ament_install']
[0.120s] Level 1:colcon.colcon_core.package_identification:_identify(libraries/micro_ros_arduino/src/diagnostic_msgs/srv) by extension 'ignore'
[0.120s] Level 1:colcon.colcon_core.package_identification:_identify(libraries/micro_ros_arduino/src/diagnostic_msgs/srv) by extension 'ignore_ament_install'
[0.120s] Level 1:colcon.colcon_core.package_identification:_identify(libraries/micro_ros_arduino/src/diagnostic_msgs/srv) by extensions ['colcon_pkg']
[0.120s] Level 1:colcon.colcon_core.package_identification:_identify(libraries/micro_ros_arduino/src/diagnostic_msgs/srv) by extension 'colcon_pkg'
[0.120s] Level 1:colcon.colcon_core.package_identification:_identify(libraries/micro_ros_arduino/src/diagnostic_msgs/srv) by extensions ['colcon_meta']
[0.120s] Level 1:colcon.colcon_core.package_identification:_identify(libraries/micro_ros_arduino/src/diagnostic_msgs/srv) by extension 'colcon_meta'
[0.120s] Level 1:colcon.colcon_core.package_identification:_identify(libraries/micro_ros_arduino/src/diagnostic_msgs/srv) by extensions ['ros']
[0.120s] Level 1:colcon.colcon_core.package_identification:_identify(libraries/micro_ros_arduino/src/diagnostic_msgs/srv) by extension 'ros'
[0.120s] Level 1:colcon.colcon_core.package_identification:_identify(libraries/micro_ros_arduino/src/diagnostic_msgs/srv) by extensions ['cmake', 'python']
[0.120s] Level 1:colcon.colcon_core.package_identification:_identify(libraries/micro_ros_arduino/src/diagnostic_msgs/srv) by extension 'cmake'
[0.120s] Level 1:colcon.colcon_core.package_identification:_identify(libraries/micro_ros_arduino/src/diagnostic_msgs/srv) by extension 'python'
[0.120s] Level 1:colcon.colcon_core.package_identification:_identify(libraries/micro_ros_arduino/src/diagnostic_msgs/srv) by extensions ['python_setup_py']
[0.120s] Level 1:colcon.colcon_core.package_identification:_identify(libraries/micro_ros_arduino/src/diagnostic_msgs/srv) by extension 'python_setup_py'
[0.120s] Level 1:colcon.colcon_core.package_identification:_identify(libraries/micro_ros_arduino/src/diagnostic_msgs/srv/detail) by extensions ['ignore', 'ignore_ament_install']
[0.120s] Level 1:colcon.colcon_core.package_identification:_identify(libraries/micro_ros_arduino/src/diagnostic_msgs/srv/detail) by extension 'ignore'
[0.120s] Level 1:colcon.colcon_core.package_identification:_identify(libraries/micro_ros_arduino/src/diagnostic_msgs/srv/detail) by extension 'ignore_ament_install'
[0.120s] Level 1:colcon.colcon_core.package_identification:_identify(libraries/micro_ros_arduino/src/diagnostic_msgs/srv/detail) by extensions ['colcon_pkg']
[0.120s] Level 1:colcon.colcon_core.package_identification:_identify(libraries/micro_ros_arduino/src/diagnostic_msgs/srv/detail) by extension 'colcon_pkg'
[0.120s] Level 1:colcon.colcon_core.package_identification:_identify(libraries/micro_ros_arduino/src/diagnostic_msgs/srv/detail) by extensions ['colcon_meta']
[0.120s] Level 1:colcon.colcon_core.package_identification:_identify(libraries/micro_ros_arduino/src/diagnostic_msgs/srv/detail) by extension 'colcon_meta'
[0.120s] Level 1:colcon.colcon_core.package_identification:_identify(libraries/micro_ros_arduino/src/diagnostic_msgs/srv/detail) by extensions ['ros']
[0.120s] Level 1:colcon.colcon_core.package_identification:_identify(libraries/micro_ros_arduino/src/diagnostic_msgs/srv/detail) by extension 'ros'
[0.121s] Level 1:colcon.colcon_core.package_identification:_identify(libraries/micro_ros_arduino/src/diagnostic_msgs/srv/detail) by extensions ['cmake', 'python']
[0.121s] Level 1:colcon.colcon_core.package_identification:_identify(libraries/micro_ros_arduino/src/diagnostic_msgs/srv/detail) by extension 'cmake'
[0.121s] Level 1:colcon.colcon_core.package_identification:_identify(libraries/micro_ros_arduino/src/diagnostic_msgs/srv/detail) by extension 'python'
[0.121s] Level 1:colcon.colcon_core.package_identification:_identify(libraries/micro_ros_arduino/src/diagnostic_msgs/srv/detail) by extensions ['python_setup_py']
[0.121s] Level 1:colcon.colcon_core.package_identification:_identify(libraries/micro_ros_arduino/src/diagnostic_msgs/srv/detail) by extension 'python_setup_py'
[0.121s] Level 1:colcon.colcon_core.package_identification:_identify(libraries/micro_ros_arduino/src/esp32) by extensions ['ignore', 'ignore_ament_install']
[0.121s] Level 1:colcon.colcon_core.package_identification:_identify(libraries/micro_ros_arduino/src/esp32) by extension 'ignore'
[0.121s] Level 1:colcon.colcon_core.package_identification:_identify(libraries/micro_ros_arduino/src/esp32) by extension 'ignore_ament_install'
[0.121s] Level 1:colcon.colcon_core.package_identification:_identify(libraries/micro_ros_arduino/src/esp32) by extensions ['colcon_pkg']
[0.121s] Level 1:colcon.colcon_core.package_identification:_identify(libraries/micro_ros_arduino/src/esp32) by extension 'colcon_pkg'
[0.121s] Level 1:colcon.colcon_core.package_identification:_identify(libraries/micro_ros_arduino/src/esp32) by extensions ['colcon_meta']
[0.121s] Level 1:colcon.colcon_core.package_identification:_identify(libraries/micro_ros_arduino/src/esp32) by extension 'colcon_meta'
[0.121s] Level 1:colcon.colcon_core.package_identification:_identify(libraries/micro_ros_arduino/src/esp32) by extensions ['ros']
[0.121s] Level 1:colcon.colcon_core.package_identification:_identify(libraries/micro_ros_arduino/src/esp32) by extension 'ros'
[0.121s] Level 1:colcon.colcon_core.package_identification:_identify(libraries/micro_ros_arduino/src/esp32) by extensions ['cmake', 'python']
[0.121s] Level 1:colcon.colcon_core.package_identification:_identify(libraries/micro_ros_arduino/src/esp32) by extension 'cmake'
[0.121s] Level 1:colcon.colcon_core.package_identification:_identify(libraries/micro_ros_arduino/src/esp32) by extension 'python'
[0.121s] Level 1:colcon.colcon_core.package_identification:_identify(libraries/micro_ros_arduino/src/esp32) by extensions ['python_setup_py']
[0.121s] Level 1:colcon.colcon_core.package_identification:_identify(libraries/micro_ros_arduino/src/esp32) by extension 'python_setup_py'
[0.121s] Level 1:colcon.colcon_core.package_identification:_identify(libraries/micro_ros_arduino/src/example_interfaces) by extensions ['ignore', 'ignore_ament_install']
[0.121s] Level 1:colcon.colcon_core.package_identification:_identify(libraries/micro_ros_arduino/src/example_interfaces) by extension 'ignore'
[0.121s] Level 1:colcon.colcon_core.package_identification:_identify(libraries/micro_ros_arduino/src/example_interfaces) by extension 'ignore_ament_install'
[0.121s] Level 1:colcon.colcon_core.package_identification:_identify(libraries/micro_ros_arduino/src/example_interfaces) by extensions ['colcon_pkg']
[0.121s] Level 1:colcon.colcon_core.package_identification:_identify(libraries/micro_ros_arduino/src/example_interfaces) by extension 'colcon_pkg'
[0.121s] Level 1:colcon.colcon_core.package_identification:_identify(libraries/micro_ros_arduino/src/example_interfaces) by extensions ['colcon_meta']
[0.121s] Level 1:colcon.colcon_core.package_identification:_identify(libraries/micro_ros_arduino/src/example_interfaces) by extension 'colcon_meta'
[0.121s] Level 1:colcon.colcon_core.package_identification:_identify(libraries/micro_ros_arduino/src/example_interfaces) by extensions ['ros']
[0.121s] Level 1:colcon.colcon_core.package_identification:_identify(libraries/micro_ros_arduino/src/example_interfaces) by extension 'ros'
[0.121s] Level 1:colcon.colcon_core.package_identification:_identify(libraries/micro_ros_arduino/src/example_interfaces) by extensions ['cmake', 'python']
[0.121s] Level 1:colcon.colcon_core.package_identification:_identify(libraries/micro_ros_arduino/src/example_interfaces) by extension 'cmake'
[0.121s] Level 1:colcon.colcon_core.package_identification:_identify(libraries/micro_ros_arduino/src/example_interfaces) by extension 'python'
[0.121s] Level 1:colcon.colcon_core.package_identification:_identify(libraries/micro_ros_arduino/src/example_interfaces) by extensions ['python_setup_py']
[0.121s] Level 1:colcon.colcon_core.package_identification:_identify(libraries/micro_ros_arduino/src/example_interfaces) by extension 'python_setup_py'
[0.121s] Level 1:colcon.colcon_core.package_identification:_identify(libraries/micro_ros_arduino/src/example_interfaces/action) by extensions ['ignore', 'ignore_ament_install']
[0.121s] Level 1:colcon.colcon_core.package_identification:_identify(libraries/micro_ros_arduino/src/example_interfaces/action) by extension 'ignore'
[0.121s] Level 1:colcon.colcon_core.package_identification:_identify(libraries/micro_ros_arduino/src/example_interfaces/action) by extension 'ignore_ament_install'
[0.121s] Level 1:colcon.colcon_core.package_identification:_identify(libraries/micro_ros_arduino/src/example_interfaces/action) by extensions ['colcon_pkg']
[0.121s] Level 1:colcon.colcon_core.package_identification:_identify(libraries/micro_ros_arduino/src/example_interfaces/action) by extension 'colcon_pkg'
[0.121s] Level 1:colcon.colcon_core.package_identification:_identify(libraries/micro_ros_arduino/src/example_interfaces/action) by extensions ['colcon_meta']
[0.121s] Level 1:colcon.colcon_core.package_identification:_identify(libraries/micro_ros_arduino/src/example_interfaces/action) by extension 'colcon_meta'
[0.121s] Level 1:colcon.colcon_core.package_identification:_identify(libraries/micro_ros_arduino/src/example_interfaces/action) by extensions ['ros']
[0.121s] Level 1:colcon.colcon_core.package_identification:_identify(libraries/micro_ros_arduino/src/example_interfaces/action) by extension 'ros'
[0.121s] Level 1:colcon.colcon_core.package_identification:_identify(libraries/micro_ros_arduino/src/example_interfaces/action) by extensions ['cmake', 'python']
[0.121s] Level 1:colcon.colcon_core.package_identification:_identify(libraries/micro_ros_arduino/src/example_interfaces/action) by extension 'cmake'
[0.121s] Level 1:colcon.colcon_core.package_identification:_identify(libraries/micro_ros_arduino/src/example_interfaces/action) by extension 'python'
[0.121s] Level 1:colcon.colcon_core.package_identification:_identify(libraries/micro_ros_arduino/src/example_interfaces/action) by extensions ['python_setup_py']
[0.121s] Level 1:colcon.colcon_core.package_identification:_identify(libraries/micro_ros_arduino/src/example_interfaces/action) by extension 'python_setup_py'
[0.122s] Level 1:colcon.colcon_core.package_identification:_identify(libraries/micro_ros_arduino/src/example_interfaces/action/detail) by extensions ['ignore', 'ignore_ament_install']
[0.122s] Level 1:colcon.colcon_core.package_identification:_identify(libraries/micro_ros_arduino/src/example_interfaces/action/detail) by extension 'ignore'
[0.122s] Level 1:colcon.colcon_core.package_identification:_identify(libraries/micro_ros_arduino/src/example_interfaces/action/detail) by extension 'ignore_ament_install'
[0.122s] Level 1:colcon.colcon_core.package_identification:_identify(libraries/micro_ros_arduino/src/example_interfaces/action/detail) by extensions ['colcon_pkg']
[0.122s] Level 1:colcon.colcon_core.package_identification:_identify(libraries/micro_ros_arduino/src/example_interfaces/action/detail) by extension 'colcon_pkg'
[0.122s] Level 1:colcon.colcon_core.package_identification:_identify(libraries/micro_ros_arduino/src/example_interfaces/action/detail) by extensions ['colcon_meta']
[0.122s] Level 1:colcon.colcon_core.package_identification:_identify(libraries/micro_ros_arduino/src/example_interfaces/action/detail) by extension 'colcon_meta'
[0.122s] Level 1:colcon.colcon_core.package_identification:_identify(libraries/micro_ros_arduino/src/example_interfaces/action/detail) by extensions ['ros']
[0.122s] Level 1:colcon.colcon_core.package_identification:_identify(libraries/micro_ros_arduino/src/example_interfaces/action/detail) by extension 'ros'
[0.122s] Level 1:colcon.colcon_core.package_identification:_identify(libraries/micro_ros_arduino/src/example_interfaces/action/detail) by extensions ['cmake', 'python']
[0.122s] Level 1:colcon.colcon_core.package_identification:_identify(libraries/micro_ros_arduino/src/example_interfaces/action/detail) by extension 'cmake'
[0.122s] Level 1:colcon.colcon_core.package_identification:_identify(libraries/micro_ros_arduino/src/example_interfaces/action/detail) by extension 'python'
[0.122s] Level 1:colcon.colcon_core.package_identification:_identify(libraries/micro_ros_arduino/src/example_interfaces/action/detail) by extensions ['python_setup_py']
[0.122s] Level 1:colcon.colcon_core.package_identification:_identify(libraries/micro_ros_arduino/src/example_interfaces/action/detail) by extension 'python_setup_py'
[0.122s] Level 1:colcon.colcon_core.package_identification:_identify(libraries/micro_ros_arduino/src/example_interfaces/msg) by extensions ['ignore', 'ignore_ament_install']
[0.122s] Level 1:colcon.colcon_core.package_identification:_identify(libraries/micro_ros_arduino/src/example_interfaces/msg) by extension 'ignore'
[0.122s] Level 1:colcon.colcon_core.package_identification:_identify(libraries/micro_ros_arduino/src/example_interfaces/msg) by extension 'ignore_ament_install'
[0.122s] Level 1:colcon.colcon_core.package_identification:_identify(libraries/micro_ros_arduino/src/example_interfaces/msg) by extensions ['colcon_pkg']
[0.122s] Level 1:colcon.colcon_core.package_identification:_identify(libraries/micro_ros_arduino/src/example_interfaces/msg) by extension 'colcon_pkg'
[0.122s] Level 1:colcon.colcon_core.package_identification:_identify(libraries/micro_ros_arduino/src/example_interfaces/msg) by extensions ['colcon_meta']
[0.122s] Level 1:colcon.colcon_core.package_identification:_identify(libraries/micro_ros_arduino/src/example_interfaces/msg) by extension 'colcon_meta'
[0.122s] Level 1:colcon.colcon_core.package_identification:_identify(libraries/micro_ros_arduino/src/example_interfaces/msg) by extensions ['ros']
[0.122s] Level 1:colcon.colcon_core.package_identification:_identify(libraries/micro_ros_arduino/src/example_interfaces/msg) by extension 'ros'
[0.122s] Level 1:colcon.colcon_core.package_identification:_identify(libraries/micro_ros_arduino/src/example_interfaces/msg) by extensions ['cmake', 'python']
[0.122s] Level 1:colcon.colcon_core.package_identification:_identify(libraries/micro_ros_arduino/src/example_interfaces/msg) by extension 'cmake'
[0.122s] Level 1:colcon.colcon_core.package_identification:_identify(libraries/micro_ros_arduino/src/example_interfaces/msg) by extension 'python'
[0.122s] Level 1:colcon.colcon_core.package_identification:_identify(libraries/micro_ros_arduino/src/example_interfaces/msg) by extensions ['python_setup_py']
[0.122s] Level 1:colcon.colcon_core.package_identification:_identify(libraries/micro_ros_arduino/src/example_interfaces/msg) by extension 'python_setup_py'
[0.122s] Level 1:colcon.colcon_core.package_identification:_identify(libraries/micro_ros_arduino/src/example_interfaces/msg/detail) by extensions ['ignore', 'ignore_ament_install']
[0.122s] Level 1:colcon.colcon_core.package_identification:_identify(libraries/micro_ros_arduino/src/example_interfaces/msg/detail) by extension 'ignore'
[0.122s] Level 1:colcon.colcon_core.package_identification:_identify(libraries/micro_ros_arduino/src/example_interfaces/msg/detail) by extension 'ignore_ament_install'
[0.122s] Level 1:colcon.colcon_core.package_identification:_identify(libraries/micro_ros_arduino/src/example_interfaces/msg/detail) by extensions ['colcon_pkg']
[0.122s] Level 1:colcon.colcon_core.package_identification:_identify(libraries/micro_ros_arduino/src/example_interfaces/msg/detail) by extension 'colcon_pkg'
[0.122s] Level 1:colcon.colcon_core.package_identification:_identify(libraries/micro_ros_arduino/src/example_interfaces/msg/detail) by extensions ['colcon_meta']
[0.122s] Level 1:colcon.colcon_core.package_identification:_identify(libraries/micro_ros_arduino/src/example_interfaces/msg/detail) by extension 'colcon_meta'
[0.122s] Level 1:colcon.colcon_core.package_identification:_identify(libraries/micro_ros_arduino/src/example_interfaces/msg/detail) by extensions ['ros']
[0.122s] Level 1:colcon.colcon_core.package_identification:_identify(libraries/micro_ros_arduino/src/example_interfaces/msg/detail) by extension 'ros'
[0.122s] Level 1:colcon.colcon_core.package_identification:_identify(libraries/micro_ros_arduino/src/example_interfaces/msg/detail) by extensions ['cmake', 'python']
[0.122s] Level 1:colcon.colcon_core.package_identification:_identify(libraries/micro_ros_arduino/src/example_interfaces/msg/detail) by extension 'cmake'
[0.123s] Level 1:colcon.colcon_core.package_identification:_identify(libraries/micro_ros_arduino/src/example_interfaces/msg/detail) by extension 'python'
[0.123s] Level 1:colcon.colcon_core.package_identification:_identify(libraries/micro_ros_arduino/src/example_interfaces/msg/detail) by extensions ['python_setup_py']
[0.123s] Level 1:colcon.colcon_core.package_identification:_identify(libraries/micro_ros_arduino/src/example_interfaces/msg/detail) by extension 'python_setup_py'
[0.123s] Level 1:colcon.colcon_core.package_identification:_identify(libraries/micro_ros_arduino/src/example_interfaces/srv) by extensions ['ignore', 'ignore_ament_install']
[0.123s] Level 1:colcon.colcon_core.package_identification:_identify(libraries/micro_ros_arduino/src/example_interfaces/srv) by extension 'ignore'
[0.123s] Level 1:colcon.colcon_core.package_identification:_identify(libraries/micro_ros_arduino/src/example_interfaces/srv) by extension 'ignore_ament_install'
[0.123s] Level 1:colcon.colcon_core.package_identification:_identify(libraries/micro_ros_arduino/src/example_interfaces/srv) by extensions ['colcon_pkg']
[0.123s] Level 1:colcon.colcon_core.package_identification:_identify(libraries/micro_ros_arduino/src/example_interfaces/srv) by extension 'colcon_pkg'
[0.123s] Level 1:colcon.colcon_core.package_identification:_identify(libraries/micro_ros_arduino/src/example_interfaces/srv) by extensions ['colcon_meta']
[0.123s] Level 1:colcon.colcon_core.package_identification:_identify(libraries/micro_ros_arduino/src/example_interfaces/srv) by extension 'colcon_meta'
[0.123s] Level 1:colcon.colcon_core.package_identification:_identify(libraries/micro_ros_arduino/src/example_interfaces/srv) by extensions ['ros']
[0.123s] Level 1:colcon.colcon_core.package_identification:_identify(libraries/micro_ros_arduino/src/example_interfaces/srv) by extension 'ros'
[0.123s] Level 1:colcon.colcon_core.package_identification:_identify(libraries/micro_ros_arduino/src/example_interfaces/srv) by extensions ['cmake', 'python']
[0.123s] Level 1:colcon.colcon_core.package_identification:_identify(libraries/micro_ros_arduino/src/example_interfaces/srv) by extension 'cmake'
[0.123s] Level 1:colcon.colcon_core.package_identification:_identify(libraries/micro_ros_arduino/src/example_interfaces/srv) by extension 'python'
[0.123s] Level 1:colcon.colcon_core.package_identification:_identify(libraries/micro_ros_arduino/src/example_interfaces/srv) by extensions ['python_setup_py']
[0.123s] Level 1:colcon.colcon_core.package_identification:_identify(libraries/micro_ros_arduino/src/example_interfaces/srv) by extension 'python_setup_py'
[0.123s] Level 1:colcon.colcon_core.package_identification:_identify(libraries/micro_ros_arduino/src/example_interfaces/srv/detail) by extensions ['ignore', 'ignore_ament_install']
[0.123s] Level 1:colcon.colcon_core.package_identification:_identify(libraries/micro_ros_arduino/src/example_interfaces/srv/detail) by extension 'ignore'
[0.123s] Level 1:colcon.colcon_core.package_identification:_identify(libraries/micro_ros_arduino/src/example_interfaces/srv/detail) by extension 'ignore_ament_install'
[0.123s] Level 1:colcon.colcon_core.package_identification:_identify(libraries/micro_ros_arduino/src/example_interfaces/srv/detail) by extensions ['colcon_pkg']
[0.123s] Level 1:colcon.colcon_core.package_identification:_identify(libraries/micro_ros_arduino/src/example_interfaces/srv/detail) by extension 'colcon_pkg'
[0.123s] Level 1:colcon.colcon_core.package_identification:_identify(libraries/micro_ros_arduino/src/example_interfaces/srv/detail) by extensions ['colcon_meta']
[0.123s] Level 1:colcon.colcon_core.package_identification:_identify(libraries/micro_ros_arduino/src/example_interfaces/srv/detail) by extension 'colcon_meta'
[0.123s] Level 1:colcon.colcon_core.package_identification:_identify(libraries/micro_ros_arduino/src/example_interfaces/srv/detail) by extensions ['ros']
[0.123s] Level 1:colcon.colcon_core.package_identification:_identify(libraries/micro_ros_arduino/src/example_interfaces/srv/detail) by extension 'ros'
[0.123s] Level 1:colcon.colcon_core.package_identification:_identify(libraries/micro_ros_arduino/src/example_interfaces/srv/detail) by extensions ['cmake', 'python']
[0.123s] Level 1:colcon.colcon_core.package_identification:_identify(libraries/micro_ros_arduino/src/example_interfaces/srv/detail) by extension 'cmake'
[0.123s] Level 1:colcon.colcon_core.package_identification:_identify(libraries/micro_ros_arduino/src/example_interfaces/srv/detail) by extension 'python'
[0.123s] Level 1:colcon.colcon_core.package_identification:_identify(libraries/micro_ros_arduino/src/example_interfaces/srv/detail) by extensions ['python_setup_py']
[0.123s] Level 1:colcon.colcon_core.package_identification:_identify(libraries/micro_ros_arduino/src/example_interfaces/srv/detail) by extension 'python_setup_py'
[0.123s] Level 1:colcon.colcon_core.package_identification:_identify(libraries/micro_ros_arduino/src/geometry_msgs) by extensions ['ignore', 'ignore_ament_install']
[0.123s] Level 1:colcon.colcon_core.package_identification:_identify(libraries/micro_ros_arduino/src/geometry_msgs) by extension 'ignore'
[0.123s] Level 1:colcon.colcon_core.package_identification:_identify(libraries/micro_ros_arduino/src/geometry_msgs) by extension 'ignore_ament_install'
[0.123s] Level 1:colcon.colcon_core.package_identification:_identify(libraries/micro_ros_arduino/src/geometry_msgs) by extensions ['colcon_pkg']
[0.123s] Level 1:colcon.colcon_core.package_identification:_identify(libraries/micro_ros_arduino/src/geometry_msgs) by extension 'colcon_pkg'
[0.123s] Level 1:colcon.colcon_core.package_identification:_identify(libraries/micro_ros_arduino/src/geometry_msgs) by extensions ['colcon_meta']
[0.123s] Level 1:colcon.colcon_core.package_identification:_identify(libraries/micro_ros_arduino/src/geometry_msgs) by extension 'colcon_meta'
[0.123s] Level 1:colcon.colcon_core.package_identification:_identify(libraries/micro_ros_arduino/src/geometry_msgs) by extensions ['ros']
[0.123s] Level 1:colcon.colcon_core.package_identification:_identify(libraries/micro_ros_arduino/src/geometry_msgs) by extension 'ros'
[0.123s] Level 1:colcon.colcon_core.package_identification:_identify(libraries/micro_ros_arduino/src/geometry_msgs) by extensions ['cmake', 'python']
[0.123s] Level 1:colcon.colcon_core.package_identification:_identify(libraries/micro_ros_arduino/src/geometry_msgs) by extension 'cmake'
[0.123s] Level 1:colcon.colcon_core.package_identification:_identify(libraries/micro_ros_arduino/src/geometry_msgs) by extension 'python'
[0.123s] Level 1:colcon.colcon_core.package_identification:_identify(libraries/micro_ros_arduino/src/geometry_msgs) by extensions ['python_setup_py']
[0.123s] Level 1:colcon.colcon_core.package_identification:_identify(libraries/micro_ros_arduino/src/geometry_msgs) by extension 'python_setup_py'
[0.123s] Level 1:colcon.colcon_core.package_identification:_identify(libraries/micro_ros_arduino/src/geometry_msgs/msg) by extensions ['ignore', 'ignore_ament_install']
[0.124s] Level 1:colcon.colcon_core.package_identification:_identify(libraries/micro_ros_arduino/src/geometry_msgs/msg) by extension 'ignore'
[0.124s] Level 1:colcon.colcon_core.package_identification:_identify(libraries/micro_ros_arduino/src/geometry_msgs/msg) by extension 'ignore_ament_install'
[0.124s] Level 1:colcon.colcon_core.package_identification:_identify(libraries/micro_ros_arduino/src/geometry_msgs/msg) by extensions ['colcon_pkg']
[0.124s] Level 1:colcon.colcon_core.package_identification:_identify(libraries/micro_ros_arduino/src/geometry_msgs/msg) by extension 'colcon_pkg'
[0.124s] Level 1:colcon.colcon_core.package_identification:_identify(libraries/micro_ros_arduino/src/geometry_msgs/msg) by extensions ['colcon_meta']
[0.124s] Level 1:colcon.colcon_core.package_identification:_identify(libraries/micro_ros_arduino/src/geometry_msgs/msg) by extension 'colcon_meta'
[0.124s] Level 1:colcon.colcon_core.package_identification:_identify(libraries/micro_ros_arduino/src/geometry_msgs/msg) by extensions ['ros']
[0.124s] Level 1:colcon.colcon_core.package_identification:_identify(libraries/micro_ros_arduino/src/geometry_msgs/msg) by extension 'ros'
[0.124s] Level 1:colcon.colcon_core.package_identification:_identify(libraries/micro_ros_arduino/src/geometry_msgs/msg) by extensions ['cmake', 'python']
[0.124s] Level 1:colcon.colcon_core.package_identification:_identify(libraries/micro_ros_arduino/src/geometry_msgs/msg) by extension 'cmake'
[0.124s] Level 1:colcon.colcon_core.package_identification:_identify(libraries/micro_ros_arduino/src/geometry_msgs/msg) by extension 'python'
[0.124s] Level 1:colcon.colcon_core.package_identification:_identify(libraries/micro_ros_arduino/src/geometry_msgs/msg) by extensions ['python_setup_py']
[0.124s] Level 1:colcon.colcon_core.package_identification:_identify(libraries/micro_ros_arduino/src/geometry_msgs/msg) by extension 'python_setup_py'
[0.124s] Level 1:colcon.colcon_core.package_identification:_identify(libraries/micro_ros_arduino/src/geometry_msgs/msg/detail) by extensions ['ignore', 'ignore_ament_install']
[0.124s] Level 1:colcon.colcon_core.package_identification:_identify(libraries/micro_ros_arduino/src/geometry_msgs/msg/detail) by extension 'ignore'
[0.124s] Level 1:colcon.colcon_core.package_identification:_identify(libraries/micro_ros_arduino/src/geometry_msgs/msg/detail) by extension 'ignore_ament_install'
[0.124s] Level 1:colcon.colcon_core.package_identification:_identify(libraries/micro_ros_arduino/src/geometry_msgs/msg/detail) by extensions ['colcon_pkg']
[0.124s] Level 1:colcon.colcon_core.package_identification:_identify(libraries/micro_ros_arduino/src/geometry_msgs/msg/detail) by extension 'colcon_pkg'
[0.124s] Level 1:colcon.colcon_core.package_identification:_identify(libraries/micro_ros_arduino/src/geometry_msgs/msg/detail) by extensions ['colcon_meta']
[0.124s] Level 1:colcon.colcon_core.package_identification:_identify(libraries/micro_ros_arduino/src/geometry_msgs/msg/detail) by extension 'colcon_meta'
[0.124s] Level 1:colcon.colcon_core.package_identification:_identify(libraries/micro_ros_arduino/src/geometry_msgs/msg/detail) by extensions ['ros']
[0.124s] Level 1:colcon.colcon_core.package_identification:_identify(libraries/micro_ros_arduino/src/geometry_msgs/msg/detail) by extension 'ros'
[0.124s] Level 1:colcon.colcon_core.package_identification:_identify(libraries/micro_ros_arduino/src/geometry_msgs/msg/detail) by extensions ['cmake', 'python']
[0.124s] Level 1:colcon.colcon_core.package_identification:_identify(libraries/micro_ros_arduino/src/geometry_msgs/msg/detail) by extension 'cmake'
[0.124s] Level 1:colcon.colcon_core.package_identification:_identify(libraries/micro_ros_arduino/src/geometry_msgs/msg/detail) by extension 'python'
[0.124s] Level 1:colcon.colcon_core.package_identification:_identify(libraries/micro_ros_arduino/src/geometry_msgs/msg/detail) by extensions ['python_setup_py']
[0.124s] Level 1:colcon.colcon_core.package_identification:_identify(libraries/micro_ros_arduino/src/geometry_msgs/msg/detail) by extension 'python_setup_py'
[0.124s] Level 1:colcon.colcon_core.package_identification:_identify(libraries/micro_ros_arduino/src/imxrt1062) by extensions ['ignore', 'ignore_ament_install']
[0.124s] Level 1:colcon.colcon_core.package_identification:_identify(libraries/micro_ros_arduino/src/imxrt1062) by extension 'ignore'
[0.124s] Level 1:colcon.colcon_core.package_identification:_identify(libraries/micro_ros_arduino/src/imxrt1062) by extension 'ignore_ament_install'
[0.124s] Level 1:colcon.colcon_core.package_identification:_identify(libraries/micro_ros_arduino/src/imxrt1062) by extensions ['colcon_pkg']
[0.124s] Level 1:colcon.colcon_core.package_identification:_identify(libraries/micro_ros_arduino/src/imxrt1062) by extension 'colcon_pkg'
[0.124s] Level 1:colcon.colcon_core.package_identification:_identify(libraries/micro_ros_arduino/src/imxrt1062) by extensions ['colcon_meta']
[0.124s] Level 1:colcon.colcon_core.package_identification:_identify(libraries/micro_ros_arduino/src/imxrt1062) by extension 'colcon_meta'
[0.124s] Level 1:colcon.colcon_core.package_identification:_identify(libraries/micro_ros_arduino/src/imxrt1062) by extensions ['ros']
[0.124s] Level 1:colcon.colcon_core.package_identification:_identify(libraries/micro_ros_arduino/src/imxrt1062) by extension 'ros'
[0.124s] Level 1:colcon.colcon_core.package_identification:_identify(libraries/micro_ros_arduino/src/imxrt1062) by extensions ['cmake', 'python']
[0.124s] Level 1:colcon.colcon_core.package_identification:_identify(libraries/micro_ros_arduino/src/imxrt1062) by extension 'cmake'
[0.124s] Level 1:colcon.colcon_core.package_identification:_identify(libraries/micro_ros_arduino/src/imxrt1062) by extension 'python'
[0.124s] Level 1:colcon.colcon_core.package_identification:_identify(libraries/micro_ros_arduino/src/imxrt1062) by extensions ['python_setup_py']
[0.124s] Level 1:colcon.colcon_core.package_identification:_identify(libraries/micro_ros_arduino/src/imxrt1062) by extension 'python_setup_py'
[0.124s] Level 1:colcon.colcon_core.package_identification:_identify(libraries/micro_ros_arduino/src/imxrt1062/fpv5-d16-hard) by extensions ['ignore', 'ignore_ament_install']
[0.125s] Level 1:colcon.colcon_core.package_identification:_identify(libraries/micro_ros_arduino/src/imxrt1062/fpv5-d16-hard) by extension 'ignore'
[0.125s] Level 1:colcon.colcon_core.package_identification:_identify(libraries/micro_ros_arduino/src/imxrt1062/fpv5-d16-hard) by extension 'ignore_ament_install'
[0.125s] Level 1:colcon.colcon_core.package_identification:_identify(libraries/micro_ros_arduino/src/imxrt1062/fpv5-d16-hard) by extensions ['colcon_pkg']
[0.125s] Level 1:colcon.colcon_core.package_identification:_identify(libraries/micro_ros_arduino/src/imxrt1062/fpv5-d16-hard) by extension 'colcon_pkg'
[0.125s] Level 1:colcon.colcon_core.package_identification:_identify(libraries/micro_ros_arduino/src/imxrt1062/fpv5-d16-hard) by extensions ['colcon_meta']
[0.125s] Level 1:colcon.colcon_core.package_identification:_identify(libraries/micro_ros_arduino/src/imxrt1062/fpv5-d16-hard) by extension 'colcon_meta'
[0.125s] Level 1:colcon.colcon_core.package_identification:_identify(libraries/micro_ros_arduino/src/imxrt1062/fpv5-d16-hard) by extensions ['ros']
[0.125s] Level 1:colcon.colcon_core.package_identification:_identify(libraries/micro_ros_arduino/src/imxrt1062/fpv5-d16-hard) by extension 'ros'
[0.125s] Level 1:colcon.colcon_core.package_identification:_identify(libraries/micro_ros_arduino/src/imxrt1062/fpv5-d16-hard) by extensions ['cmake', 'python']
[0.125s] Level 1:colcon.colcon_core.package_identification:_identify(libraries/micro_ros_arduino/src/imxrt1062/fpv5-d16-hard) by extension 'cmake'
[0.125s] Level 1:colcon.colcon_core.package_identification:_identify(libraries/micro_ros_arduino/src/imxrt1062/fpv5-d16-hard) by extension 'python'
[0.125s] Level 1:colcon.colcon_core.package_identification:_identify(libraries/micro_ros_arduino/src/imxrt1062/fpv5-d16-hard) by extensions ['python_setup_py']
[0.125s] Level 1:colcon.colcon_core.package_identification:_identify(libraries/micro_ros_arduino/src/imxrt1062/fpv5-d16-hard) by extension 'python_setup_py'
[0.125s] Level 1:colcon.colcon_core.package_identification:_identify(libraries/micro_ros_arduino/src/lifecycle_msgs) by extensions ['ignore', 'ignore_ament_install']
[0.125s] Level 1:colcon.colcon_core.package_identification:_identify(libraries/micro_ros_arduino/src/lifecycle_msgs) by extension 'ignore'
[0.125s] Level 1:colcon.colcon_core.package_identification:_identify(libraries/micro_ros_arduino/src/lifecycle_msgs) by extension 'ignore_ament_install'
[0.125s] Level 1:colcon.colcon_core.package_identification:_identify(libraries/micro_ros_arduino/src/lifecycle_msgs) by extensions ['colcon_pkg']
[0.125s] Level 1:colcon.colcon_core.package_identification:_identify(libraries/micro_ros_arduino/src/lifecycle_msgs) by extension 'colcon_pkg'
[0.125s] Level 1:colcon.colcon_core.package_identification:_identify(libraries/micro_ros_arduino/src/lifecycle_msgs) by extensions ['colcon_meta']
[0.125s] Level 1:colcon.colcon_core.package_identification:_identify(libraries/micro_ros_arduino/src/lifecycle_msgs) by extension 'colcon_meta'
[0.125s] Level 1:colcon.colcon_core.package_identification:_identify(libraries/micro_ros_arduino/src/lifecycle_msgs) by extensions ['ros']
[0.125s] Level 1:colcon.colcon_core.package_identification:_identify(libraries/micro_ros_arduino/src/lifecycle_msgs) by extension 'ros'
[0.125s] Level 1:colcon.colcon_core.package_identification:_identify(libraries/micro_ros_arduino/src/lifecycle_msgs) by extensions ['cmake', 'python']
[0.125s] Level 1:colcon.colcon_core.package_identification:_identify(libraries/micro_ros_arduino/src/lifecycle_msgs) by extension 'cmake'
[0.125s] Level 1:colcon.colcon_core.package_identification:_identify(libraries/micro_ros_arduino/src/lifecycle_msgs) by extension 'python'
[0.125s] Level 1:colcon.colcon_core.package_identification:_identify(libraries/micro_ros_arduino/src/lifecycle_msgs) by extensions ['python_setup_py']
[0.125s] Level 1:colcon.colcon_core.package_identification:_identify(libraries/micro_ros_arduino/src/lifecycle_msgs) by extension 'python_setup_py'
[0.125s] Level 1:colcon.colcon_core.package_identification:_identify(libraries/micro_ros_arduino/src/lifecycle_msgs/msg) by extensions ['ignore', 'ignore_ament_install']
[0.125s] Level 1:colcon.colcon_core.package_identification:_identify(libraries/micro_ros_arduino/src/lifecycle_msgs/msg) by extension 'ignore'
[0.125s] Level 1:colcon.colcon_core.package_identification:_identify(libraries/micro_ros_arduino/src/lifecycle_msgs/msg) by extension 'ignore_ament_install'
[0.125s] Level 1:colcon.colcon_core.package_identification:_identify(libraries/micro_ros_arduino/src/lifecycle_msgs/msg) by extensions ['colcon_pkg']
[0.125s] Level 1:colcon.colcon_core.package_identification:_identify(libraries/micro_ros_arduino/src/lifecycle_msgs/msg) by extension 'colcon_pkg'
[0.125s] Level 1:colcon.colcon_core.package_identification:_identify(libraries/micro_ros_arduino/src/lifecycle_msgs/msg) by extensions ['colcon_meta']
[0.125s] Level 1:colcon.colcon_core.package_identification:_identify(libraries/micro_ros_arduino/src/lifecycle_msgs/msg) by extension 'colcon_meta'
[0.125s] Level 1:colcon.colcon_core.package_identification:_identify(libraries/micro_ros_arduino/src/lifecycle_msgs/msg) by extensions ['ros']
[0.125s] Level 1:colcon.colcon_core.package_identification:_identify(libraries/micro_ros_arduino/src/lifecycle_msgs/msg) by extension 'ros'
[0.125s] Level 1:colcon.colcon_core.package_identification:_identify(libraries/micro_ros_arduino/src/lifecycle_msgs/msg) by extensions ['cmake', 'python']
[0.125s] Level 1:colcon.colcon_core.package_identification:_identify(libraries/micro_ros_arduino/src/lifecycle_msgs/msg) by extension 'cmake'
[0.125s] Level 1:colcon.colcon_core.package_identification:_identify(libraries/micro_ros_arduino/src/lifecycle_msgs/msg) by extension 'python'
[0.125s] Level 1:colcon.colcon_core.package_identification:_identify(libraries/micro_ros_arduino/src/lifecycle_msgs/msg) by extensions ['python_setup_py']
[0.125s] Level 1:colcon.colcon_core.package_identification:_identify(libraries/micro_ros_arduino/src/lifecycle_msgs/msg) by extension 'python_setup_py'
[0.125s] Level 1:colcon.colcon_core.package_identification:_identify(libraries/micro_ros_arduino/src/lifecycle_msgs/msg/detail) by extensions ['ignore', 'ignore_ament_install']
[0.125s] Level 1:colcon.colcon_core.package_identification:_identify(libraries/micro_ros_arduino/src/lifecycle_msgs/msg/detail) by extension 'ignore'
[0.125s] Level 1:colcon.colcon_core.package_identification:_identify(libraries/micro_ros_arduino/src/lifecycle_msgs/msg/detail) by extension 'ignore_ament_install'
[0.125s] Level 1:colcon.colcon_core.package_identification:_identify(libraries/micro_ros_arduino/src/lifecycle_msgs/msg/detail) by extensions ['colcon_pkg']
[0.125s] Level 1:colcon.colcon_core.package_identification:_identify(libraries/micro_ros_arduino/src/lifecycle_msgs/msg/detail) by extension 'colcon_pkg'
[0.125s] Level 1:colcon.colcon_core.package_identification:_identify(libraries/micro_ros_arduino/src/lifecycle_msgs/msg/detail) by extensions ['colcon_meta']
[0.126s] Level 1:colcon.colcon_core.package_identification:_identify(libraries/micro_ros_arduino/src/lifecycle_msgs/msg/detail) by extension 'colcon_meta'
[0.126s] Level 1:colcon.colcon_core.package_identification:_identify(libraries/micro_ros_arduino/src/lifecycle_msgs/msg/detail) by extensions ['ros']
[0.126s] Level 1:colcon.colcon_core.package_identification:_identify(libraries/micro_ros_arduino/src/lifecycle_msgs/msg/detail) by extension 'ros'
[0.126s] Level 1:colcon.colcon_core.package_identification:_identify(libraries/micro_ros_arduino/src/lifecycle_msgs/msg/detail) by extensions ['cmake', 'python']
[0.126s] Level 1:colcon.colcon_core.package_identification:_identify(libraries/micro_ros_arduino/src/lifecycle_msgs/msg/detail) by extension 'cmake'
[0.126s] Level 1:colcon.colcon_core.package_identification:_identify(libraries/micro_ros_arduino/src/lifecycle_msgs/msg/detail) by extension 'python'
[0.126s] Level 1:colcon.colcon_core.package_identification:_identify(libraries/micro_ros_arduino/src/lifecycle_msgs/msg/detail) by extensions ['python_setup_py']
[0.126s] Level 1:colcon.colcon_core.package_identification:_identify(libraries/micro_ros_arduino/src/lifecycle_msgs/msg/detail) by extension 'python_setup_py'
[0.126s] Level 1:colcon.colcon_core.package_identification:_identify(libraries/micro_ros_arduino/src/lifecycle_msgs/srv) by extensions ['ignore', 'ignore_ament_install']
[0.126s] Level 1:colcon.colcon_core.package_identification:_identify(libraries/micro_ros_arduino/src/lifecycle_msgs/srv) by extension 'ignore'
[0.126s] Level 1:colcon.colcon_core.package_identification:_identify(libraries/micro_ros_arduino/src/lifecycle_msgs/srv) by extension 'ignore_ament_install'
[0.126s] Level 1:colcon.colcon_core.package_identification:_identify(libraries/micro_ros_arduino/src/lifecycle_msgs/srv) by extensions ['colcon_pkg']
[0.126s] Level 1:colcon.colcon_core.package_identification:_identify(libraries/micro_ros_arduino/src/lifecycle_msgs/srv) by extension 'colcon_pkg'
[0.126s] Level 1:colcon.colcon_core.package_identification:_identify(libraries/micro_ros_arduino/src/lifecycle_msgs/srv) by extensions ['colcon_meta']
[0.126s] Level 1:colcon.colcon_core.package_identification:_identify(libraries/micro_ros_arduino/src/lifecycle_msgs/srv) by extension 'colcon_meta'
[0.126s] Level 1:colcon.colcon_core.package_identification:_identify(libraries/micro_ros_arduino/src/lifecycle_msgs/srv) by extensions ['ros']
[0.126s] Level 1:colcon.colcon_core.package_identification:_identify(libraries/micro_ros_arduino/src/lifecycle_msgs/srv) by extension 'ros'
[0.126s] Level 1:colcon.colcon_core.package_identification:_identify(libraries/micro_ros_arduino/src/lifecycle_msgs/srv) by extensions ['cmake', 'python']
[0.126s] Level 1:colcon.colcon_core.package_identification:_identify(libraries/micro_ros_arduino/src/lifecycle_msgs/srv) by extension 'cmake'
[0.126s] Level 1:colcon.colcon_core.package_identification:_identify(libraries/micro_ros_arduino/src/lifecycle_msgs/srv) by extension 'python'
[0.126s] Level 1:colcon.colcon_core.package_identification:_identify(libraries/micro_ros_arduino/src/lifecycle_msgs/srv) by extensions ['python_setup_py']
[0.126s] Level 1:colcon.colcon_core.package_identification:_identify(libraries/micro_ros_arduino/src/lifecycle_msgs/srv) by extension 'python_setup_py'
[0.126s] Level 1:colcon.colcon_core.package_identification:_identify(libraries/micro_ros_arduino/src/lifecycle_msgs/srv/detail) by extensions ['ignore', 'ignore_ament_install']
[0.126s] Level 1:colcon.colcon_core.package_identification:_identify(libraries/micro_ros_arduino/src/lifecycle_msgs/srv/detail) by extension 'ignore'
[0.126s] Level 1:colcon.colcon_core.package_identification:_identify(libraries/micro_ros_arduino/src/lifecycle_msgs/srv/detail) by extension 'ignore_ament_install'
[0.126s] Level 1:colcon.colcon_core.package_identification:_identify(libraries/micro_ros_arduino/src/lifecycle_msgs/srv/detail) by extensions ['colcon_pkg']
[0.126s] Level 1:colcon.colcon_core.package_identification:_identify(libraries/micro_ros_arduino/src/lifecycle_msgs/srv/detail) by extension 'colcon_pkg'
[0.126s] Level 1:colcon.colcon_core.package_identification:_identify(libraries/micro_ros_arduino/src/lifecycle_msgs/srv/detail) by extensions ['colcon_meta']
[0.126s] Level 1:colcon.colcon_core.package_identification:_identify(libraries/micro_ros_arduino/src/lifecycle_msgs/srv/detail) by extension 'colcon_meta'
[0.126s] Level 1:colcon.colcon_core.package_identification:_identify(libraries/micro_ros_arduino/src/lifecycle_msgs/srv/detail) by extensions ['ros']
[0.126s] Level 1:colcon.colcon_core.package_identification:_identify(libraries/micro_ros_arduino/src/lifecycle_msgs/srv/detail) by extension 'ros'
[0.126s] Level 1:colcon.colcon_core.package_identification:_identify(libraries/micro_ros_arduino/src/lifecycle_msgs/srv/detail) by extensions ['cmake', 'python']
[0.126s] Level 1:colcon.colcon_core.package_identification:_identify(libraries/micro_ros_arduino/src/lifecycle_msgs/srv/detail) by extension 'cmake'
[0.126s] Level 1:colcon.colcon_core.package_identification:_identify(libraries/micro_ros_arduino/src/lifecycle_msgs/srv/detail) by extension 'python'
[0.126s] Level 1:colcon.colcon_core.package_identification:_identify(libraries/micro_ros_arduino/src/lifecycle_msgs/srv/detail) by extensions ['python_setup_py']
[0.126s] Level 1:colcon.colcon_core.package_identification:_identify(libraries/micro_ros_arduino/src/lifecycle_msgs/srv/detail) by extension 'python_setup_py'
[0.126s] Level 1:colcon.colcon_core.package_identification:_identify(libraries/micro_ros_arduino/src/micro_ros_msgs) by extensions ['ignore', 'ignore_ament_install']
[0.126s] Level 1:colcon.colcon_core.package_identification:_identify(libraries/micro_ros_arduino/src/micro_ros_msgs) by extension 'ignore'
[0.126s] Level 1:colcon.colcon_core.package_identification:_identify(libraries/micro_ros_arduino/src/micro_ros_msgs) by extension 'ignore_ament_install'
[0.126s] Level 1:colcon.colcon_core.package_identification:_identify(libraries/micro_ros_arduino/src/micro_ros_msgs) by extensions ['colcon_pkg']
[0.126s] Level 1:colcon.colcon_core.package_identification:_identify(libraries/micro_ros_arduino/src/micro_ros_msgs) by extension 'colcon_pkg'
[0.126s] Level 1:colcon.colcon_core.package_identification:_identify(libraries/micro_ros_arduino/src/micro_ros_msgs) by extensions ['colcon_meta']
[0.126s] Level 1:colcon.colcon_core.package_identification:_identify(libraries/micro_ros_arduino/src/micro_ros_msgs) by extension 'colcon_meta'
[0.126s] Level 1:colcon.colcon_core.package_identification:_identify(libraries/micro_ros_arduino/src/micro_ros_msgs) by extensions ['ros']
[0.126s] Level 1:colcon.colcon_core.package_identification:_identify(libraries/micro_ros_arduino/src/micro_ros_msgs) by extension 'ros'
[0.126s] Level 1:colcon.colcon_core.package_identification:_identify(libraries/micro_ros_arduino/src/micro_ros_msgs) by extensions ['cmake', 'python']
[0.127s] Level 1:colcon.colcon_core.package_identification:_identify(libraries/micro_ros_arduino/src/micro_ros_msgs) by extension 'cmake'
[0.127s] Level 1:colcon.colcon_core.package_identification:_identify(libraries/micro_ros_arduino/src/micro_ros_msgs) by extension 'python'
[0.127s] Level 1:colcon.colcon_core.package_identification:_identify(libraries/micro_ros_arduino/src/micro_ros_msgs) by extensions ['python_setup_py']
[0.127s] Level 1:colcon.colcon_core.package_identification:_identify(libraries/micro_ros_arduino/src/micro_ros_msgs) by extension 'python_setup_py'
[0.127s] Level 1:colcon.colcon_core.package_identification:_identify(libraries/micro_ros_arduino/src/micro_ros_msgs/msg) by extensions ['ignore', 'ignore_ament_install']
[0.127s] Level 1:colcon.colcon_core.package_identification:_identify(libraries/micro_ros_arduino/src/micro_ros_msgs/msg) by extension 'ignore'
[0.127s] Level 1:colcon.colcon_core.package_identification:_identify(libraries/micro_ros_arduino/src/micro_ros_msgs/msg) by extension 'ignore_ament_install'
[0.127s] Level 1:colcon.colcon_core.package_identification:_identify(libraries/micro_ros_arduino/src/micro_ros_msgs/msg) by extensions ['colcon_pkg']
[0.127s] Level 1:colcon.colcon_core.package_identification:_identify(libraries/micro_ros_arduino/src/micro_ros_msgs/msg) by extension 'colcon_pkg'
[0.127s] Level 1:colcon.colcon_core.package_identification:_identify(libraries/micro_ros_arduino/src/micro_ros_msgs/msg) by extensions ['colcon_meta']
[0.127s] Level 1:colcon.colcon_core.package_identification:_identify(libraries/micro_ros_arduino/src/micro_ros_msgs/msg) by extension 'colcon_meta'
[0.127s] Level 1:colcon.colcon_core.package_identification:_identify(libraries/micro_ros_arduino/src/micro_ros_msgs/msg) by extensions ['ros']
[0.127s] Level 1:colcon.colcon_core.package_identification:_identify(libraries/micro_ros_arduino/src/micro_ros_msgs/msg) by extension 'ros'
[0.127s] Level 1:colcon.colcon_core.package_identification:_identify(libraries/micro_ros_arduino/src/micro_ros_msgs/msg) by extensions ['cmake', 'python']
[0.127s] Level 1:colcon.colcon_core.package_identification:_identify(libraries/micro_ros_arduino/src/micro_ros_msgs/msg) by extension 'cmake'
[0.127s] Level 1:colcon.colcon_core.package_identification:_identify(libraries/micro_ros_arduino/src/micro_ros_msgs/msg) by extension 'python'
[0.127s] Level 1:colcon.colcon_core.package_identification:_identify(libraries/micro_ros_arduino/src/micro_ros_msgs/msg) by extensions ['python_setup_py']
[0.127s] Level 1:colcon.colcon_core.package_identification:_identify(libraries/micro_ros_arduino/src/micro_ros_msgs/msg) by extension 'python_setup_py'
[0.127s] Level 1:colcon.colcon_core.package_identification:_identify(libraries/micro_ros_arduino/src/micro_ros_msgs/msg/detail) by extensions ['ignore', 'ignore_ament_install']
[0.127s] Level 1:colcon.colcon_core.package_identification:_identify(libraries/micro_ros_arduino/src/micro_ros_msgs/msg/detail) by extension 'ignore'
[0.127s] Level 1:colcon.colcon_core.package_identification:_identify(libraries/micro_ros_arduino/src/micro_ros_msgs/msg/detail) by extension 'ignore_ament_install'
[0.127s] Level 1:colcon.colcon_core.package_identification:_identify(libraries/micro_ros_arduino/src/micro_ros_msgs/msg/detail) by extensions ['colcon_pkg']
[0.127s] Level 1:colcon.colcon_core.package_identification:_identify(libraries/micro_ros_arduino/src/micro_ros_msgs/msg/detail) by extension 'colcon_pkg'
[0.127s] Level 1:colcon.colcon_core.package_identification:_identify(libraries/micro_ros_arduino/src/micro_ros_msgs/msg/detail) by extensions ['colcon_meta']
[0.127s] Level 1:colcon.colcon_core.package_identification:_identify(libraries/micro_ros_arduino/src/micro_ros_msgs/msg/detail) by extension 'colcon_meta'
[0.127s] Level 1:colcon.colcon_core.package_identification:_identify(libraries/micro_ros_arduino/src/micro_ros_msgs/msg/detail) by extensions ['ros']
[0.127s] Level 1:colcon.colcon_core.package_identification:_identify(libraries/micro_ros_arduino/src/micro_ros_msgs/msg/detail) by extension 'ros'
[0.127s] Level 1:colcon.colcon_core.package_identification:_identify(libraries/micro_ros_arduino/src/micro_ros_msgs/msg/detail) by extensions ['cmake', 'python']
[0.127s] Level 1:colcon.colcon_core.package_identification:_identify(libraries/micro_ros_arduino/src/micro_ros_msgs/msg/detail) by extension 'cmake'
[0.127s] Level 1:colcon.colcon_core.package_identification:_identify(libraries/micro_ros_arduino/src/micro_ros_msgs/msg/detail) by extension 'python'
[0.127s] Level 1:colcon.colcon_core.package_identification:_identify(libraries/micro_ros_arduino/src/micro_ros_msgs/msg/detail) by extensions ['python_setup_py']
[0.127s] Level 1:colcon.colcon_core.package_identification:_identify(libraries/micro_ros_arduino/src/micro_ros_msgs/msg/detail) by extension 'python_setup_py'
[0.127s] Level 1:colcon.colcon_core.package_identification:_identify(libraries/micro_ros_arduino/src/micro_ros_utilities) by extensions ['ignore', 'ignore_ament_install']
[0.127s] Level 1:colcon.colcon_core.package_identification:_identify(libraries/micro_ros_arduino/src/micro_ros_utilities) by extension 'ignore'
[0.127s] Level 1:colcon.colcon_core.package_identification:_identify(libraries/micro_ros_arduino/src/micro_ros_utilities) by extension 'ignore_ament_install'
[0.127s] Level 1:colcon.colcon_core.package_identification:_identify(libraries/micro_ros_arduino/src/micro_ros_utilities) by extensions ['colcon_pkg']
[0.127s] Level 1:colcon.colcon_core.package_identification:_identify(libraries/micro_ros_arduino/src/micro_ros_utilities) by extension 'colcon_pkg'
[0.127s] Level 1:colcon.colcon_core.package_identification:_identify(libraries/micro_ros_arduino/src/micro_ros_utilities) by extensions ['colcon_meta']
[0.127s] Level 1:colcon.colcon_core.package_identification:_identify(libraries/micro_ros_arduino/src/micro_ros_utilities) by extension 'colcon_meta'
[0.127s] Level 1:colcon.colcon_core.package_identification:_identify(libraries/micro_ros_arduino/src/micro_ros_utilities) by extensions ['ros']
[0.127s] Level 1:colcon.colcon_core.package_identification:_identify(libraries/micro_ros_arduino/src/micro_ros_utilities) by extension 'ros'
[0.127s] Level 1:colcon.colcon_core.package_identification:_identify(libraries/micro_ros_arduino/src/micro_ros_utilities) by extensions ['cmake', 'python']
[0.127s] Level 1:colcon.colcon_core.package_identification:_identify(libraries/micro_ros_arduino/src/micro_ros_utilities) by extension 'cmake'
[0.127s] Level 1:colcon.colcon_core.package_identification:_identify(libraries/micro_ros_arduino/src/micro_ros_utilities) by extension 'python'
[0.127s] Level 1:colcon.colcon_core.package_identification:_identify(libraries/micro_ros_arduino/src/micro_ros_utilities) by extensions ['python_setup_py']
[0.127s] Level 1:colcon.colcon_core.package_identification:_identify(libraries/micro_ros_arduino/src/micro_ros_utilities) by extension 'python_setup_py'
[0.128s] Level 1:colcon.colcon_core.package_identification:_identify(libraries/micro_ros_arduino/src/mk20dx256) by extensions ['ignore', 'ignore_ament_install']
[0.128s] Level 1:colcon.colcon_core.package_identification:_identify(libraries/micro_ros_arduino/src/mk20dx256) by extension 'ignore'
[0.128s] Level 1:colcon.colcon_core.package_identification:_identify(libraries/micro_ros_arduino/src/mk20dx256) by extension 'ignore_ament_install'
[0.128s] Level 1:colcon.colcon_core.package_identification:_identify(libraries/micro_ros_arduino/src/mk20dx256) by extensions ['colcon_pkg']
[0.128s] Level 1:colcon.colcon_core.package_identification:_identify(libraries/micro_ros_arduino/src/mk20dx256) by extension 'colcon_pkg'
[0.128s] Level 1:colcon.colcon_core.package_identification:_identify(libraries/micro_ros_arduino/src/mk20dx256) by extensions ['colcon_meta']
[0.128s] Level 1:colcon.colcon_core.package_identification:_identify(libraries/micro_ros_arduino/src/mk20dx256) by extension 'colcon_meta'
[0.128s] Level 1:colcon.colcon_core.package_identification:_identify(libraries/micro_ros_arduino/src/mk20dx256) by extensions ['ros']
[0.128s] Level 1:colcon.colcon_core.package_identification:_identify(libraries/micro_ros_arduino/src/mk20dx256) by extension 'ros'
[0.128s] Level 1:colcon.colcon_core.package_identification:_identify(libraries/micro_ros_arduino/src/mk20dx256) by extensions ['cmake', 'python']
[0.128s] Level 1:colcon.colcon_core.package_identification:_identify(libraries/micro_ros_arduino/src/mk20dx256) by extension 'cmake'
[0.128s] Level 1:colcon.colcon_core.package_identification:_identify(libraries/micro_ros_arduino/src/mk20dx256) by extension 'python'
[0.128s] Level 1:colcon.colcon_core.package_identification:_identify(libraries/micro_ros_arduino/src/mk20dx256) by extensions ['python_setup_py']
[0.128s] Level 1:colcon.colcon_core.package_identification:_identify(libraries/micro_ros_arduino/src/mk20dx256) by extension 'python_setup_py'
[0.128s] Level 1:colcon.colcon_core.package_identification:_identify(libraries/micro_ros_arduino/src/mk64fx512) by extensions ['ignore', 'ignore_ament_install']
[0.128s] Level 1:colcon.colcon_core.package_identification:_identify(libraries/micro_ros_arduino/src/mk64fx512) by extension 'ignore'
[0.128s] Level 1:colcon.colcon_core.package_identification:_identify(libraries/micro_ros_arduino/src/mk64fx512) by extension 'ignore_ament_install'
[0.128s] Level 1:colcon.colcon_core.package_identification:_identify(libraries/micro_ros_arduino/src/mk64fx512) by extensions ['colcon_pkg']
[0.128s] Level 1:colcon.colcon_core.package_identification:_identify(libraries/micro_ros_arduino/src/mk64fx512) by extension 'colcon_pkg'
[0.128s] Level 1:colcon.colcon_core.package_identification:_identify(libraries/micro_ros_arduino/src/mk64fx512) by extensions ['colcon_meta']
[0.128s] Level 1:colcon.colcon_core.package_identification:_identify(libraries/micro_ros_arduino/src/mk64fx512) by extension 'colcon_meta'
[0.128s] Level 1:colcon.colcon_core.package_identification:_identify(libraries/micro_ros_arduino/src/mk64fx512) by extensions ['ros']
[0.128s] Level 1:colcon.colcon_core.package_identification:_identify(libraries/micro_ros_arduino/src/mk64fx512) by extension 'ros'
[0.128s] Level 1:colcon.colcon_core.package_identification:_identify(libraries/micro_ros_arduino/src/mk64fx512) by extensions ['cmake', 'python']
[0.128s] Level 1:colcon.colcon_core.package_identification:_identify(libraries/micro_ros_arduino/src/mk64fx512) by extension 'cmake'
[0.128s] Level 1:colcon.colcon_core.package_identification:_identify(libraries/micro_ros_arduino/src/mk64fx512) by extension 'python'
[0.128s] Level 1:colcon.colcon_core.package_identification:_identify(libraries/micro_ros_arduino/src/mk64fx512) by extensions ['python_setup_py']
[0.128s] Level 1:colcon.colcon_core.package_identification:_identify(libraries/micro_ros_arduino/src/mk64fx512) by extension 'python_setup_py'
[0.128s] Level 1:colcon.colcon_core.package_identification:_identify(libraries/micro_ros_arduino/src/mk64fx512/fpv4-sp-d16-hard) by extensions ['ignore', 'ignore_ament_install']
[0.128s] Level 1:colcon.colcon_core.package_identification:_identify(libraries/micro_ros_arduino/src/mk64fx512/fpv4-sp-d16-hard) by extension 'ignore'
[0.128s] Level 1:colcon.colcon_core.package_identification:_identify(libraries/micro_ros_arduino/src/mk64fx512/fpv4-sp-d16-hard) by extension 'ignore_ament_install'
[0.128s] Level 1:colcon.colcon_core.package_identification:_identify(libraries/micro_ros_arduino/src/mk64fx512/fpv4-sp-d16-hard) by extensions ['colcon_pkg']
[0.128s] Level 1:colcon.colcon_core.package_identification:_identify(libraries/micro_ros_arduino/src/mk64fx512/fpv4-sp-d16-hard) by extension 'colcon_pkg'
[0.128s] Level 1:colcon.colcon_core.package_identification:_identify(libraries/micro_ros_arduino/src/mk64fx512/fpv4-sp-d16-hard) by extensions ['colcon_meta']
[0.128s] Level 1:colcon.colcon_core.package_identification:_identify(libraries/micro_ros_arduino/src/mk64fx512/fpv4-sp-d16-hard) by extension 'colcon_meta'
[0.128s] Level 1:colcon.colcon_core.package_identification:_identify(libraries/micro_ros_arduino/src/mk64fx512/fpv4-sp-d16-hard) by extensions ['ros']
[0.128s] Level 1:colcon.colcon_core.package_identification:_identify(libraries/micro_ros_arduino/src/mk64fx512/fpv4-sp-d16-hard) by extension 'ros'
[0.128s] Level 1:colcon.colcon_core.package_identification:_identify(libraries/micro_ros_arduino/src/mk64fx512/fpv4-sp-d16-hard) by extensions ['cmake', 'python']
[0.128s] Level 1:colcon.colcon_core.package_identification:_identify(libraries/micro_ros_arduino/src/mk64fx512/fpv4-sp-d16-hard) by extension 'cmake'
[0.128s] Level 1:colcon.colcon_core.package_identification:_identify(libraries/micro_ros_arduino/src/mk64fx512/fpv4-sp-d16-hard) by extension 'python'
[0.128s] Level 1:colcon.colcon_core.package_identification:_identify(libraries/micro_ros_arduino/src/mk64fx512/fpv4-sp-d16-hard) by extensions ['python_setup_py']
[0.128s] Level 1:colcon.colcon_core.package_identification:_identify(libraries/micro_ros_arduino/src/mk64fx512/fpv4-sp-d16-hard) by extension 'python_setup_py'
[0.128s] Level 1:colcon.colcon_core.package_identification:_identify(libraries/micro_ros_arduino/src/mk66fx1m0) by extensions ['ignore', 'ignore_ament_install']
[0.128s] Level 1:colcon.colcon_core.package_identification:_identify(libraries/micro_ros_arduino/src/mk66fx1m0) by extension 'ignore'
[0.128s] Level 1:colcon.colcon_core.package_identification:_identify(libraries/micro_ros_arduino/src/mk66fx1m0) by extension 'ignore_ament_install'
[0.128s] Level 1:colcon.colcon_core.package_identification:_identify(libraries/micro_ros_arduino/src/mk66fx1m0) by extensions ['colcon_pkg']
[0.128s] Level 1:colcon.colcon_core.package_identification:_identify(libraries/micro_ros_arduino/src/mk66fx1m0) by extension 'colcon_pkg'
[0.129s] Level 1:colcon.colcon_core.package_identification:_identify(libraries/micro_ros_arduino/src/mk66fx1m0) by extensions ['colcon_meta']
[0.129s] Level 1:colcon.colcon_core.package_identification:_identify(libraries/micro_ros_arduino/src/mk66fx1m0) by extension 'colcon_meta'
[0.129s] Level 1:colcon.colcon_core.package_identification:_identify(libraries/micro_ros_arduino/src/mk66fx1m0) by extensions ['ros']
[0.129s] Level 1:colcon.colcon_core.package_identification:_identify(libraries/micro_ros_arduino/src/mk66fx1m0) by extension 'ros'
[0.129s] Level 1:colcon.colcon_core.package_identification:_identify(libraries/micro_ros_arduino/src/mk66fx1m0) by extensions ['cmake', 'python']
[0.129s] Level 1:colcon.colcon_core.package_identification:_identify(libraries/micro_ros_arduino/src/mk66fx1m0) by extension 'cmake'
[0.129s] Level 1:colcon.colcon_core.package_identification:_identify(libraries/micro_ros_arduino/src/mk66fx1m0) by extension 'python'
[0.129s] Level 1:colcon.colcon_core.package_identification:_identify(libraries/micro_ros_arduino/src/mk66fx1m0) by extensions ['python_setup_py']
[0.129s] Level 1:colcon.colcon_core.package_identification:_identify(libraries/micro_ros_arduino/src/mk66fx1m0) by extension 'python_setup_py'
[0.129s] Level 1:colcon.colcon_core.package_identification:_identify(libraries/micro_ros_arduino/src/mk66fx1m0/fpv4-sp-d16-hard) by extensions ['ignore', 'ignore_ament_install']
[0.129s] Level 1:colcon.colcon_core.package_identification:_identify(libraries/micro_ros_arduino/src/mk66fx1m0/fpv4-sp-d16-hard) by extension 'ignore'
[0.129s] Level 1:colcon.colcon_core.package_identification:_identify(libraries/micro_ros_arduino/src/mk66fx1m0/fpv4-sp-d16-hard) by extension 'ignore_ament_install'
[0.129s] Level 1:colcon.colcon_core.package_identification:_identify(libraries/micro_ros_arduino/src/mk66fx1m0/fpv4-sp-d16-hard) by extensions ['colcon_pkg']
[0.129s] Level 1:colcon.colcon_core.package_identification:_identify(libraries/micro_ros_arduino/src/mk66fx1m0/fpv4-sp-d16-hard) by extension 'colcon_pkg'
[0.129s] Level 1:colcon.colcon_core.package_identification:_identify(libraries/micro_ros_arduino/src/mk66fx1m0/fpv4-sp-d16-hard) by extensions ['colcon_meta']
[0.129s] Level 1:colcon.colcon_core.package_identification:_identify(libraries/micro_ros_arduino/src/mk66fx1m0/fpv4-sp-d16-hard) by extension 'colcon_meta'
[0.129s] Level 1:colcon.colcon_core.package_identification:_identify(libraries/micro_ros_arduino/src/mk66fx1m0/fpv4-sp-d16-hard) by extensions ['ros']
[0.129s] Level 1:colcon.colcon_core.package_identification:_identify(libraries/micro_ros_arduino/src/mk66fx1m0/fpv4-sp-d16-hard) by extension 'ros'
[0.129s] Level 1:colcon.colcon_core.package_identification:_identify(libraries/micro_ros_arduino/src/mk66fx1m0/fpv4-sp-d16-hard) by extensions ['cmake', 'python']
[0.129s] Level 1:colcon.colcon_core.package_identification:_identify(libraries/micro_ros_arduino/src/mk66fx1m0/fpv4-sp-d16-hard) by extension 'cmake'
[0.129s] Level 1:colcon.colcon_core.package_identification:_identify(libraries/micro_ros_arduino/src/mk66fx1m0/fpv4-sp-d16-hard) by extension 'python'
[0.129s] Level 1:colcon.colcon_core.package_identification:_identify(libraries/micro_ros_arduino/src/mk66fx1m0/fpv4-sp-d16-hard) by extensions ['python_setup_py']
[0.129s] Level 1:colcon.colcon_core.package_identification:_identify(libraries/micro_ros_arduino/src/mk66fx1m0/fpv4-sp-d16-hard) by extension 'python_setup_py'
[0.129s] Level 1:colcon.colcon_core.package_identification:_identify(libraries/micro_ros_arduino/src/nav_msgs) by extensions ['ignore', 'ignore_ament_install']
[0.129s] Level 1:colcon.colcon_core.package_identification:_identify(libraries/micro_ros_arduino/src/nav_msgs) by extension 'ignore'
[0.129s] Level 1:colcon.colcon_core.package_identification:_identify(libraries/micro_ros_arduino/src/nav_msgs) by extension 'ignore_ament_install'
[0.129s] Level 1:colcon.colcon_core.package_identification:_identify(libraries/micro_ros_arduino/src/nav_msgs) by extensions ['colcon_pkg']
[0.129s] Level 1:colcon.colcon_core.package_identification:_identify(libraries/micro_ros_arduino/src/nav_msgs) by extension 'colcon_pkg'
[0.129s] Level 1:colcon.colcon_core.package_identification:_identify(libraries/micro_ros_arduino/src/nav_msgs) by extensions ['colcon_meta']
[0.129s] Level 1:colcon.colcon_core.package_identification:_identify(libraries/micro_ros_arduino/src/nav_msgs) by extension 'colcon_meta'
[0.129s] Level 1:colcon.colcon_core.package_identification:_identify(libraries/micro_ros_arduino/src/nav_msgs) by extensions ['ros']
[0.129s] Level 1:colcon.colcon_core.package_identification:_identify(libraries/micro_ros_arduino/src/nav_msgs) by extension 'ros'
[0.129s] Level 1:colcon.colcon_core.package_identification:_identify(libraries/micro_ros_arduino/src/nav_msgs) by extensions ['cmake', 'python']
[0.129s] Level 1:colcon.colcon_core.package_identification:_identify(libraries/micro_ros_arduino/src/nav_msgs) by extension 'cmake'
[0.129s] Level 1:colcon.colcon_core.package_identification:_identify(libraries/micro_ros_arduino/src/nav_msgs) by extension 'python'
[0.129s] Level 1:colcon.colcon_core.package_identification:_identify(libraries/micro_ros_arduino/src/nav_msgs) by extensions ['python_setup_py']
[0.129s] Level 1:colcon.colcon_core.package_identification:_identify(libraries/micro_ros_arduino/src/nav_msgs) by extension 'python_setup_py'
[0.129s] Level 1:colcon.colcon_core.package_identification:_identify(libraries/micro_ros_arduino/src/nav_msgs/msg) by extensions ['ignore', 'ignore_ament_install']
[0.129s] Level 1:colcon.colcon_core.package_identification:_identify(libraries/micro_ros_arduino/src/nav_msgs/msg) by extension 'ignore'
[0.129s] Level 1:colcon.colcon_core.package_identification:_identify(libraries/micro_ros_arduino/src/nav_msgs/msg) by extension 'ignore_ament_install'
[0.129s] Level 1:colcon.colcon_core.package_identification:_identify(libraries/micro_ros_arduino/src/nav_msgs/msg) by extensions ['colcon_pkg']
[0.129s] Level 1:colcon.colcon_core.package_identification:_identify(libraries/micro_ros_arduino/src/nav_msgs/msg) by extension 'colcon_pkg'
[0.129s] Level 1:colcon.colcon_core.package_identification:_identify(libraries/micro_ros_arduino/src/nav_msgs/msg) by extensions ['colcon_meta']
[0.129s] Level 1:colcon.colcon_core.package_identification:_identify(libraries/micro_ros_arduino/src/nav_msgs/msg) by extension 'colcon_meta'
[0.129s] Level 1:colcon.colcon_core.package_identification:_identify(libraries/micro_ros_arduino/src/nav_msgs/msg) by extensions ['ros']
[0.129s] Level 1:colcon.colcon_core.package_identification:_identify(libraries/micro_ros_arduino/src/nav_msgs/msg) by extension 'ros'
[0.129s] Level 1:colcon.colcon_core.package_identification:_identify(libraries/micro_ros_arduino/src/nav_msgs/msg) by extensions ['cmake', 'python']
[0.129s] Level 1:colcon.colcon_core.package_identification:_identify(libraries/micro_ros_arduino/src/nav_msgs/msg) by extension 'cmake'
[0.129s] Level 1:colcon.colcon_core.package_identification:_identify(libraries/micro_ros_arduino/src/nav_msgs/msg) by extension 'python'
[0.130s] Level 1:colcon.colcon_core.package_identification:_identify(libraries/micro_ros_arduino/src/nav_msgs/msg) by extensions ['python_setup_py']
[0.130s] Level 1:colcon.colcon_core.package_identification:_identify(libraries/micro_ros_arduino/src/nav_msgs/msg) by extension 'python_setup_py'
[0.130s] Level 1:colcon.colcon_core.package_identification:_identify(libraries/micro_ros_arduino/src/nav_msgs/msg/detail) by extensions ['ignore', 'ignore_ament_install']
[0.130s] Level 1:colcon.colcon_core.package_identification:_identify(libraries/micro_ros_arduino/src/nav_msgs/msg/detail) by extension 'ignore'
[0.130s] Level 1:colcon.colcon_core.package_identification:_identify(libraries/micro_ros_arduino/src/nav_msgs/msg/detail) by extension 'ignore_ament_install'
[0.130s] Level 1:colcon.colcon_core.package_identification:_identify(libraries/micro_ros_arduino/src/nav_msgs/msg/detail) by extensions ['colcon_pkg']
[0.130s] Level 1:colcon.colcon_core.package_identification:_identify(libraries/micro_ros_arduino/src/nav_msgs/msg/detail) by extension 'colcon_pkg'
[0.130s] Level 1:colcon.colcon_core.package_identification:_identify(libraries/micro_ros_arduino/src/nav_msgs/msg/detail) by extensions ['colcon_meta']
[0.130s] Level 1:colcon.colcon_core.package_identification:_identify(libraries/micro_ros_arduino/src/nav_msgs/msg/detail) by extension 'colcon_meta'
[0.130s] Level 1:colcon.colcon_core.package_identification:_identify(libraries/micro_ros_arduino/src/nav_msgs/msg/detail) by extensions ['ros']
[0.130s] Level 1:colcon.colcon_core.package_identification:_identify(libraries/micro_ros_arduino/src/nav_msgs/msg/detail) by extension 'ros'
[0.130s] Level 1:colcon.colcon_core.package_identification:_identify(libraries/micro_ros_arduino/src/nav_msgs/msg/detail) by extensions ['cmake', 'python']
[0.130s] Level 1:colcon.colcon_core.package_identification:_identify(libraries/micro_ros_arduino/src/nav_msgs/msg/detail) by extension 'cmake'
[0.130s] Level 1:colcon.colcon_core.package_identification:_identify(libraries/micro_ros_arduino/src/nav_msgs/msg/detail) by extension 'python'
[0.130s] Level 1:colcon.colcon_core.package_identification:_identify(libraries/micro_ros_arduino/src/nav_msgs/msg/detail) by extensions ['python_setup_py']
[0.130s] Level 1:colcon.colcon_core.package_identification:_identify(libraries/micro_ros_arduino/src/nav_msgs/msg/detail) by extension 'python_setup_py'
[0.130s] Level 1:colcon.colcon_core.package_identification:_identify(libraries/micro_ros_arduino/src/nav_msgs/srv) by extensions ['ignore', 'ignore_ament_install']
[0.130s] Level 1:colcon.colcon_core.package_identification:_identify(libraries/micro_ros_arduino/src/nav_msgs/srv) by extension 'ignore'
[0.130s] Level 1:colcon.colcon_core.package_identification:_identify(libraries/micro_ros_arduino/src/nav_msgs/srv) by extension 'ignore_ament_install'
[0.130s] Level 1:colcon.colcon_core.package_identification:_identify(libraries/micro_ros_arduino/src/nav_msgs/srv) by extensions ['colcon_pkg']
[0.130s] Level 1:colcon.colcon_core.package_identification:_identify(libraries/micro_ros_arduino/src/nav_msgs/srv) by extension 'colcon_pkg'
[0.130s] Level 1:colcon.colcon_core.package_identification:_identify(libraries/micro_ros_arduino/src/nav_msgs/srv) by extensions ['colcon_meta']
[0.130s] Level 1:colcon.colcon_core.package_identification:_identify(libraries/micro_ros_arduino/src/nav_msgs/srv) by extension 'colcon_meta'
[0.130s] Level 1:colcon.colcon_core.package_identification:_identify(libraries/micro_ros_arduino/src/nav_msgs/srv) by extensions ['ros']
[0.130s] Level 1:colcon.colcon_core.package_identification:_identify(libraries/micro_ros_arduino/src/nav_msgs/srv) by extension 'ros'
[0.130s] Level 1:colcon.colcon_core.package_identification:_identify(libraries/micro_ros_arduino/src/nav_msgs/srv) by extensions ['cmake', 'python']
[0.130s] Level 1:colcon.colcon_core.package_identification:_identify(libraries/micro_ros_arduino/src/nav_msgs/srv) by extension 'cmake'
[0.130s] Level 1:colcon.colcon_core.package_identification:_identify(libraries/micro_ros_arduino/src/nav_msgs/srv) by extension 'python'
[0.130s] Level 1:colcon.colcon_core.package_identification:_identify(libraries/micro_ros_arduino/src/nav_msgs/srv) by extensions ['python_setup_py']
[0.130s] Level 1:colcon.colcon_core.package_identification:_identify(libraries/micro_ros_arduino/src/nav_msgs/srv) by extension 'python_setup_py'
[0.130s] Level 1:colcon.colcon_core.package_identification:_identify(libraries/micro_ros_arduino/src/nav_msgs/srv/detail) by extensions ['ignore', 'ignore_ament_install']
[0.130s] Level 1:colcon.colcon_core.package_identification:_identify(libraries/micro_ros_arduino/src/nav_msgs/srv/detail) by extension 'ignore'
[0.130s] Level 1:colcon.colcon_core.package_identification:_identify(libraries/micro_ros_arduino/src/nav_msgs/srv/detail) by extension 'ignore_ament_install'
[0.130s] Level 1:colcon.colcon_core.package_identification:_identify(libraries/micro_ros_arduino/src/nav_msgs/srv/detail) by extensions ['colcon_pkg']
[0.130s] Level 1:colcon.colcon_core.package_identification:_identify(libraries/micro_ros_arduino/src/nav_msgs/srv/detail) by extension 'colcon_pkg'
[0.130s] Level 1:colcon.colcon_core.package_identification:_identify(libraries/micro_ros_arduino/src/nav_msgs/srv/detail) by extensions ['colcon_meta']
[0.130s] Level 1:colcon.colcon_core.package_identification:_identify(libraries/micro_ros_arduino/src/nav_msgs/srv/detail) by extension 'colcon_meta'
[0.130s] Level 1:colcon.colcon_core.package_identification:_identify(libraries/micro_ros_arduino/src/nav_msgs/srv/detail) by extensions ['ros']
[0.130s] Level 1:colcon.colcon_core.package_identification:_identify(libraries/micro_ros_arduino/src/nav_msgs/srv/detail) by extension 'ros'
[0.130s] Level 1:colcon.colcon_core.package_identification:_identify(libraries/micro_ros_arduino/src/nav_msgs/srv/detail) by extensions ['cmake', 'python']
[0.130s] Level 1:colcon.colcon_core.package_identification:_identify(libraries/micro_ros_arduino/src/nav_msgs/srv/detail) by extension 'cmake'
[0.130s] Level 1:colcon.colcon_core.package_identification:_identify(libraries/micro_ros_arduino/src/nav_msgs/srv/detail) by extension 'python'
[0.130s] Level 1:colcon.colcon_core.package_identification:_identify(libraries/micro_ros_arduino/src/nav_msgs/srv/detail) by extensions ['python_setup_py']
[0.130s] Level 1:colcon.colcon_core.package_identification:_identify(libraries/micro_ros_arduino/src/nav_msgs/srv/detail) by extension 'python_setup_py'
[0.130s] Level 1:colcon.colcon_core.package_identification:_identify(libraries/micro_ros_arduino/src/rcl) by extensions ['ignore', 'ignore_ament_install']
[0.131s] Level 1:colcon.colcon_core.package_identification:_identify(libraries/micro_ros_arduino/src/rcl) by extension 'ignore'
[0.131s] Level 1:colcon.colcon_core.package_identification:_identify(libraries/micro_ros_arduino/src/rcl) by extension 'ignore_ament_install'
[0.131s] Level 1:colcon.colcon_core.package_identification:_identify(libraries/micro_ros_arduino/src/rcl) by extensions ['colcon_pkg']
[0.131s] Level 1:colcon.colcon_core.package_identification:_identify(libraries/micro_ros_arduino/src/rcl) by extension 'colcon_pkg'
[0.131s] Level 1:colcon.colcon_core.package_identification:_identify(libraries/micro_ros_arduino/src/rcl) by extensions ['colcon_meta']
[0.131s] Level 1:colcon.colcon_core.package_identification:_identify(libraries/micro_ros_arduino/src/rcl) by extension 'colcon_meta'
[0.131s] Level 1:colcon.colcon_core.package_identification:_identify(libraries/micro_ros_arduino/src/rcl) by extensions ['ros']
[0.131s] Level 1:colcon.colcon_core.package_identification:_identify(libraries/micro_ros_arduino/src/rcl) by extension 'ros'
[0.131s] Level 1:colcon.colcon_core.package_identification:_identify(libraries/micro_ros_arduino/src/rcl) by extensions ['cmake', 'python']
[0.131s] Level 1:colcon.colcon_core.package_identification:_identify(libraries/micro_ros_arduino/src/rcl) by extension 'cmake'
[0.131s] Level 1:colcon.colcon_core.package_identification:_identify(libraries/micro_ros_arduino/src/rcl) by extension 'python'
[0.131s] Level 1:colcon.colcon_core.package_identification:_identify(libraries/micro_ros_arduino/src/rcl) by extensions ['python_setup_py']
[0.131s] Level 1:colcon.colcon_core.package_identification:_identify(libraries/micro_ros_arduino/src/rcl) by extension 'python_setup_py'
[0.131s] Level 1:colcon.colcon_core.package_identification:_identify(libraries/micro_ros_arduino/src/rcl_action) by extensions ['ignore', 'ignore_ament_install']
[0.131s] Level 1:colcon.colcon_core.package_identification:_identify(libraries/micro_ros_arduino/src/rcl_action) by extension 'ignore'
[0.131s] Level 1:colcon.colcon_core.package_identification:_identify(libraries/micro_ros_arduino/src/rcl_action) by extension 'ignore_ament_install'
[0.131s] Level 1:colcon.colcon_core.package_identification:_identify(libraries/micro_ros_arduino/src/rcl_action) by extensions ['colcon_pkg']
[0.131s] Level 1:colcon.colcon_core.package_identification:_identify(libraries/micro_ros_arduino/src/rcl_action) by extension 'colcon_pkg'
[0.131s] Level 1:colcon.colcon_core.package_identification:_identify(libraries/micro_ros_arduino/src/rcl_action) by extensions ['colcon_meta']
[0.131s] Level 1:colcon.colcon_core.package_identification:_identify(libraries/micro_ros_arduino/src/rcl_action) by extension 'colcon_meta'
[0.131s] Level 1:colcon.colcon_core.package_identification:_identify(libraries/micro_ros_arduino/src/rcl_action) by extensions ['ros']
[0.131s] Level 1:colcon.colcon_core.package_identification:_identify(libraries/micro_ros_arduino/src/rcl_action) by extension 'ros'
[0.131s] Level 1:colcon.colcon_core.package_identification:_identify(libraries/micro_ros_arduino/src/rcl_action) by extensions ['cmake', 'python']
[0.131s] Level 1:colcon.colcon_core.package_identification:_identify(libraries/micro_ros_arduino/src/rcl_action) by extension 'cmake'
[0.131s] Level 1:colcon.colcon_core.package_identification:_identify(libraries/micro_ros_arduino/src/rcl_action) by extension 'python'
[0.131s] Level 1:colcon.colcon_core.package_identification:_identify(libraries/micro_ros_arduino/src/rcl_action) by extensions ['python_setup_py']
[0.131s] Level 1:colcon.colcon_core.package_identification:_identify(libraries/micro_ros_arduino/src/rcl_action) by extension 'python_setup_py'
[0.131s] Level 1:colcon.colcon_core.package_identification:_identify(libraries/micro_ros_arduino/src/rcl_interfaces) by extensions ['ignore', 'ignore_ament_install']
[0.131s] Level 1:colcon.colcon_core.package_identification:_identify(libraries/micro_ros_arduino/src/rcl_interfaces) by extension 'ignore'
[0.131s] Level 1:colcon.colcon_core.package_identification:_identify(libraries/micro_ros_arduino/src/rcl_interfaces) by extension 'ignore_ament_install'
[0.131s] Level 1:colcon.colcon_core.package_identification:_identify(libraries/micro_ros_arduino/src/rcl_interfaces) by extensions ['colcon_pkg']
[0.131s] Level 1:colcon.colcon_core.package_identification:_identify(libraries/micro_ros_arduino/src/rcl_interfaces) by extension 'colcon_pkg'
[0.131s] Level 1:colcon.colcon_core.package_identification:_identify(libraries/micro_ros_arduino/src/rcl_interfaces) by extensions ['colcon_meta']
[0.131s] Level 1:colcon.colcon_core.package_identification:_identify(libraries/micro_ros_arduino/src/rcl_interfaces) by extension 'colcon_meta'
[0.131s] Level 1:colcon.colcon_core.package_identification:_identify(libraries/micro_ros_arduino/src/rcl_interfaces) by extensions ['ros']
[0.131s] Level 1:colcon.colcon_core.package_identification:_identify(libraries/micro_ros_arduino/src/rcl_interfaces) by extension 'ros'
[0.131s] Level 1:colcon.colcon_core.package_identification:_identify(libraries/micro_ros_arduino/src/rcl_interfaces) by extensions ['cmake', 'python']
[0.131s] Level 1:colcon.colcon_core.package_identification:_identify(libraries/micro_ros_arduino/src/rcl_interfaces) by extension 'cmake'
[0.131s] Level 1:colcon.colcon_core.package_identification:_identify(libraries/micro_ros_arduino/src/rcl_interfaces) by extension 'python'
[0.131s] Level 1:colcon.colcon_core.package_identification:_identify(libraries/micro_ros_arduino/src/rcl_interfaces) by extensions ['python_setup_py']
[0.131s] Level 1:colcon.colcon_core.package_identification:_identify(libraries/micro_ros_arduino/src/rcl_interfaces) by extension 'python_setup_py'
[0.131s] Level 1:colcon.colcon_core.package_identification:_identify(libraries/micro_ros_arduino/src/rcl_interfaces/msg) by extensions ['ignore', 'ignore_ament_install']
[0.131s] Level 1:colcon.colcon_core.package_identification:_identify(libraries/micro_ros_arduino/src/rcl_interfaces/msg) by extension 'ignore'
[0.131s] Level 1:colcon.colcon_core.package_identification:_identify(libraries/micro_ros_arduino/src/rcl_interfaces/msg) by extension 'ignore_ament_install'
[0.131s] Level 1:colcon.colcon_core.package_identification:_identify(libraries/micro_ros_arduino/src/rcl_interfaces/msg) by extensions ['colcon_pkg']
[0.131s] Level 1:colcon.colcon_core.package_identification:_identify(libraries/micro_ros_arduino/src/rcl_interfaces/msg) by extension 'colcon_pkg'
[0.131s] Level 1:colcon.colcon_core.package_identification:_identify(libraries/micro_ros_arduino/src/rcl_interfaces/msg) by extensions ['colcon_meta']
[0.131s] Level 1:colcon.colcon_core.package_identification:_identify(libraries/micro_ros_arduino/src/rcl_interfaces/msg) by extension 'colcon_meta'
[0.131s] Level 1:colcon.colcon_core.package_identification:_identify(libraries/micro_ros_arduino/src/rcl_interfaces/msg) by extensions ['ros']
[0.132s] Level 1:colcon.colcon_core.package_identification:_identify(libraries/micro_ros_arduino/src/rcl_interfaces/msg) by extension 'ros'
[0.132s] Level 1:colcon.colcon_core.package_identification:_identify(libraries/micro_ros_arduino/src/rcl_interfaces/msg) by extensions ['cmake', 'python']
[0.132s] Level 1:colcon.colcon_core.package_identification:_identify(libraries/micro_ros_arduino/src/rcl_interfaces/msg) by extension 'cmake'
[0.132s] Level 1:colcon.colcon_core.package_identification:_identify(libraries/micro_ros_arduino/src/rcl_interfaces/msg) by extension 'python'
[0.132s] Level 1:colcon.colcon_core.package_identification:_identify(libraries/micro_ros_arduino/src/rcl_interfaces/msg) by extensions ['python_setup_py']
[0.132s] Level 1:colcon.colcon_core.package_identification:_identify(libraries/micro_ros_arduino/src/rcl_interfaces/msg) by extension 'python_setup_py'
[0.132s] Level 1:colcon.colcon_core.package_identification:_identify(libraries/micro_ros_arduino/src/rcl_interfaces/msg/detail) by extensions ['ignore', 'ignore_ament_install']
[0.132s] Level 1:colcon.colcon_core.package_identification:_identify(libraries/micro_ros_arduino/src/rcl_interfaces/msg/detail) by extension 'ignore'
[0.132s] Level 1:colcon.colcon_core.package_identification:_identify(libraries/micro_ros_arduino/src/rcl_interfaces/msg/detail) by extension 'ignore_ament_install'
[0.132s] Level 1:colcon.colcon_core.package_identification:_identify(libraries/micro_ros_arduino/src/rcl_interfaces/msg/detail) by extensions ['colcon_pkg']
[0.132s] Level 1:colcon.colcon_core.package_identification:_identify(libraries/micro_ros_arduino/src/rcl_interfaces/msg/detail) by extension 'colcon_pkg'
[0.132s] Level 1:colcon.colcon_core.package_identification:_identify(libraries/micro_ros_arduino/src/rcl_interfaces/msg/detail) by extensions ['colcon_meta']
[0.132s] Level 1:colcon.colcon_core.package_identification:_identify(libraries/micro_ros_arduino/src/rcl_interfaces/msg/detail) by extension 'colcon_meta'
[0.132s] Level 1:colcon.colcon_core.package_identification:_identify(libraries/micro_ros_arduino/src/rcl_interfaces/msg/detail) by extensions ['ros']
[0.132s] Level 1:colcon.colcon_core.package_identification:_identify(libraries/micro_ros_arduino/src/rcl_interfaces/msg/detail) by extension 'ros'
[0.132s] Level 1:colcon.colcon_core.package_identification:_identify(libraries/micro_ros_arduino/src/rcl_interfaces/msg/detail) by extensions ['cmake', 'python']
[0.132s] Level 1:colcon.colcon_core.package_identification:_identify(libraries/micro_ros_arduino/src/rcl_interfaces/msg/detail) by extension 'cmake'
[0.132s] Level 1:colcon.colcon_core.package_identification:_identify(libraries/micro_ros_arduino/src/rcl_interfaces/msg/detail) by extension 'python'
[0.132s] Level 1:colcon.colcon_core.package_identification:_identify(libraries/micro_ros_arduino/src/rcl_interfaces/msg/detail) by extensions ['python_setup_py']
[0.132s] Level 1:colcon.colcon_core.package_identification:_identify(libraries/micro_ros_arduino/src/rcl_interfaces/msg/detail) by extension 'python_setup_py'
[0.132s] Level 1:colcon.colcon_core.package_identification:_identify(libraries/micro_ros_arduino/src/rcl_interfaces/srv) by extensions ['ignore', 'ignore_ament_install']
[0.132s] Level 1:colcon.colcon_core.package_identification:_identify(libraries/micro_ros_arduino/src/rcl_interfaces/srv) by extension 'ignore'
[0.132s] Level 1:colcon.colcon_core.package_identification:_identify(libraries/micro_ros_arduino/src/rcl_interfaces/srv) by extension 'ignore_ament_install'
[0.132s] Level 1:colcon.colcon_core.package_identification:_identify(libraries/micro_ros_arduino/src/rcl_interfaces/srv) by extensions ['colcon_pkg']
[0.132s] Level 1:colcon.colcon_core.package_identification:_identify(libraries/micro_ros_arduino/src/rcl_interfaces/srv) by extension 'colcon_pkg'
[0.132s] Level 1:colcon.colcon_core.package_identification:_identify(libraries/micro_ros_arduino/src/rcl_interfaces/srv) by extensions ['colcon_meta']
[0.132s] Level 1:colcon.colcon_core.package_identification:_identify(libraries/micro_ros_arduino/src/rcl_interfaces/srv) by extension 'colcon_meta'
[0.132s] Level 1:colcon.colcon_core.package_identification:_identify(libraries/micro_ros_arduino/src/rcl_interfaces/srv) by extensions ['ros']
[0.132s] Level 1:colcon.colcon_core.package_identification:_identify(libraries/micro_ros_arduino/src/rcl_interfaces/srv) by extension 'ros'
[0.132s] Level 1:colcon.colcon_core.package_identification:_identify(libraries/micro_ros_arduino/src/rcl_interfaces/srv) by extensions ['cmake', 'python']
[0.132s] Level 1:colcon.colcon_core.package_identification:_identify(libraries/micro_ros_arduino/src/rcl_interfaces/srv) by extension 'cmake'
[0.132s] Level 1:colcon.colcon_core.package_identification:_identify(libraries/micro_ros_arduino/src/rcl_interfaces/srv) by extension 'python'
[0.132s] Level 1:colcon.colcon_core.package_identification:_identify(libraries/micro_ros_arduino/src/rcl_interfaces/srv) by extensions ['python_setup_py']
[0.132s] Level 1:colcon.colcon_core.package_identification:_identify(libraries/micro_ros_arduino/src/rcl_interfaces/srv) by extension 'python_setup_py'
[0.132s] Level 1:colcon.colcon_core.package_identification:_identify(libraries/micro_ros_arduino/src/rcl_interfaces/srv/detail) by extensions ['ignore', 'ignore_ament_install']
[0.132s] Level 1:colcon.colcon_core.package_identification:_identify(libraries/micro_ros_arduino/src/rcl_interfaces/srv/detail) by extension 'ignore'
[0.132s] Level 1:colcon.colcon_core.package_identification:_identify(libraries/micro_ros_arduino/src/rcl_interfaces/srv/detail) by extension 'ignore_ament_install'
[0.132s] Level 1:colcon.colcon_core.package_identification:_identify(libraries/micro_ros_arduino/src/rcl_interfaces/srv/detail) by extensions ['colcon_pkg']
[0.132s] Level 1:colcon.colcon_core.package_identification:_identify(libraries/micro_ros_arduino/src/rcl_interfaces/srv/detail) by extension 'colcon_pkg'
[0.132s] Level 1:colcon.colcon_core.package_identification:_identify(libraries/micro_ros_arduino/src/rcl_interfaces/srv/detail) by extensions ['colcon_meta']
[0.132s] Level 1:colcon.colcon_core.package_identification:_identify(libraries/micro_ros_arduino/src/rcl_interfaces/srv/detail) by extension 'colcon_meta'
[0.132s] Level 1:colcon.colcon_core.package_identification:_identify(libraries/micro_ros_arduino/src/rcl_interfaces/srv/detail) by extensions ['ros']
[0.132s] Level 1:colcon.colcon_core.package_identification:_identify(libraries/micro_ros_arduino/src/rcl_interfaces/srv/detail) by extension 'ros'
[0.133s] Level 1:colcon.colcon_core.package_identification:_identify(libraries/micro_ros_arduino/src/rcl_interfaces/srv/detail) by extensions ['cmake', 'python']
[0.133s] Level 1:colcon.colcon_core.package_identification:_identify(libraries/micro_ros_arduino/src/rcl_interfaces/srv/detail) by extension 'cmake'
[0.133s] Level 1:colcon.colcon_core.package_identification:_identify(libraries/micro_ros_arduino/src/rcl_interfaces/srv/detail) by extension 'python'
[0.133s] Level 1:colcon.colcon_core.package_identification:_identify(libraries/micro_ros_arduino/src/rcl_interfaces/srv/detail) by extensions ['python_setup_py']
[0.133s] Level 1:colcon.colcon_core.package_identification:_identify(libraries/micro_ros_arduino/src/rcl_interfaces/srv/detail) by extension 'python_setup_py'
[0.133s] Level 1:colcon.colcon_core.package_identification:_identify(libraries/micro_ros_arduino/src/rcl_lifecycle) by extensions ['ignore', 'ignore_ament_install']
[0.133s] Level 1:colcon.colcon_core.package_identification:_identify(libraries/micro_ros_arduino/src/rcl_lifecycle) by extension 'ignore'
[0.133s] Level 1:colcon.colcon_core.package_identification:_identify(libraries/micro_ros_arduino/src/rcl_lifecycle) by extension 'ignore_ament_install'
[0.133s] Level 1:colcon.colcon_core.package_identification:_identify(libraries/micro_ros_arduino/src/rcl_lifecycle) by extensions ['colcon_pkg']
[0.133s] Level 1:colcon.colcon_core.package_identification:_identify(libraries/micro_ros_arduino/src/rcl_lifecycle) by extension 'colcon_pkg'
[0.133s] Level 1:colcon.colcon_core.package_identification:_identify(libraries/micro_ros_arduino/src/rcl_lifecycle) by extensions ['colcon_meta']
[0.133s] Level 1:colcon.colcon_core.package_identification:_identify(libraries/micro_ros_arduino/src/rcl_lifecycle) by extension 'colcon_meta'
[0.133s] Level 1:colcon.colcon_core.package_identification:_identify(libraries/micro_ros_arduino/src/rcl_lifecycle) by extensions ['ros']
[0.133s] Level 1:colcon.colcon_core.package_identification:_identify(libraries/micro_ros_arduino/src/rcl_lifecycle) by extension 'ros'
[0.133s] Level 1:colcon.colcon_core.package_identification:_identify(libraries/micro_ros_arduino/src/rcl_lifecycle) by extensions ['cmake', 'python']
[0.133s] Level 1:colcon.colcon_core.package_identification:_identify(libraries/micro_ros_arduino/src/rcl_lifecycle) by extension 'cmake'
[0.133s] Level 1:colcon.colcon_core.package_identification:_identify(libraries/micro_ros_arduino/src/rcl_lifecycle) by extension 'python'
[0.133s] Level 1:colcon.colcon_core.package_identification:_identify(libraries/micro_ros_arduino/src/rcl_lifecycle) by extensions ['python_setup_py']
[0.133s] Level 1:colcon.colcon_core.package_identification:_identify(libraries/micro_ros_arduino/src/rcl_lifecycle) by extension 'python_setup_py'
[0.133s] Level 1:colcon.colcon_core.package_identification:_identify(libraries/micro_ros_arduino/src/rcl_logging_interface) by extensions ['ignore', 'ignore_ament_install']
[0.133s] Level 1:colcon.colcon_core.package_identification:_identify(libraries/micro_ros_arduino/src/rcl_logging_interface) by extension 'ignore'
[0.133s] Level 1:colcon.colcon_core.package_identification:_identify(libraries/micro_ros_arduino/src/rcl_logging_interface) by extension 'ignore_ament_install'
[0.133s] Level 1:colcon.colcon_core.package_identification:_identify(libraries/micro_ros_arduino/src/rcl_logging_interface) by extensions ['colcon_pkg']
[0.133s] Level 1:colcon.colcon_core.package_identification:_identify(libraries/micro_ros_arduino/src/rcl_logging_interface) by extension 'colcon_pkg'
[0.133s] Level 1:colcon.colcon_core.package_identification:_identify(libraries/micro_ros_arduino/src/rcl_logging_interface) by extensions ['colcon_meta']
[0.133s] Level 1:colcon.colcon_core.package_identification:_identify(libraries/micro_ros_arduino/src/rcl_logging_interface) by extension 'colcon_meta'
[0.133s] Level 1:colcon.colcon_core.package_identification:_identify(libraries/micro_ros_arduino/src/rcl_logging_interface) by extensions ['ros']
[0.133s] Level 1:colcon.colcon_core.package_identification:_identify(libraries/micro_ros_arduino/src/rcl_logging_interface) by extension 'ros'
[0.133s] Level 1:colcon.colcon_core.package_identification:_identify(libraries/micro_ros_arduino/src/rcl_logging_interface) by extensions ['cmake', 'python']
[0.133s] Level 1:colcon.colcon_core.package_identification:_identify(libraries/micro_ros_arduino/src/rcl_logging_interface) by extension 'cmake'
[0.133s] Level 1:colcon.colcon_core.package_identification:_identify(libraries/micro_ros_arduino/src/rcl_logging_interface) by extension 'python'
[0.133s] Level 1:colcon.colcon_core.package_identification:_identify(libraries/micro_ros_arduino/src/rcl_logging_interface) by extensions ['python_setup_py']
[0.133s] Level 1:colcon.colcon_core.package_identification:_identify(libraries/micro_ros_arduino/src/rcl_logging_interface) by extension 'python_setup_py'
[0.133s] Level 1:colcon.colcon_core.package_identification:_identify(libraries/micro_ros_arduino/src/rclc) by extensions ['ignore', 'ignore_ament_install']
[0.133s] Level 1:colcon.colcon_core.package_identification:_identify(libraries/micro_ros_arduino/src/rclc) by extension 'ignore'
[0.133s] Level 1:colcon.colcon_core.package_identification:_identify(libraries/micro_ros_arduino/src/rclc) by extension 'ignore_ament_install'
[0.133s] Level 1:colcon.colcon_core.package_identification:_identify(libraries/micro_ros_arduino/src/rclc) by extensions ['colcon_pkg']
[0.133s] Level 1:colcon.colcon_core.package_identification:_identify(libraries/micro_ros_arduino/src/rclc) by extension 'colcon_pkg'
[0.133s] Level 1:colcon.colcon_core.package_identification:_identify(libraries/micro_ros_arduino/src/rclc) by extensions ['colcon_meta']
[0.133s] Level 1:colcon.colcon_core.package_identification:_identify(libraries/micro_ros_arduino/src/rclc) by extension 'colcon_meta'
[0.133s] Level 1:colcon.colcon_core.package_identification:_identify(libraries/micro_ros_arduino/src/rclc) by extensions ['ros']
[0.133s] Level 1:colcon.colcon_core.package_identification:_identify(libraries/micro_ros_arduino/src/rclc) by extension 'ros'
[0.133s] Level 1:colcon.colcon_core.package_identification:_identify(libraries/micro_ros_arduino/src/rclc) by extensions ['cmake', 'python']
[0.133s] Level 1:colcon.colcon_core.package_identification:_identify(libraries/micro_ros_arduino/src/rclc) by extension 'cmake'
[0.133s] Level 1:colcon.colcon_core.package_identification:_identify(libraries/micro_ros_arduino/src/rclc) by extension 'python'
[0.133s] Level 1:colcon.colcon_core.package_identification:_identify(libraries/micro_ros_arduino/src/rclc) by extensions ['python_setup_py']
[0.133s] Level 1:colcon.colcon_core.package_identification:_identify(libraries/micro_ros_arduino/src/rclc) by extension 'python_setup_py'
[0.133s] Level 1:colcon.colcon_core.package_identification:_identify(libraries/micro_ros_arduino/src/rclc_lifecycle) by extensions ['ignore', 'ignore_ament_install']
[0.134s] Level 1:colcon.colcon_core.package_identification:_identify(libraries/micro_ros_arduino/src/rclc_lifecycle) by extension 'ignore'
[0.134s] Level 1:colcon.colcon_core.package_identification:_identify(libraries/micro_ros_arduino/src/rclc_lifecycle) by extension 'ignore_ament_install'
[0.134s] Level 1:colcon.colcon_core.package_identification:_identify(libraries/micro_ros_arduino/src/rclc_lifecycle) by extensions ['colcon_pkg']
[0.134s] Level 1:colcon.colcon_core.package_identification:_identify(libraries/micro_ros_arduino/src/rclc_lifecycle) by extension 'colcon_pkg'
[0.134s] Level 1:colcon.colcon_core.package_identification:_identify(libraries/micro_ros_arduino/src/rclc_lifecycle) by extensions ['colcon_meta']
[0.134s] Level 1:colcon.colcon_core.package_identification:_identify(libraries/micro_ros_arduino/src/rclc_lifecycle) by extension 'colcon_meta'
[0.134s] Level 1:colcon.colcon_core.package_identification:_identify(libraries/micro_ros_arduino/src/rclc_lifecycle) by extensions ['ros']
[0.134s] Level 1:colcon.colcon_core.package_identification:_identify(libraries/micro_ros_arduino/src/rclc_lifecycle) by extension 'ros'
[0.134s] Level 1:colcon.colcon_core.package_identification:_identify(libraries/micro_ros_arduino/src/rclc_lifecycle) by extensions ['cmake', 'python']
[0.134s] Level 1:colcon.colcon_core.package_identification:_identify(libraries/micro_ros_arduino/src/rclc_lifecycle) by extension 'cmake'
[0.134s] Level 1:colcon.colcon_core.package_identification:_identify(libraries/micro_ros_arduino/src/rclc_lifecycle) by extension 'python'
[0.134s] Level 1:colcon.colcon_core.package_identification:_identify(libraries/micro_ros_arduino/src/rclc_lifecycle) by extensions ['python_setup_py']
[0.134s] Level 1:colcon.colcon_core.package_identification:_identify(libraries/micro_ros_arduino/src/rclc_lifecycle) by extension 'python_setup_py'
[0.134s] Level 1:colcon.colcon_core.package_identification:_identify(libraries/micro_ros_arduino/src/rclc_parameter) by extensions ['ignore', 'ignore_ament_install']
[0.134s] Level 1:colcon.colcon_core.package_identification:_identify(libraries/micro_ros_arduino/src/rclc_parameter) by extension 'ignore'
[0.134s] Level 1:colcon.colcon_core.package_identification:_identify(libraries/micro_ros_arduino/src/rclc_parameter) by extension 'ignore_ament_install'
[0.134s] Level 1:colcon.colcon_core.package_identification:_identify(libraries/micro_ros_arduino/src/rclc_parameter) by extensions ['colcon_pkg']
[0.134s] Level 1:colcon.colcon_core.package_identification:_identify(libraries/micro_ros_arduino/src/rclc_parameter) by extension 'colcon_pkg'
[0.134s] Level 1:colcon.colcon_core.package_identification:_identify(libraries/micro_ros_arduino/src/rclc_parameter) by extensions ['colcon_meta']
[0.134s] Level 1:colcon.colcon_core.package_identification:_identify(libraries/micro_ros_arduino/src/rclc_parameter) by extension 'colcon_meta'
[0.134s] Level 1:colcon.colcon_core.package_identification:_identify(libraries/micro_ros_arduino/src/rclc_parameter) by extensions ['ros']
[0.134s] Level 1:colcon.colcon_core.package_identification:_identify(libraries/micro_ros_arduino/src/rclc_parameter) by extension 'ros'
[0.134s] Level 1:colcon.colcon_core.package_identification:_identify(libraries/micro_ros_arduino/src/rclc_parameter) by extensions ['cmake', 'python']
[0.134s] Level 1:colcon.colcon_core.package_identification:_identify(libraries/micro_ros_arduino/src/rclc_parameter) by extension 'cmake'
[0.134s] Level 1:colcon.colcon_core.package_identification:_identify(libraries/micro_ros_arduino/src/rclc_parameter) by extension 'python'
[0.134s] Level 1:colcon.colcon_core.package_identification:_identify(libraries/micro_ros_arduino/src/rclc_parameter) by extensions ['python_setup_py']
[0.134s] Level 1:colcon.colcon_core.package_identification:_identify(libraries/micro_ros_arduino/src/rclc_parameter) by extension 'python_setup_py'
[0.134s] Level 1:colcon.colcon_core.package_identification:_identify(libraries/micro_ros_arduino/src/rcutils) by extensions ['ignore', 'ignore_ament_install']
[0.134s] Level 1:colcon.colcon_core.package_identification:_identify(libraries/micro_ros_arduino/src/rcutils) by extension 'ignore'
[0.134s] Level 1:colcon.colcon_core.package_identification:_identify(libraries/micro_ros_arduino/src/rcutils) by extension 'ignore_ament_install'
[0.134s] Level 1:colcon.colcon_core.package_identification:_identify(libraries/micro_ros_arduino/src/rcutils) by extensions ['colcon_pkg']
[0.134s] Level 1:colcon.colcon_core.package_identification:_identify(libraries/micro_ros_arduino/src/rcutils) by extension 'colcon_pkg'
[0.134s] Level 1:colcon.colcon_core.package_identification:_identify(libraries/micro_ros_arduino/src/rcutils) by extensions ['colcon_meta']
[0.134s] Level 1:colcon.colcon_core.package_identification:_identify(libraries/micro_ros_arduino/src/rcutils) by extension 'colcon_meta'
[0.134s] Level 1:colcon.colcon_core.package_identification:_identify(libraries/micro_ros_arduino/src/rcutils) by extensions ['ros']
[0.134s] Level 1:colcon.colcon_core.package_identification:_identify(libraries/micro_ros_arduino/src/rcutils) by extension 'ros'
[0.134s] Level 1:colcon.colcon_core.package_identification:_identify(libraries/micro_ros_arduino/src/rcutils) by extensions ['cmake', 'python']
[0.134s] Level 1:colcon.colcon_core.package_identification:_identify(libraries/micro_ros_arduino/src/rcutils) by extension 'cmake'
[0.134s] Level 1:colcon.colcon_core.package_identification:_identify(libraries/micro_ros_arduino/src/rcutils) by extension 'python'
[0.134s] Level 1:colcon.colcon_core.package_identification:_identify(libraries/micro_ros_arduino/src/rcutils) by extensions ['python_setup_py']
[0.134s] Level 1:colcon.colcon_core.package_identification:_identify(libraries/micro_ros_arduino/src/rcutils) by extension 'python_setup_py'
[0.134s] Level 1:colcon.colcon_core.package_identification:_identify(libraries/micro_ros_arduino/src/rcutils/stdatomic_helper) by extensions ['ignore', 'ignore_ament_install']
[0.134s] Level 1:colcon.colcon_core.package_identification:_identify(libraries/micro_ros_arduino/src/rcutils/stdatomic_helper) by extension 'ignore'
[0.135s] Level 1:colcon.colcon_core.package_identification:_identify(libraries/micro_ros_arduino/src/rcutils/stdatomic_helper) by extension 'ignore_ament_install'
[0.135s] Level 1:colcon.colcon_core.package_identification:_identify(libraries/micro_ros_arduino/src/rcutils/stdatomic_helper) by extensions ['colcon_pkg']
[0.135s] Level 1:colcon.colcon_core.package_identification:_identify(libraries/micro_ros_arduino/src/rcutils/stdatomic_helper) by extension 'colcon_pkg'
[0.135s] Level 1:colcon.colcon_core.package_identification:_identify(libraries/micro_ros_arduino/src/rcutils/stdatomic_helper) by extensions ['colcon_meta']
[0.135s] Level 1:colcon.colcon_core.package_identification:_identify(libraries/micro_ros_arduino/src/rcutils/stdatomic_helper) by extension 'colcon_meta'
[0.135s] Level 1:colcon.colcon_core.package_identification:_identify(libraries/micro_ros_arduino/src/rcutils/stdatomic_helper) by extensions ['ros']
[0.135s] Level 1:colcon.colcon_core.package_identification:_identify(libraries/micro_ros_arduino/src/rcutils/stdatomic_helper) by extension 'ros'
[0.135s] Level 1:colcon.colcon_core.package_identification:_identify(libraries/micro_ros_arduino/src/rcutils/stdatomic_helper) by extensions ['cmake', 'python']
[0.135s] Level 1:colcon.colcon_core.package_identification:_identify(libraries/micro_ros_arduino/src/rcutils/stdatomic_helper) by extension 'cmake'
[0.135s] Level 1:colcon.colcon_core.package_identification:_identify(libraries/micro_ros_arduino/src/rcutils/stdatomic_helper) by extension 'python'
[0.135s] Level 1:colcon.colcon_core.package_identification:_identify(libraries/micro_ros_arduino/src/rcutils/stdatomic_helper) by extensions ['python_setup_py']
[0.135s] Level 1:colcon.colcon_core.package_identification:_identify(libraries/micro_ros_arduino/src/rcutils/stdatomic_helper) by extension 'python_setup_py'
[0.135s] Level 1:colcon.colcon_core.package_identification:_identify(libraries/micro_ros_arduino/src/rcutils/stdatomic_helper/gcc) by extensions ['ignore', 'ignore_ament_install']
[0.135s] Level 1:colcon.colcon_core.package_identification:_identify(libraries/micro_ros_arduino/src/rcutils/stdatomic_helper/gcc) by extension 'ignore'
[0.135s] Level 1:colcon.colcon_core.package_identification:_identify(libraries/micro_ros_arduino/src/rcutils/stdatomic_helper/gcc) by extension 'ignore_ament_install'
[0.135s] Level 1:colcon.colcon_core.package_identification:_identify(libraries/micro_ros_arduino/src/rcutils/stdatomic_helper/gcc) by extensions ['colcon_pkg']
[0.135s] Level 1:colcon.colcon_core.package_identification:_identify(libraries/micro_ros_arduino/src/rcutils/stdatomic_helper/gcc) by extension 'colcon_pkg'
[0.135s] Level 1:colcon.colcon_core.package_identification:_identify(libraries/micro_ros_arduino/src/rcutils/stdatomic_helper/gcc) by extensions ['colcon_meta']
[0.135s] Level 1:colcon.colcon_core.package_identification:_identify(libraries/micro_ros_arduino/src/rcutils/stdatomic_helper/gcc) by extension 'colcon_meta'
[0.135s] Level 1:colcon.colcon_core.package_identification:_identify(libraries/micro_ros_arduino/src/rcutils/stdatomic_helper/gcc) by extensions ['ros']
[0.135s] Level 1:colcon.colcon_core.package_identification:_identify(libraries/micro_ros_arduino/src/rcutils/stdatomic_helper/gcc) by extension 'ros'
[0.135s] Level 1:colcon.colcon_core.package_identification:_identify(libraries/micro_ros_arduino/src/rcutils/stdatomic_helper/gcc) by extensions ['cmake', 'python']
[0.135s] Level 1:colcon.colcon_core.package_identification:_identify(libraries/micro_ros_arduino/src/rcutils/stdatomic_helper/gcc) by extension 'cmake'
[0.135s] Level 1:colcon.colcon_core.package_identification:_identify(libraries/micro_ros_arduino/src/rcutils/stdatomic_helper/gcc) by extension 'python'
[0.135s] Level 1:colcon.colcon_core.package_identification:_identify(libraries/micro_ros_arduino/src/rcutils/stdatomic_helper/gcc) by extensions ['python_setup_py']
[0.135s] Level 1:colcon.colcon_core.package_identification:_identify(libraries/micro_ros_arduino/src/rcutils/stdatomic_helper/gcc) by extension 'python_setup_py'
[0.135s] Level 1:colcon.colcon_core.package_identification:_identify(libraries/micro_ros_arduino/src/rcutils/stdatomic_helper/win32) by extensions ['ignore', 'ignore_ament_install']
[0.135s] Level 1:colcon.colcon_core.package_identification:_identify(libraries/micro_ros_arduino/src/rcutils/stdatomic_helper/win32) by extension 'ignore'
[0.135s] Level 1:colcon.colcon_core.package_identification:_identify(libraries/micro_ros_arduino/src/rcutils/stdatomic_helper/win32) by extension 'ignore_ament_install'
[0.135s] Level 1:colcon.colcon_core.package_identification:_identify(libraries/micro_ros_arduino/src/rcutils/stdatomic_helper/win32) by extensions ['colcon_pkg']
[0.135s] Level 1:colcon.colcon_core.package_identification:_identify(libraries/micro_ros_arduino/src/rcutils/stdatomic_helper/win32) by extension 'colcon_pkg'
[0.135s] Level 1:colcon.colcon_core.package_identification:_identify(libraries/micro_ros_arduino/src/rcutils/stdatomic_helper/win32) by extensions ['colcon_meta']
[0.135s] Level 1:colcon.colcon_core.package_identification:_identify(libraries/micro_ros_arduino/src/rcutils/stdatomic_helper/win32) by extension 'colcon_meta'
[0.135s] Level 1:colcon.colcon_core.package_identification:_identify(libraries/micro_ros_arduino/src/rcutils/stdatomic_helper/win32) by extensions ['ros']
[0.135s] Level 1:colcon.colcon_core.package_identification:_identify(libraries/micro_ros_arduino/src/rcutils/stdatomic_helper/win32) by extension 'ros'
[0.135s] Level 1:colcon.colcon_core.package_identification:_identify(libraries/micro_ros_arduino/src/rcutils/stdatomic_helper/win32) by extensions ['cmake', 'python']
[0.135s] Level 1:colcon.colcon_core.package_identification:_identify(libraries/micro_ros_arduino/src/rcutils/stdatomic_helper/win32) by extension 'cmake'
[0.135s] Level 1:colcon.colcon_core.package_identification:_identify(libraries/micro_ros_arduino/src/rcutils/stdatomic_helper/win32) by extension 'python'
[0.135s] Level 1:colcon.colcon_core.package_identification:_identify(libraries/micro_ros_arduino/src/rcutils/stdatomic_helper/win32) by extensions ['python_setup_py']
[0.135s] Level 1:colcon.colcon_core.package_identification:_identify(libraries/micro_ros_arduino/src/rcutils/stdatomic_helper/win32) by extension 'python_setup_py'
[0.135s] Level 1:colcon.colcon_core.package_identification:_identify(libraries/micro_ros_arduino/src/rcutils/testing) by extensions ['ignore', 'ignore_ament_install']
[0.135s] Level 1:colcon.colcon_core.package_identification:_identify(libraries/micro_ros_arduino/src/rcutils/testing) by extension 'ignore'
[0.135s] Level 1:colcon.colcon_core.package_identification:_identify(libraries/micro_ros_arduino/src/rcutils/testing) by extension 'ignore_ament_install'
[0.135s] Level 1:colcon.colcon_core.package_identification:_identify(libraries/micro_ros_arduino/src/rcutils/testing) by extensions ['colcon_pkg']
[0.135s] Level 1:colcon.colcon_core.package_identification:_identify(libraries/micro_ros_arduino/src/rcutils/testing) by extension 'colcon_pkg'
[0.136s] Level 1:colcon.colcon_core.package_identification:_identify(libraries/micro_ros_arduino/src/rcutils/testing) by extensions ['colcon_meta']
[0.136s] Level 1:colcon.colcon_core.package_identification:_identify(libraries/micro_ros_arduino/src/rcutils/testing) by extension 'colcon_meta'
[0.136s] Level 1:colcon.colcon_core.package_identification:_identify(libraries/micro_ros_arduino/src/rcutils/testing) by extensions ['ros']
[0.136s] Level 1:colcon.colcon_core.package_identification:_identify(libraries/micro_ros_arduino/src/rcutils/testing) by extension 'ros'
[0.136s] Level 1:colcon.colcon_core.package_identification:_identify(libraries/micro_ros_arduino/src/rcutils/testing) by extensions ['cmake', 'python']
[0.136s] Level 1:colcon.colcon_core.package_identification:_identify(libraries/micro_ros_arduino/src/rcutils/testing) by extension 'cmake'
[0.136s] Level 1:colcon.colcon_core.package_identification:_identify(libraries/micro_ros_arduino/src/rcutils/testing) by extension 'python'
[0.136s] Level 1:colcon.colcon_core.package_identification:_identify(libraries/micro_ros_arduino/src/rcutils/testing) by extensions ['python_setup_py']
[0.136s] Level 1:colcon.colcon_core.package_identification:_identify(libraries/micro_ros_arduino/src/rcutils/testing) by extension 'python_setup_py'
[0.136s] Level 1:colcon.colcon_core.package_identification:_identify(libraries/micro_ros_arduino/src/rcutils/types) by extensions ['ignore', 'ignore_ament_install']
[0.136s] Level 1:colcon.colcon_core.package_identification:_identify(libraries/micro_ros_arduino/src/rcutils/types) by extension 'ignore'
[0.136s] Level 1:colcon.colcon_core.package_identification:_identify(libraries/micro_ros_arduino/src/rcutils/types) by extension 'ignore_ament_install'
[0.136s] Level 1:colcon.colcon_core.package_identification:_identify(libraries/micro_ros_arduino/src/rcutils/types) by extensions ['colcon_pkg']
[0.136s] Level 1:colcon.colcon_core.package_identification:_identify(libraries/micro_ros_arduino/src/rcutils/types) by extension 'colcon_pkg'
[0.136s] Level 1:colcon.colcon_core.package_identification:_identify(libraries/micro_ros_arduino/src/rcutils/types) by extensions ['colcon_meta']
[0.136s] Level 1:colcon.colcon_core.package_identification:_identify(libraries/micro_ros_arduino/src/rcutils/types) by extension 'colcon_meta'
[0.136s] Level 1:colcon.colcon_core.package_identification:_identify(libraries/micro_ros_arduino/src/rcutils/types) by extensions ['ros']
[0.136s] Level 1:colcon.colcon_core.package_identification:_identify(libraries/micro_ros_arduino/src/rcutils/types) by extension 'ros'
[0.136s] Level 1:colcon.colcon_core.package_identification:_identify(libraries/micro_ros_arduino/src/rcutils/types) by extensions ['cmake', 'python']
[0.136s] Level 1:colcon.colcon_core.package_identification:_identify(libraries/micro_ros_arduino/src/rcutils/types) by extension 'cmake'
[0.136s] Level 1:colcon.colcon_core.package_identification:_identify(libraries/micro_ros_arduino/src/rcutils/types) by extension 'python'
[0.136s] Level 1:colcon.colcon_core.package_identification:_identify(libraries/micro_ros_arduino/src/rcutils/types) by extensions ['python_setup_py']
[0.136s] Level 1:colcon.colcon_core.package_identification:_identify(libraries/micro_ros_arduino/src/rcutils/types) by extension 'python_setup_py'
[0.136s] Level 1:colcon.colcon_core.package_identification:_identify(libraries/micro_ros_arduino/src/rmw) by extensions ['ignore', 'ignore_ament_install']
[0.136s] Level 1:colcon.colcon_core.package_identification:_identify(libraries/micro_ros_arduino/src/rmw) by extension 'ignore'
[0.136s] Level 1:colcon.colcon_core.package_identification:_identify(libraries/micro_ros_arduino/src/rmw) by extension 'ignore_ament_install'
[0.136s] Level 1:colcon.colcon_core.package_identification:_identify(libraries/micro_ros_arduino/src/rmw) by extensions ['colcon_pkg']
[0.136s] Level 1:colcon.colcon_core.package_identification:_identify(libraries/micro_ros_arduino/src/rmw) by extension 'colcon_pkg'
[0.136s] Level 1:colcon.colcon_core.package_identification:_identify(libraries/micro_ros_arduino/src/rmw) by extensions ['colcon_meta']
[0.136s] Level 1:colcon.colcon_core.package_identification:_identify(libraries/micro_ros_arduino/src/rmw) by extension 'colcon_meta'
[0.136s] Level 1:colcon.colcon_core.package_identification:_identify(libraries/micro_ros_arduino/src/rmw) by extensions ['ros']
[0.136s] Level 1:colcon.colcon_core.package_identification:_identify(libraries/micro_ros_arduino/src/rmw) by extension 'ros'
[0.136s] Level 1:colcon.colcon_core.package_identification:_identify(libraries/micro_ros_arduino/src/rmw) by extensions ['cmake', 'python']
[0.136s] Level 1:colcon.colcon_core.package_identification:_identify(libraries/micro_ros_arduino/src/rmw) by extension 'cmake'
[0.136s] Level 1:colcon.colcon_core.package_identification:_identify(libraries/micro_ros_arduino/src/rmw) by extension 'python'
[0.136s] Level 1:colcon.colcon_core.package_identification:_identify(libraries/micro_ros_arduino/src/rmw) by extensions ['python_setup_py']
[0.136s] Level 1:colcon.colcon_core.package_identification:_identify(libraries/micro_ros_arduino/src/rmw) by extension 'python_setup_py'
[0.136s] Level 1:colcon.colcon_core.package_identification:_identify(libraries/micro_ros_arduino/src/rmw/events_statuses) by extensions ['ignore', 'ignore_ament_install']
[0.136s] Level 1:colcon.colcon_core.package_identification:_identify(libraries/micro_ros_arduino/src/rmw/events_statuses) by extension 'ignore'
[0.136s] Level 1:colcon.colcon_core.package_identification:_identify(libraries/micro_ros_arduino/src/rmw/events_statuses) by extension 'ignore_ament_install'
[0.136s] Level 1:colcon.colcon_core.package_identification:_identify(libraries/micro_ros_arduino/src/rmw/events_statuses) by extensions ['colcon_pkg']
[0.136s] Level 1:colcon.colcon_core.package_identification:_identify(libraries/micro_ros_arduino/src/rmw/events_statuses) by extension 'colcon_pkg'
[0.136s] Level 1:colcon.colcon_core.package_identification:_identify(libraries/micro_ros_arduino/src/rmw/events_statuses) by extensions ['colcon_meta']
[0.136s] Level 1:colcon.colcon_core.package_identification:_identify(libraries/micro_ros_arduino/src/rmw/events_statuses) by extension 'colcon_meta'
[0.136s] Level 1:colcon.colcon_core.package_identification:_identify(libraries/micro_ros_arduino/src/rmw/events_statuses) by extensions ['ros']
[0.136s] Level 1:colcon.colcon_core.package_identification:_identify(libraries/micro_ros_arduino/src/rmw/events_statuses) by extension 'ros'
[0.136s] Level 1:colcon.colcon_core.package_identification:_identify(libraries/micro_ros_arduino/src/rmw/events_statuses) by extensions ['cmake', 'python']
[0.137s] Level 1:colcon.colcon_core.package_identification:_identify(libraries/micro_ros_arduino/src/rmw/events_statuses) by extension 'cmake'
[0.137s] Level 1:colcon.colcon_core.package_identification:_identify(libraries/micro_ros_arduino/src/rmw/events_statuses) by extension 'python'
[0.137s] Level 1:colcon.colcon_core.package_identification:_identify(libraries/micro_ros_arduino/src/rmw/events_statuses) by extensions ['python_setup_py']
[0.137s] Level 1:colcon.colcon_core.package_identification:_identify(libraries/micro_ros_arduino/src/rmw/events_statuses) by extension 'python_setup_py'
[0.137s] Level 1:colcon.colcon_core.package_identification:_identify(libraries/micro_ros_arduino/src/rmw/impl) by extensions ['ignore', 'ignore_ament_install']
[0.137s] Level 1:colcon.colcon_core.package_identification:_identify(libraries/micro_ros_arduino/src/rmw/impl) by extension 'ignore'
[0.137s] Level 1:colcon.colcon_core.package_identification:_identify(libraries/micro_ros_arduino/src/rmw/impl) by extension 'ignore_ament_install'
[0.137s] Level 1:colcon.colcon_core.package_identification:_identify(libraries/micro_ros_arduino/src/rmw/impl) by extensions ['colcon_pkg']
[0.137s] Level 1:colcon.colcon_core.package_identification:_identify(libraries/micro_ros_arduino/src/rmw/impl) by extension 'colcon_pkg'
[0.137s] Level 1:colcon.colcon_core.package_identification:_identify(libraries/micro_ros_arduino/src/rmw/impl) by extensions ['colcon_meta']
[0.137s] Level 1:colcon.colcon_core.package_identification:_identify(libraries/micro_ros_arduino/src/rmw/impl) by extension 'colcon_meta'
[0.137s] Level 1:colcon.colcon_core.package_identification:_identify(libraries/micro_ros_arduino/src/rmw/impl) by extensions ['ros']
[0.137s] Level 1:colcon.colcon_core.package_identification:_identify(libraries/micro_ros_arduino/src/rmw/impl) by extension 'ros'
[0.137s] Level 1:colcon.colcon_core.package_identification:_identify(libraries/micro_ros_arduino/src/rmw/impl) by extensions ['cmake', 'python']
[0.137s] Level 1:colcon.colcon_core.package_identification:_identify(libraries/micro_ros_arduino/src/rmw/impl) by extension 'cmake'
[0.137s] Level 1:colcon.colcon_core.package_identification:_identify(libraries/micro_ros_arduino/src/rmw/impl) by extension 'python'
[0.137s] Level 1:colcon.colcon_core.package_identification:_identify(libraries/micro_ros_arduino/src/rmw/impl) by extensions ['python_setup_py']
[0.137s] Level 1:colcon.colcon_core.package_identification:_identify(libraries/micro_ros_arduino/src/rmw/impl) by extension 'python_setup_py'
[0.137s] Level 1:colcon.colcon_core.package_identification:_identify(libraries/micro_ros_arduino/src/rmw/impl/cpp) by extensions ['ignore', 'ignore_ament_install']
[0.137s] Level 1:colcon.colcon_core.package_identification:_identify(libraries/micro_ros_arduino/src/rmw/impl/cpp) by extension 'ignore'
[0.137s] Level 1:colcon.colcon_core.package_identification:_identify(libraries/micro_ros_arduino/src/rmw/impl/cpp) by extension 'ignore_ament_install'
[0.137s] Level 1:colcon.colcon_core.package_identification:_identify(libraries/micro_ros_arduino/src/rmw/impl/cpp) by extensions ['colcon_pkg']
[0.137s] Level 1:colcon.colcon_core.package_identification:_identify(libraries/micro_ros_arduino/src/rmw/impl/cpp) by extension 'colcon_pkg'
[0.137s] Level 1:colcon.colcon_core.package_identification:_identify(libraries/micro_ros_arduino/src/rmw/impl/cpp) by extensions ['colcon_meta']
[0.137s] Level 1:colcon.colcon_core.package_identification:_identify(libraries/micro_ros_arduino/src/rmw/impl/cpp) by extension 'colcon_meta'
[0.137s] Level 1:colcon.colcon_core.package_identification:_identify(libraries/micro_ros_arduino/src/rmw/impl/cpp) by extensions ['ros']
[0.137s] Level 1:colcon.colcon_core.package_identification:_identify(libraries/micro_ros_arduino/src/rmw/impl/cpp) by extension 'ros'
[0.137s] Level 1:colcon.colcon_core.package_identification:_identify(libraries/micro_ros_arduino/src/rmw/impl/cpp) by extensions ['cmake', 'python']
[0.137s] Level 1:colcon.colcon_core.package_identification:_identify(libraries/micro_ros_arduino/src/rmw/impl/cpp) by extension 'cmake'
[0.137s] Level 1:colcon.colcon_core.package_identification:_identify(libraries/micro_ros_arduino/src/rmw/impl/cpp) by extension 'python'
[0.137s] Level 1:colcon.colcon_core.package_identification:_identify(libraries/micro_ros_arduino/src/rmw/impl/cpp) by extensions ['python_setup_py']
[0.137s] Level 1:colcon.colcon_core.package_identification:_identify(libraries/micro_ros_arduino/src/rmw/impl/cpp) by extension 'python_setup_py'
[0.137s] Level 1:colcon.colcon_core.package_identification:_identify(libraries/micro_ros_arduino/src/rmw_microros) by extensions ['ignore', 'ignore_ament_install']
[0.137s] Level 1:colcon.colcon_core.package_identification:_identify(libraries/micro_ros_arduino/src/rmw_microros) by extension 'ignore'
[0.137s] Level 1:colcon.colcon_core.package_identification:_identify(libraries/micro_ros_arduino/src/rmw_microros) by extension 'ignore_ament_install'
[0.137s] Level 1:colcon.colcon_core.package_identification:_identify(libraries/micro_ros_arduino/src/rmw_microros) by extensions ['colcon_pkg']
[0.137s] Level 1:colcon.colcon_core.package_identification:_identify(libraries/micro_ros_arduino/src/rmw_microros) by extension 'colcon_pkg'
[0.137s] Level 1:colcon.colcon_core.package_identification:_identify(libraries/micro_ros_arduino/src/rmw_microros) by extensions ['colcon_meta']
[0.137s] Level 1:colcon.colcon_core.package_identification:_identify(libraries/micro_ros_arduino/src/rmw_microros) by extension 'colcon_meta'
[0.137s] Level 1:colcon.colcon_core.package_identification:_identify(libraries/micro_ros_arduino/src/rmw_microros) by extensions ['ros']
[0.137s] Level 1:colcon.colcon_core.package_identification:_identify(libraries/micro_ros_arduino/src/rmw_microros) by extension 'ros'
[0.137s] Level 1:colcon.colcon_core.package_identification:_identify(libraries/micro_ros_arduino/src/rmw_microros) by extensions ['cmake', 'python']
[0.137s] Level 1:colcon.colcon_core.package_identification:_identify(libraries/micro_ros_arduino/src/rmw_microros) by extension 'cmake'
[0.137s] Level 1:colcon.colcon_core.package_identification:_identify(libraries/micro_ros_arduino/src/rmw_microros) by extension 'python'
[0.137s] Level 1:colcon.colcon_core.package_identification:_identify(libraries/micro_ros_arduino/src/rmw_microros) by extensions ['python_setup_py']
[0.137s] Level 1:colcon.colcon_core.package_identification:_identify(libraries/micro_ros_arduino/src/rmw_microros) by extension 'python_setup_py'
[0.137s] Level 1:colcon.colcon_core.package_identification:_identify(libraries/micro_ros_arduino/src/rmw_microxrcedds_c) by extensions ['ignore', 'ignore_ament_install']
[0.137s] Level 1:colcon.colcon_core.package_identification:_identify(libraries/micro_ros_arduino/src/rmw_microxrcedds_c) by extension 'ignore'
[0.138s] Level 1:colcon.colcon_core.package_identification:_identify(libraries/micro_ros_arduino/src/rmw_microxrcedds_c) by extension 'ignore_ament_install'
[0.138s] Level 1:colcon.colcon_core.package_identification:_identify(libraries/micro_ros_arduino/src/rmw_microxrcedds_c) by extensions ['colcon_pkg']
[0.138s] Level 1:colcon.colcon_core.package_identification:_identify(libraries/micro_ros_arduino/src/rmw_microxrcedds_c) by extension 'colcon_pkg'
[0.138s] Level 1:colcon.colcon_core.package_identification:_identify(libraries/micro_ros_arduino/src/rmw_microxrcedds_c) by extensions ['colcon_meta']
[0.138s] Level 1:colcon.colcon_core.package_identification:_identify(libraries/micro_ros_arduino/src/rmw_microxrcedds_c) by extension 'colcon_meta'
[0.138s] Level 1:colcon.colcon_core.package_identification:_identify(libraries/micro_ros_arduino/src/rmw_microxrcedds_c) by extensions ['ros']
[0.138s] Level 1:colcon.colcon_core.package_identification:_identify(libraries/micro_ros_arduino/src/rmw_microxrcedds_c) by extension 'ros'
[0.138s] Level 1:colcon.colcon_core.package_identification:_identify(libraries/micro_ros_arduino/src/rmw_microxrcedds_c) by extensions ['cmake', 'python']
[0.138s] Level 1:colcon.colcon_core.package_identification:_identify(libraries/micro_ros_arduino/src/rmw_microxrcedds_c) by extension 'cmake'
[0.138s] Level 1:colcon.colcon_core.package_identification:_identify(libraries/micro_ros_arduino/src/rmw_microxrcedds_c) by extension 'python'
[0.138s] Level 1:colcon.colcon_core.package_identification:_identify(libraries/micro_ros_arduino/src/rmw_microxrcedds_c) by extensions ['python_setup_py']
[0.138s] Level 1:colcon.colcon_core.package_identification:_identify(libraries/micro_ros_arduino/src/rmw_microxrcedds_c) by extension 'python_setup_py'
[0.138s] Level 1:colcon.colcon_core.package_identification:_identify(libraries/micro_ros_arduino/src/rosgraph_msgs) by extensions ['ignore', 'ignore_ament_install']
[0.138s] Level 1:colcon.colcon_core.package_identification:_identify(libraries/micro_ros_arduino/src/rosgraph_msgs) by extension 'ignore'
[0.138s] Level 1:colcon.colcon_core.package_identification:_identify(libraries/micro_ros_arduino/src/rosgraph_msgs) by extension 'ignore_ament_install'
[0.138s] Level 1:colcon.colcon_core.package_identification:_identify(libraries/micro_ros_arduino/src/rosgraph_msgs) by extensions ['colcon_pkg']
[0.138s] Level 1:colcon.colcon_core.package_identification:_identify(libraries/micro_ros_arduino/src/rosgraph_msgs) by extension 'colcon_pkg'
[0.138s] Level 1:colcon.colcon_core.package_identification:_identify(libraries/micro_ros_arduino/src/rosgraph_msgs) by extensions ['colcon_meta']
[0.138s] Level 1:colcon.colcon_core.package_identification:_identify(libraries/micro_ros_arduino/src/rosgraph_msgs) by extension 'colcon_meta'
[0.138s] Level 1:colcon.colcon_core.package_identification:_identify(libraries/micro_ros_arduino/src/rosgraph_msgs) by extensions ['ros']
[0.138s] Level 1:colcon.colcon_core.package_identification:_identify(libraries/micro_ros_arduino/src/rosgraph_msgs) by extension 'ros'
[0.138s] Level 1:colcon.colcon_core.package_identification:_identify(libraries/micro_ros_arduino/src/rosgraph_msgs) by extensions ['cmake', 'python']
[0.138s] Level 1:colcon.colcon_core.package_identification:_identify(libraries/micro_ros_arduino/src/rosgraph_msgs) by extension 'cmake'
[0.138s] Level 1:colcon.colcon_core.package_identification:_identify(libraries/micro_ros_arduino/src/rosgraph_msgs) by extension 'python'
[0.138s] Level 1:colcon.colcon_core.package_identification:_identify(libraries/micro_ros_arduino/src/rosgraph_msgs) by extensions ['python_setup_py']
[0.138s] Level 1:colcon.colcon_core.package_identification:_identify(libraries/micro_ros_arduino/src/rosgraph_msgs) by extension 'python_setup_py'
[0.138s] Level 1:colcon.colcon_core.package_identification:_identify(libraries/micro_ros_arduino/src/rosgraph_msgs/msg) by extensions ['ignore', 'ignore_ament_install']
[0.138s] Level 1:colcon.colcon_core.package_identification:_identify(libraries/micro_ros_arduino/src/rosgraph_msgs/msg) by extension 'ignore'
[0.138s] Level 1:colcon.colcon_core.package_identification:_identify(libraries/micro_ros_arduino/src/rosgraph_msgs/msg) by extension 'ignore_ament_install'
[0.138s] Level 1:colcon.colcon_core.package_identification:_identify(libraries/micro_ros_arduino/src/rosgraph_msgs/msg) by extensions ['colcon_pkg']
[0.138s] Level 1:colcon.colcon_core.package_identification:_identify(libraries/micro_ros_arduino/src/rosgraph_msgs/msg) by extension 'colcon_pkg'
[0.138s] Level 1:colcon.colcon_core.package_identification:_identify(libraries/micro_ros_arduino/src/rosgraph_msgs/msg) by extensions ['colcon_meta']
[0.138s] Level 1:colcon.colcon_core.package_identification:_identify(libraries/micro_ros_arduino/src/rosgraph_msgs/msg) by extension 'colcon_meta'
[0.138s] Level 1:colcon.colcon_core.package_identification:_identify(libraries/micro_ros_arduino/src/rosgraph_msgs/msg) by extensions ['ros']
[0.138s] Level 1:colcon.colcon_core.package_identification:_identify(libraries/micro_ros_arduino/src/rosgraph_msgs/msg) by extension 'ros'
[0.138s] Level 1:colcon.colcon_core.package_identification:_identify(libraries/micro_ros_arduino/src/rosgraph_msgs/msg) by extensions ['cmake', 'python']
[0.138s] Level 1:colcon.colcon_core.package_identification:_identify(libraries/micro_ros_arduino/src/rosgraph_msgs/msg) by extension 'cmake'
[0.138s] Level 1:colcon.colcon_core.package_identification:_identify(libraries/micro_ros_arduino/src/rosgraph_msgs/msg) by extension 'python'
[0.138s] Level 1:colcon.colcon_core.package_identification:_identify(libraries/micro_ros_arduino/src/rosgraph_msgs/msg) by extensions ['python_setup_py']
[0.138s] Level 1:colcon.colcon_core.package_identification:_identify(libraries/micro_ros_arduino/src/rosgraph_msgs/msg) by extension 'python_setup_py'
[0.138s] Level 1:colcon.colcon_core.package_identification:_identify(libraries/micro_ros_arduino/src/rosgraph_msgs/msg/detail) by extensions ['ignore', 'ignore_ament_install']
[0.138s] Level 1:colcon.colcon_core.package_identification:_identify(libraries/micro_ros_arduino/src/rosgraph_msgs/msg/detail) by extension 'ignore'
[0.138s] Level 1:colcon.colcon_core.package_identification:_identify(libraries/micro_ros_arduino/src/rosgraph_msgs/msg/detail) by extension 'ignore_ament_install'
[0.138s] Level 1:colcon.colcon_core.package_identification:_identify(libraries/micro_ros_arduino/src/rosgraph_msgs/msg/detail) by extensions ['colcon_pkg']
[0.138s] Level 1:colcon.colcon_core.package_identification:_identify(libraries/micro_ros_arduino/src/rosgraph_msgs/msg/detail) by extension 'colcon_pkg'
[0.138s] Level 1:colcon.colcon_core.package_identification:_identify(libraries/micro_ros_arduino/src/rosgraph_msgs/msg/detail) by extensions ['colcon_meta']
[0.138s] Level 1:colcon.colcon_core.package_identification:_identify(libraries/micro_ros_arduino/src/rosgraph_msgs/msg/detail) by extension 'colcon_meta'
[0.138s] Level 1:colcon.colcon_core.package_identification:_identify(libraries/micro_ros_arduino/src/rosgraph_msgs/msg/detail) by extensions ['ros']
[0.138s] Level 1:colcon.colcon_core.package_identification:_identify(libraries/micro_ros_arduino/src/rosgraph_msgs/msg/detail) by extension 'ros'
[0.139s] Level 1:colcon.colcon_core.package_identification:_identify(libraries/micro_ros_arduino/src/rosgraph_msgs/msg/detail) by extensions ['cmake', 'python']
[0.139s] Level 1:colcon.colcon_core.package_identification:_identify(libraries/micro_ros_arduino/src/rosgraph_msgs/msg/detail) by extension 'cmake'
[0.139s] Level 1:colcon.colcon_core.package_identification:_identify(libraries/micro_ros_arduino/src/rosgraph_msgs/msg/detail) by extension 'python'
[0.139s] Level 1:colcon.colcon_core.package_identification:_identify(libraries/micro_ros_arduino/src/rosgraph_msgs/msg/detail) by extensions ['python_setup_py']
[0.139s] Level 1:colcon.colcon_core.package_identification:_identify(libraries/micro_ros_arduino/src/rosgraph_msgs/msg/detail) by extension 'python_setup_py'
[0.139s] Level 1:colcon.colcon_core.package_identification:_identify(libraries/micro_ros_arduino/src/rosidl_dynamic_typesupport) by extensions ['ignore', 'ignore_ament_install']
[0.139s] Level 1:colcon.colcon_core.package_identification:_identify(libraries/micro_ros_arduino/src/rosidl_dynamic_typesupport) by extension 'ignore'
[0.139s] Level 1:colcon.colcon_core.package_identification:_identify(libraries/micro_ros_arduino/src/rosidl_dynamic_typesupport) by extension 'ignore_ament_install'
[0.139s] Level 1:colcon.colcon_core.package_identification:_identify(libraries/micro_ros_arduino/src/rosidl_dynamic_typesupport) by extensions ['colcon_pkg']
[0.139s] Level 1:colcon.colcon_core.package_identification:_identify(libraries/micro_ros_arduino/src/rosidl_dynamic_typesupport) by extension 'colcon_pkg'
[0.139s] Level 1:colcon.colcon_core.package_identification:_identify(libraries/micro_ros_arduino/src/rosidl_dynamic_typesupport) by extensions ['colcon_meta']
[0.139s] Level 1:colcon.colcon_core.package_identification:_identify(libraries/micro_ros_arduino/src/rosidl_dynamic_typesupport) by extension 'colcon_meta'
[0.139s] Level 1:colcon.colcon_core.package_identification:_identify(libraries/micro_ros_arduino/src/rosidl_dynamic_typesupport) by extensions ['ros']
[0.139s] Level 1:colcon.colcon_core.package_identification:_identify(libraries/micro_ros_arduino/src/rosidl_dynamic_typesupport) by extension 'ros'
[0.139s] Level 1:colcon.colcon_core.package_identification:_identify(libraries/micro_ros_arduino/src/rosidl_dynamic_typesupport) by extensions ['cmake', 'python']
[0.139s] Level 1:colcon.colcon_core.package_identification:_identify(libraries/micro_ros_arduino/src/rosidl_dynamic_typesupport) by extension 'cmake'
[0.139s] Level 1:colcon.colcon_core.package_identification:_identify(libraries/micro_ros_arduino/src/rosidl_dynamic_typesupport) by extension 'python'
[0.139s] Level 1:colcon.colcon_core.package_identification:_identify(libraries/micro_ros_arduino/src/rosidl_dynamic_typesupport) by extensions ['python_setup_py']
[0.139s] Level 1:colcon.colcon_core.package_identification:_identify(libraries/micro_ros_arduino/src/rosidl_dynamic_typesupport) by extension 'python_setup_py'
[0.139s] Level 1:colcon.colcon_core.package_identification:_identify(libraries/micro_ros_arduino/src/rosidl_dynamic_typesupport/api) by extensions ['ignore', 'ignore_ament_install']
[0.139s] Level 1:colcon.colcon_core.package_identification:_identify(libraries/micro_ros_arduino/src/rosidl_dynamic_typesupport/api) by extension 'ignore'
[0.139s] Level 1:colcon.colcon_core.package_identification:_identify(libraries/micro_ros_arduino/src/rosidl_dynamic_typesupport/api) by extension 'ignore_ament_install'
[0.139s] Level 1:colcon.colcon_core.package_identification:_identify(libraries/micro_ros_arduino/src/rosidl_dynamic_typesupport/api) by extensions ['colcon_pkg']
[0.139s] Level 1:colcon.colcon_core.package_identification:_identify(libraries/micro_ros_arduino/src/rosidl_dynamic_typesupport/api) by extension 'colcon_pkg'
[0.139s] Level 1:colcon.colcon_core.package_identification:_identify(libraries/micro_ros_arduino/src/rosidl_dynamic_typesupport/api) by extensions ['colcon_meta']
[0.139s] Level 1:colcon.colcon_core.package_identification:_identify(libraries/micro_ros_arduino/src/rosidl_dynamic_typesupport/api) by extension 'colcon_meta'
[0.139s] Level 1:colcon.colcon_core.package_identification:_identify(libraries/micro_ros_arduino/src/rosidl_dynamic_typesupport/api) by extensions ['ros']
[0.139s] Level 1:colcon.colcon_core.package_identification:_identify(libraries/micro_ros_arduino/src/rosidl_dynamic_typesupport/api) by extension 'ros'
[0.139s] Level 1:colcon.colcon_core.package_identification:_identify(libraries/micro_ros_arduino/src/rosidl_dynamic_typesupport/api) by extensions ['cmake', 'python']
[0.139s] Level 1:colcon.colcon_core.package_identification:_identify(libraries/micro_ros_arduino/src/rosidl_dynamic_typesupport/api) by extension 'cmake'
[0.139s] Level 1:colcon.colcon_core.package_identification:_identify(libraries/micro_ros_arduino/src/rosidl_dynamic_typesupport/api) by extension 'python'
[0.139s] Level 1:colcon.colcon_core.package_identification:_identify(libraries/micro_ros_arduino/src/rosidl_dynamic_typesupport/api) by extensions ['python_setup_py']
[0.139s] Level 1:colcon.colcon_core.package_identification:_identify(libraries/micro_ros_arduino/src/rosidl_dynamic_typesupport/api) by extension 'python_setup_py'
[0.139s] Level 1:colcon.colcon_core.package_identification:_identify(libraries/micro_ros_arduino/src/rosidl_runtime_c) by extensions ['ignore', 'ignore_ament_install']
[0.139s] Level 1:colcon.colcon_core.package_identification:_identify(libraries/micro_ros_arduino/src/rosidl_runtime_c) by extension 'ignore'
[0.139s] Level 1:colcon.colcon_core.package_identification:_identify(libraries/micro_ros_arduino/src/rosidl_runtime_c) by extension 'ignore_ament_install'
[0.139s] Level 1:colcon.colcon_core.package_identification:_identify(libraries/micro_ros_arduino/src/rosidl_runtime_c) by extensions ['colcon_pkg']
[0.139s] Level 1:colcon.colcon_core.package_identification:_identify(libraries/micro_ros_arduino/src/rosidl_runtime_c) by extension 'colcon_pkg'
[0.139s] Level 1:colcon.colcon_core.package_identification:_identify(libraries/micro_ros_arduino/src/rosidl_runtime_c) by extensions ['colcon_meta']
[0.139s] Level 1:colcon.colcon_core.package_identification:_identify(libraries/micro_ros_arduino/src/rosidl_runtime_c) by extension 'colcon_meta'
[0.139s] Level 1:colcon.colcon_core.package_identification:_identify(libraries/micro_ros_arduino/src/rosidl_runtime_c) by extensions ['ros']
[0.139s] Level 1:colcon.colcon_core.package_identification:_identify(libraries/micro_ros_arduino/src/rosidl_runtime_c) by extension 'ros'
[0.139s] Level 1:colcon.colcon_core.package_identification:_identify(libraries/micro_ros_arduino/src/rosidl_runtime_c) by extensions ['cmake', 'python']
[0.139s] Level 1:colcon.colcon_core.package_identification:_identify(libraries/micro_ros_arduino/src/rosidl_runtime_c) by extension 'cmake'
[0.139s] Level 1:colcon.colcon_core.package_identification:_identify(libraries/micro_ros_arduino/src/rosidl_runtime_c) by extension 'python'
[0.139s] Level 1:colcon.colcon_core.package_identification:_identify(libraries/micro_ros_arduino/src/rosidl_runtime_c) by extensions ['python_setup_py']
[0.139s] Level 1:colcon.colcon_core.package_identification:_identify(libraries/micro_ros_arduino/src/rosidl_runtime_c) by extension 'python_setup_py'
[0.139s] Level 1:colcon.colcon_core.package_identification:_identify(libraries/micro_ros_arduino/src/rosidl_runtime_c/type_description) by extensions ['ignore', 'ignore_ament_install']
[0.140s] Level 1:colcon.colcon_core.package_identification:_identify(libraries/micro_ros_arduino/src/rosidl_runtime_c/type_description) by extension 'ignore'
[0.140s] Level 1:colcon.colcon_core.package_identification:_identify(libraries/micro_ros_arduino/src/rosidl_runtime_c/type_description) by extension 'ignore_ament_install'
[0.140s] Level 1:colcon.colcon_core.package_identification:_identify(libraries/micro_ros_arduino/src/rosidl_runtime_c/type_description) by extensions ['colcon_pkg']
[0.140s] Level 1:colcon.colcon_core.package_identification:_identify(libraries/micro_ros_arduino/src/rosidl_runtime_c/type_description) by extension 'colcon_pkg'
[0.140s] Level 1:colcon.colcon_core.package_identification:_identify(libraries/micro_ros_arduino/src/rosidl_runtime_c/type_description) by extensions ['colcon_meta']
[0.140s] Level 1:colcon.colcon_core.package_identification:_identify(libraries/micro_ros_arduino/src/rosidl_runtime_c/type_description) by extension 'colcon_meta'
[0.140s] Level 1:colcon.colcon_core.package_identification:_identify(libraries/micro_ros_arduino/src/rosidl_runtime_c/type_description) by extensions ['ros']
[0.140s] Level 1:colcon.colcon_core.package_identification:_identify(libraries/micro_ros_arduino/src/rosidl_runtime_c/type_description) by extension 'ros'
[0.140s] Level 1:colcon.colcon_core.package_identification:_identify(libraries/micro_ros_arduino/src/rosidl_runtime_c/type_description) by extensions ['cmake', 'python']
[0.140s] Level 1:colcon.colcon_core.package_identification:_identify(libraries/micro_ros_arduino/src/rosidl_runtime_c/type_description) by extension 'cmake'
[0.140s] Level 1:colcon.colcon_core.package_identification:_identify(libraries/micro_ros_arduino/src/rosidl_runtime_c/type_description) by extension 'python'
[0.140s] Level 1:colcon.colcon_core.package_identification:_identify(libraries/micro_ros_arduino/src/rosidl_runtime_c/type_description) by extensions ['python_setup_py']
[0.140s] Level 1:colcon.colcon_core.package_identification:_identify(libraries/micro_ros_arduino/src/rosidl_runtime_c/type_description) by extension 'python_setup_py'
[0.140s] Level 1:colcon.colcon_core.package_identification:_identify(libraries/micro_ros_arduino/src/rosidl_typesupport_c) by extensions ['ignore', 'ignore_ament_install']
[0.140s] Level 1:colcon.colcon_core.package_identification:_identify(libraries/micro_ros_arduino/src/rosidl_typesupport_c) by extension 'ignore'
[0.140s] Level 1:colcon.colcon_core.package_identification:_identify(libraries/micro_ros_arduino/src/rosidl_typesupport_c) by extension 'ignore_ament_install'
[0.140s] Level 1:colcon.colcon_core.package_identification:_identify(libraries/micro_ros_arduino/src/rosidl_typesupport_c) by extensions ['colcon_pkg']
[0.140s] Level 1:colcon.colcon_core.package_identification:_identify(libraries/micro_ros_arduino/src/rosidl_typesupport_c) by extension 'colcon_pkg'
[0.140s] Level 1:colcon.colcon_core.package_identification:_identify(libraries/micro_ros_arduino/src/rosidl_typesupport_c) by extensions ['colcon_meta']
[0.140s] Level 1:colcon.colcon_core.package_identification:_identify(libraries/micro_ros_arduino/src/rosidl_typesupport_c) by extension 'colcon_meta'
[0.140s] Level 1:colcon.colcon_core.package_identification:_identify(libraries/micro_ros_arduino/src/rosidl_typesupport_c) by extensions ['ros']
[0.140s] Level 1:colcon.colcon_core.package_identification:_identify(libraries/micro_ros_arduino/src/rosidl_typesupport_c) by extension 'ros'
[0.140s] Level 1:colcon.colcon_core.package_identification:_identify(libraries/micro_ros_arduino/src/rosidl_typesupport_c) by extensions ['cmake', 'python']
[0.140s] Level 1:colcon.colcon_core.package_identification:_identify(libraries/micro_ros_arduino/src/rosidl_typesupport_c) by extension 'cmake'
[0.140s] Level 1:colcon.colcon_core.package_identification:_identify(libraries/micro_ros_arduino/src/rosidl_typesupport_c) by extension 'python'
[0.140s] Level 1:colcon.colcon_core.package_identification:_identify(libraries/micro_ros_arduino/src/rosidl_typesupport_c) by extensions ['python_setup_py']
[0.140s] Level 1:colcon.colcon_core.package_identification:_identify(libraries/micro_ros_arduino/src/rosidl_typesupport_c) by extension 'python_setup_py'
[0.140s] Level 1:colcon.colcon_core.package_identification:_identify(libraries/micro_ros_arduino/src/rosidl_typesupport_interface) by extensions ['ignore', 'ignore_ament_install']
[0.140s] Level 1:colcon.colcon_core.package_identification:_identify(libraries/micro_ros_arduino/src/rosidl_typesupport_interface) by extension 'ignore'
[0.140s] Level 1:colcon.colcon_core.package_identification:_identify(libraries/micro_ros_arduino/src/rosidl_typesupport_interface) by extension 'ignore_ament_install'
[0.140s] Level 1:colcon.colcon_core.package_identification:_identify(libraries/micro_ros_arduino/src/rosidl_typesupport_interface) by extensions ['colcon_pkg']
[0.140s] Level 1:colcon.colcon_core.package_identification:_identify(libraries/micro_ros_arduino/src/rosidl_typesupport_interface) by extension 'colcon_pkg'
[0.140s] Level 1:colcon.colcon_core.package_identification:_identify(libraries/micro_ros_arduino/src/rosidl_typesupport_interface) by extensions ['colcon_meta']
[0.140s] Level 1:colcon.colcon_core.package_identification:_identify(libraries/micro_ros_arduino/src/rosidl_typesupport_interface) by extension 'colcon_meta'
[0.140s] Level 1:colcon.colcon_core.package_identification:_identify(libraries/micro_ros_arduino/src/rosidl_typesupport_interface) by extensions ['ros']
[0.140s] Level 1:colcon.colcon_core.package_identification:_identify(libraries/micro_ros_arduino/src/rosidl_typesupport_interface) by extension 'ros'
[0.140s] Level 1:colcon.colcon_core.package_identification:_identify(libraries/micro_ros_arduino/src/rosidl_typesupport_interface) by extensions ['cmake', 'python']
[0.140s] Level 1:colcon.colcon_core.package_identification:_identify(libraries/micro_ros_arduino/src/rosidl_typesupport_interface) by extension 'cmake'
[0.140s] Level 1:colcon.colcon_core.package_identification:_identify(libraries/micro_ros_arduino/src/rosidl_typesupport_interface) by extension 'python'
[0.140s] Level 1:colcon.colcon_core.package_identification:_identify(libraries/micro_ros_arduino/src/rosidl_typesupport_interface) by extensions ['python_setup_py']
[0.140s] Level 1:colcon.colcon_core.package_identification:_identify(libraries/micro_ros_arduino/src/rosidl_typesupport_interface) by extension 'python_setup_py'
[0.140s] Level 1:colcon.colcon_core.package_identification:_identify(libraries/micro_ros_arduino/src/rosidl_typesupport_introspection_c) by extensions ['ignore', 'ignore_ament_install']
[0.140s] Level 1:colcon.colcon_core.package_identification:_identify(libraries/micro_ros_arduino/src/rosidl_typesupport_introspection_c) by extension 'ignore'
[0.140s] Level 1:colcon.colcon_core.package_identification:_identify(libraries/micro_ros_arduino/src/rosidl_typesupport_introspection_c) by extension 'ignore_ament_install'
[0.140s] Level 1:colcon.colcon_core.package_identification:_identify(libraries/micro_ros_arduino/src/rosidl_typesupport_introspection_c) by extensions ['colcon_pkg']
[0.140s] Level 1:colcon.colcon_core.package_identification:_identify(libraries/micro_ros_arduino/src/rosidl_typesupport_introspection_c) by extension 'colcon_pkg'
[0.140s] Level 1:colcon.colcon_core.package_identification:_identify(libraries/micro_ros_arduino/src/rosidl_typesupport_introspection_c) by extensions ['colcon_meta']
[0.140s] Level 1:colcon.colcon_core.package_identification:_identify(libraries/micro_ros_arduino/src/rosidl_typesupport_introspection_c) by extension 'colcon_meta'
[0.140s] Level 1:colcon.colcon_core.package_identification:_identify(libraries/micro_ros_arduino/src/rosidl_typesupport_introspection_c) by extensions ['ros']
[0.141s] Level 1:colcon.colcon_core.package_identification:_identify(libraries/micro_ros_arduino/src/rosidl_typesupport_introspection_c) by extension 'ros'
[0.141s] Level 1:colcon.colcon_core.package_identification:_identify(libraries/micro_ros_arduino/src/rosidl_typesupport_introspection_c) by extensions ['cmake', 'python']
[0.141s] Level 1:colcon.colcon_core.package_identification:_identify(libraries/micro_ros_arduino/src/rosidl_typesupport_introspection_c) by extension 'cmake'
[0.141s] Level 1:colcon.colcon_core.package_identification:_identify(libraries/micro_ros_arduino/src/rosidl_typesupport_introspection_c) by extension 'python'
[0.141s] Level 1:colcon.colcon_core.package_identification:_identify(libraries/micro_ros_arduino/src/rosidl_typesupport_introspection_c) by extensions ['python_setup_py']
[0.141s] Level 1:colcon.colcon_core.package_identification:_identify(libraries/micro_ros_arduino/src/rosidl_typesupport_introspection_c) by extension 'python_setup_py'
[0.141s] Level 1:colcon.colcon_core.package_identification:_identify(libraries/micro_ros_arduino/src/rosidl_typesupport_microxrcedds_c) by extensions ['ignore', 'ignore_ament_install']
[0.141s] Level 1:colcon.colcon_core.package_identification:_identify(libraries/micro_ros_arduino/src/rosidl_typesupport_microxrcedds_c) by extension 'ignore'
[0.141s] Level 1:colcon.colcon_core.package_identification:_identify(libraries/micro_ros_arduino/src/rosidl_typesupport_microxrcedds_c) by extension 'ignore_ament_install'
[0.141s] Level 1:colcon.colcon_core.package_identification:_identify(libraries/micro_ros_arduino/src/rosidl_typesupport_microxrcedds_c) by extensions ['colcon_pkg']
[0.141s] Level 1:colcon.colcon_core.package_identification:_identify(libraries/micro_ros_arduino/src/rosidl_typesupport_microxrcedds_c) by extension 'colcon_pkg'
[0.141s] Level 1:colcon.colcon_core.package_identification:_identify(libraries/micro_ros_arduino/src/rosidl_typesupport_microxrcedds_c) by extensions ['colcon_meta']
[0.141s] Level 1:colcon.colcon_core.package_identification:_identify(libraries/micro_ros_arduino/src/rosidl_typesupport_microxrcedds_c) by extension 'colcon_meta'
[0.141s] Level 1:colcon.colcon_core.package_identification:_identify(libraries/micro_ros_arduino/src/rosidl_typesupport_microxrcedds_c) by extensions ['ros']
[0.141s] Level 1:colcon.colcon_core.package_identification:_identify(libraries/micro_ros_arduino/src/rosidl_typesupport_microxrcedds_c) by extension 'ros'
[0.141s] Level 1:colcon.colcon_core.package_identification:_identify(libraries/micro_ros_arduino/src/rosidl_typesupport_microxrcedds_c) by extensions ['cmake', 'python']
[0.141s] Level 1:colcon.colcon_core.package_identification:_identify(libraries/micro_ros_arduino/src/rosidl_typesupport_microxrcedds_c) by extension 'cmake'
[0.141s] Level 1:colcon.colcon_core.package_identification:_identify(libraries/micro_ros_arduino/src/rosidl_typesupport_microxrcedds_c) by extension 'python'
[0.141s] Level 1:colcon.colcon_core.package_identification:_identify(libraries/micro_ros_arduino/src/rosidl_typesupport_microxrcedds_c) by extensions ['python_setup_py']
[0.141s] Level 1:colcon.colcon_core.package_identification:_identify(libraries/micro_ros_arduino/src/rosidl_typesupport_microxrcedds_c) by extension 'python_setup_py'
[0.141s] Level 1:colcon.colcon_core.package_identification:_identify(libraries/micro_ros_arduino/src/sensor_msgs) by extensions ['ignore', 'ignore_ament_install']
[0.141s] Level 1:colcon.colcon_core.package_identification:_identify(libraries/micro_ros_arduino/src/sensor_msgs) by extension 'ignore'
[0.141s] Level 1:colcon.colcon_core.package_identification:_identify(libraries/micro_ros_arduino/src/sensor_msgs) by extension 'ignore_ament_install'
[0.141s] Level 1:colcon.colcon_core.package_identification:_identify(libraries/micro_ros_arduino/src/sensor_msgs) by extensions ['colcon_pkg']
[0.141s] Level 1:colcon.colcon_core.package_identification:_identify(libraries/micro_ros_arduino/src/sensor_msgs) by extension 'colcon_pkg'
[0.141s] Level 1:colcon.colcon_core.package_identification:_identify(libraries/micro_ros_arduino/src/sensor_msgs) by extensions ['colcon_meta']
[0.141s] Level 1:colcon.colcon_core.package_identification:_identify(libraries/micro_ros_arduino/src/sensor_msgs) by extension 'colcon_meta'
[0.141s] Level 1:colcon.colcon_core.package_identification:_identify(libraries/micro_ros_arduino/src/sensor_msgs) by extensions ['ros']
[0.141s] Level 1:colcon.colcon_core.package_identification:_identify(libraries/micro_ros_arduino/src/sensor_msgs) by extension 'ros'
[0.141s] Level 1:colcon.colcon_core.package_identification:_identify(libraries/micro_ros_arduino/src/sensor_msgs) by extensions ['cmake', 'python']
[0.141s] Level 1:colcon.colcon_core.package_identification:_identify(libraries/micro_ros_arduino/src/sensor_msgs) by extension 'cmake'
[0.141s] Level 1:colcon.colcon_core.package_identification:_identify(libraries/micro_ros_arduino/src/sensor_msgs) by extension 'python'
[0.141s] Level 1:colcon.colcon_core.package_identification:_identify(libraries/micro_ros_arduino/src/sensor_msgs) by extensions ['python_setup_py']
[0.141s] Level 1:colcon.colcon_core.package_identification:_identify(libraries/micro_ros_arduino/src/sensor_msgs) by extension 'python_setup_py'
[0.141s] Level 1:colcon.colcon_core.package_identification:_identify(libraries/micro_ros_arduino/src/sensor_msgs/msg) by extensions ['ignore', 'ignore_ament_install']
[0.141s] Level 1:colcon.colcon_core.package_identification:_identify(libraries/micro_ros_arduino/src/sensor_msgs/msg) by extension 'ignore'
[0.141s] Level 1:colcon.colcon_core.package_identification:_identify(libraries/micro_ros_arduino/src/sensor_msgs/msg) by extension 'ignore_ament_install'
[0.141s] Level 1:colcon.colcon_core.package_identification:_identify(libraries/micro_ros_arduino/src/sensor_msgs/msg) by extensions ['colcon_pkg']
[0.141s] Level 1:colcon.colcon_core.package_identification:_identify(libraries/micro_ros_arduino/src/sensor_msgs/msg) by extension 'colcon_pkg'
[0.141s] Level 1:colcon.colcon_core.package_identification:_identify(libraries/micro_ros_arduino/src/sensor_msgs/msg) by extensions ['colcon_meta']
[0.141s] Level 1:colcon.colcon_core.package_identification:_identify(libraries/micro_ros_arduino/src/sensor_msgs/msg) by extension 'colcon_meta'
[0.141s] Level 1:colcon.colcon_core.package_identification:_identify(libraries/micro_ros_arduino/src/sensor_msgs/msg) by extensions ['ros']
[0.141s] Level 1:colcon.colcon_core.package_identification:_identify(libraries/micro_ros_arduino/src/sensor_msgs/msg) by extension 'ros'
[0.141s] Level 1:colcon.colcon_core.package_identification:_identify(libraries/micro_ros_arduino/src/sensor_msgs/msg) by extensions ['cmake', 'python']
[0.141s] Level 1:colcon.colcon_core.package_identification:_identify(libraries/micro_ros_arduino/src/sensor_msgs/msg) by extension 'cmake'
[0.141s] Level 1:colcon.colcon_core.package_identification:_identify(libraries/micro_ros_arduino/src/sensor_msgs/msg) by extension 'python'
[0.141s] Level 1:colcon.colcon_core.package_identification:_identify(libraries/micro_ros_arduino/src/sensor_msgs/msg) by extensions ['python_setup_py']
[0.141s] Level 1:colcon.colcon_core.package_identification:_identify(libraries/micro_ros_arduino/src/sensor_msgs/msg) by extension 'python_setup_py'
[0.142s] Level 1:colcon.colcon_core.package_identification:_identify(libraries/micro_ros_arduino/src/sensor_msgs/msg/detail) by extensions ['ignore', 'ignore_ament_install']
[0.142s] Level 1:colcon.colcon_core.package_identification:_identify(libraries/micro_ros_arduino/src/sensor_msgs/msg/detail) by extension 'ignore'
[0.142s] Level 1:colcon.colcon_core.package_identification:_identify(libraries/micro_ros_arduino/src/sensor_msgs/msg/detail) by extension 'ignore_ament_install'
[0.142s] Level 1:colcon.colcon_core.package_identification:_identify(libraries/micro_ros_arduino/src/sensor_msgs/msg/detail) by extensions ['colcon_pkg']
[0.142s] Level 1:colcon.colcon_core.package_identification:_identify(libraries/micro_ros_arduino/src/sensor_msgs/msg/detail) by extension 'colcon_pkg'
[0.142s] Level 1:colcon.colcon_core.package_identification:_identify(libraries/micro_ros_arduino/src/sensor_msgs/msg/detail) by extensions ['colcon_meta']
[0.142s] Level 1:colcon.colcon_core.package_identification:_identify(libraries/micro_ros_arduino/src/sensor_msgs/msg/detail) by extension 'colcon_meta'
[0.142s] Level 1:colcon.colcon_core.package_identification:_identify(libraries/micro_ros_arduino/src/sensor_msgs/msg/detail) by extensions ['ros']
[0.142s] Level 1:colcon.colcon_core.package_identification:_identify(libraries/micro_ros_arduino/src/sensor_msgs/msg/detail) by extension 'ros'
[0.142s] Level 1:colcon.colcon_core.package_identification:_identify(libraries/micro_ros_arduino/src/sensor_msgs/msg/detail) by extensions ['cmake', 'python']
[0.142s] Level 1:colcon.colcon_core.package_identification:_identify(libraries/micro_ros_arduino/src/sensor_msgs/msg/detail) by extension 'cmake'
[0.142s] Level 1:colcon.colcon_core.package_identification:_identify(libraries/micro_ros_arduino/src/sensor_msgs/msg/detail) by extension 'python'
[0.142s] Level 1:colcon.colcon_core.package_identification:_identify(libraries/micro_ros_arduino/src/sensor_msgs/msg/detail) by extensions ['python_setup_py']
[0.142s] Level 1:colcon.colcon_core.package_identification:_identify(libraries/micro_ros_arduino/src/sensor_msgs/msg/detail) by extension 'python_setup_py'
[0.142s] Level 1:colcon.colcon_core.package_identification:_identify(libraries/micro_ros_arduino/src/sensor_msgs/srv) by extensions ['ignore', 'ignore_ament_install']
[0.142s] Level 1:colcon.colcon_core.package_identification:_identify(libraries/micro_ros_arduino/src/sensor_msgs/srv) by extension 'ignore'
[0.142s] Level 1:colcon.colcon_core.package_identification:_identify(libraries/micro_ros_arduino/src/sensor_msgs/srv) by extension 'ignore_ament_install'
[0.142s] Level 1:colcon.colcon_core.package_identification:_identify(libraries/micro_ros_arduino/src/sensor_msgs/srv) by extensions ['colcon_pkg']
[0.142s] Level 1:colcon.colcon_core.package_identification:_identify(libraries/micro_ros_arduino/src/sensor_msgs/srv) by extension 'colcon_pkg'
[0.142s] Level 1:colcon.colcon_core.package_identification:_identify(libraries/micro_ros_arduino/src/sensor_msgs/srv) by extensions ['colcon_meta']
[0.142s] Level 1:colcon.colcon_core.package_identification:_identify(libraries/micro_ros_arduino/src/sensor_msgs/srv) by extension 'colcon_meta'
[0.142s] Level 1:colcon.colcon_core.package_identification:_identify(libraries/micro_ros_arduino/src/sensor_msgs/srv) by extensions ['ros']
[0.142s] Level 1:colcon.colcon_core.package_identification:_identify(libraries/micro_ros_arduino/src/sensor_msgs/srv) by extension 'ros'
[0.142s] Level 1:colcon.colcon_core.package_identification:_identify(libraries/micro_ros_arduino/src/sensor_msgs/srv) by extensions ['cmake', 'python']
[0.142s] Level 1:colcon.colcon_core.package_identification:_identify(libraries/micro_ros_arduino/src/sensor_msgs/srv) by extension 'cmake'
[0.142s] Level 1:colcon.colcon_core.package_identification:_identify(libraries/micro_ros_arduino/src/sensor_msgs/srv) by extension 'python'
[0.142s] Level 1:colcon.colcon_core.package_identification:_identify(libraries/micro_ros_arduino/src/sensor_msgs/srv) by extensions ['python_setup_py']
[0.142s] Level 1:colcon.colcon_core.package_identification:_identify(libraries/micro_ros_arduino/src/sensor_msgs/srv) by extension 'python_setup_py'
[0.142s] Level 1:colcon.colcon_core.package_identification:_identify(libraries/micro_ros_arduino/src/sensor_msgs/srv/detail) by extensions ['ignore', 'ignore_ament_install']
[0.142s] Level 1:colcon.colcon_core.package_identification:_identify(libraries/micro_ros_arduino/src/sensor_msgs/srv/detail) by extension 'ignore'
[0.142s] Level 1:colcon.colcon_core.package_identification:_identify(libraries/micro_ros_arduino/src/sensor_msgs/srv/detail) by extension 'ignore_ament_install'
[0.142s] Level 1:colcon.colcon_core.package_identification:_identify(libraries/micro_ros_arduino/src/sensor_msgs/srv/detail) by extensions ['colcon_pkg']
[0.142s] Level 1:colcon.colcon_core.package_identification:_identify(libraries/micro_ros_arduino/src/sensor_msgs/srv/detail) by extension 'colcon_pkg'
[0.142s] Level 1:colcon.colcon_core.package_identification:_identify(libraries/micro_ros_arduino/src/sensor_msgs/srv/detail) by extensions ['colcon_meta']
[0.142s] Level 1:colcon.colcon_core.package_identification:_identify(libraries/micro_ros_arduino/src/sensor_msgs/srv/detail) by extension 'colcon_meta'
[0.142s] Level 1:colcon.colcon_core.package_identification:_identify(libraries/micro_ros_arduino/src/sensor_msgs/srv/detail) by extensions ['ros']
[0.142s] Level 1:colcon.colcon_core.package_identification:_identify(libraries/micro_ros_arduino/src/sensor_msgs/srv/detail) by extension 'ros'
[0.142s] Level 1:colcon.colcon_core.package_identification:_identify(libraries/micro_ros_arduino/src/sensor_msgs/srv/detail) by extensions ['cmake', 'python']
[0.142s] Level 1:colcon.colcon_core.package_identification:_identify(libraries/micro_ros_arduino/src/sensor_msgs/srv/detail) by extension 'cmake'
[0.142s] Level 1:colcon.colcon_core.package_identification:_identify(libraries/micro_ros_arduino/src/sensor_msgs/srv/detail) by extension 'python'
[0.142s] Level 1:colcon.colcon_core.package_identification:_identify(libraries/micro_ros_arduino/src/sensor_msgs/srv/detail) by extensions ['python_setup_py']
[0.142s] Level 1:colcon.colcon_core.package_identification:_identify(libraries/micro_ros_arduino/src/sensor_msgs/srv/detail) by extension 'python_setup_py'
[0.143s] Level 1:colcon.colcon_core.package_identification:_identify(libraries/micro_ros_arduino/src/service_msgs) by extensions ['ignore', 'ignore_ament_install']
[0.143s] Level 1:colcon.colcon_core.package_identification:_identify(libraries/micro_ros_arduino/src/service_msgs) by extension 'ignore'
[0.143s] Level 1:colcon.colcon_core.package_identification:_identify(libraries/micro_ros_arduino/src/service_msgs) by extension 'ignore_ament_install'
[0.143s] Level 1:colcon.colcon_core.package_identification:_identify(libraries/micro_ros_arduino/src/service_msgs) by extensions ['colcon_pkg']
[0.143s] Level 1:colcon.colcon_core.package_identification:_identify(libraries/micro_ros_arduino/src/service_msgs) by extension 'colcon_pkg'
[0.143s] Level 1:colcon.colcon_core.package_identification:_identify(libraries/micro_ros_arduino/src/service_msgs) by extensions ['colcon_meta']
[0.143s] Level 1:colcon.colcon_core.package_identification:_identify(libraries/micro_ros_arduino/src/service_msgs) by extension 'colcon_meta'
[0.143s] Level 1:colcon.colcon_core.package_identification:_identify(libraries/micro_ros_arduino/src/service_msgs) by extensions ['ros']
[0.143s] Level 1:colcon.colcon_core.package_identification:_identify(libraries/micro_ros_arduino/src/service_msgs) by extension 'ros'
[0.143s] Level 1:colcon.colcon_core.package_identification:_identify(libraries/micro_ros_arduino/src/service_msgs) by extensions ['cmake', 'python']
[0.143s] Level 1:colcon.colcon_core.package_identification:_identify(libraries/micro_ros_arduino/src/service_msgs) by extension 'cmake'
[0.143s] Level 1:colcon.colcon_core.package_identification:_identify(libraries/micro_ros_arduino/src/service_msgs) by extension 'python'
[0.143s] Level 1:colcon.colcon_core.package_identification:_identify(libraries/micro_ros_arduino/src/service_msgs) by extensions ['python_setup_py']
[0.143s] Level 1:colcon.colcon_core.package_identification:_identify(libraries/micro_ros_arduino/src/service_msgs) by extension 'python_setup_py'
[0.143s] Level 1:colcon.colcon_core.package_identification:_identify(libraries/micro_ros_arduino/src/service_msgs/msg) by extensions ['ignore', 'ignore_ament_install']
[0.143s] Level 1:colcon.colcon_core.package_identification:_identify(libraries/micro_ros_arduino/src/service_msgs/msg) by extension 'ignore'
[0.143s] Level 1:colcon.colcon_core.package_identification:_identify(libraries/micro_ros_arduino/src/service_msgs/msg) by extension 'ignore_ament_install'
[0.143s] Level 1:colcon.colcon_core.package_identification:_identify(libraries/micro_ros_arduino/src/service_msgs/msg) by extensions ['colcon_pkg']
[0.143s] Level 1:colcon.colcon_core.package_identification:_identify(libraries/micro_ros_arduino/src/service_msgs/msg) by extension 'colcon_pkg'
[0.143s] Level 1:colcon.colcon_core.package_identification:_identify(libraries/micro_ros_arduino/src/service_msgs/msg) by extensions ['colcon_meta']
[0.143s] Level 1:colcon.colcon_core.package_identification:_identify(libraries/micro_ros_arduino/src/service_msgs/msg) by extension 'colcon_meta'
[0.143s] Level 1:colcon.colcon_core.package_identification:_identify(libraries/micro_ros_arduino/src/service_msgs/msg) by extensions ['ros']
[0.143s] Level 1:colcon.colcon_core.package_identification:_identify(libraries/micro_ros_arduino/src/service_msgs/msg) by extension 'ros'
[0.143s] Level 1:colcon.colcon_core.package_identification:_identify(libraries/micro_ros_arduino/src/service_msgs/msg) by extensions ['cmake', 'python']
[0.143s] Level 1:colcon.colcon_core.package_identification:_identify(libraries/micro_ros_arduino/src/service_msgs/msg) by extension 'cmake'
[0.143s] Level 1:colcon.colcon_core.package_identification:_identify(libraries/micro_ros_arduino/src/service_msgs/msg) by extension 'python'
[0.143s] Level 1:colcon.colcon_core.package_identification:_identify(libraries/micro_ros_arduino/src/service_msgs/msg) by extensions ['python_setup_py']
[0.143s] Level 1:colcon.colcon_core.package_identification:_identify(libraries/micro_ros_arduino/src/service_msgs/msg) by extension 'python_setup_py'
[0.143s] Level 1:colcon.colcon_core.package_identification:_identify(libraries/micro_ros_arduino/src/service_msgs/msg/detail) by extensions ['ignore', 'ignore_ament_install']
[0.143s] Level 1:colcon.colcon_core.package_identification:_identify(libraries/micro_ros_arduino/src/service_msgs/msg/detail) by extension 'ignore'
[0.143s] Level 1:colcon.colcon_core.package_identification:_identify(libraries/micro_ros_arduino/src/service_msgs/msg/detail) by extension 'ignore_ament_install'
[0.143s] Level 1:colcon.colcon_core.package_identification:_identify(libraries/micro_ros_arduino/src/service_msgs/msg/detail) by extensions ['colcon_pkg']
[0.143s] Level 1:colcon.colcon_core.package_identification:_identify(libraries/micro_ros_arduino/src/service_msgs/msg/detail) by extension 'colcon_pkg'
[0.143s] Level 1:colcon.colcon_core.package_identification:_identify(libraries/micro_ros_arduino/src/service_msgs/msg/detail) by extensions ['colcon_meta']
[0.143s] Level 1:colcon.colcon_core.package_identification:_identify(libraries/micro_ros_arduino/src/service_msgs/msg/detail) by extension 'colcon_meta'
[0.143s] Level 1:colcon.colcon_core.package_identification:_identify(libraries/micro_ros_arduino/src/service_msgs/msg/detail) by extensions ['ros']
[0.143s] Level 1:colcon.colcon_core.package_identification:_identify(libraries/micro_ros_arduino/src/service_msgs/msg/detail) by extension 'ros'
[0.143s] Level 1:colcon.colcon_core.package_identification:_identify(libraries/micro_ros_arduino/src/service_msgs/msg/detail) by extensions ['cmake', 'python']
[0.143s] Level 1:colcon.colcon_core.package_identification:_identify(libraries/micro_ros_arduino/src/service_msgs/msg/detail) by extension 'cmake'
[0.143s] Level 1:colcon.colcon_core.package_identification:_identify(libraries/micro_ros_arduino/src/service_msgs/msg/detail) by extension 'python'
[0.143s] Level 1:colcon.colcon_core.package_identification:_identify(libraries/micro_ros_arduino/src/service_msgs/msg/detail) by extensions ['python_setup_py']
[0.143s] Level 1:colcon.colcon_core.package_identification:_identify(libraries/micro_ros_arduino/src/service_msgs/msg/detail) by extension 'python_setup_py'
[0.143s] Level 1:colcon.colcon_core.package_identification:_identify(libraries/micro_ros_arduino/src/shape_msgs) by extensions ['ignore', 'ignore_ament_install']
[0.143s] Level 1:colcon.colcon_core.package_identification:_identify(libraries/micro_ros_arduino/src/shape_msgs) by extension 'ignore'
[0.143s] Level 1:colcon.colcon_core.package_identification:_identify(libraries/micro_ros_arduino/src/shape_msgs) by extension 'ignore_ament_install'
[0.144s] Level 1:colcon.colcon_core.package_identification:_identify(libraries/micro_ros_arduino/src/shape_msgs) by extensions ['colcon_pkg']
[0.144s] Level 1:colcon.colcon_core.package_identification:_identify(libraries/micro_ros_arduino/src/shape_msgs) by extension 'colcon_pkg'
[0.144s] Level 1:colcon.colcon_core.package_identification:_identify(libraries/micro_ros_arduino/src/shape_msgs) by extensions ['colcon_meta']
[0.144s] Level 1:colcon.colcon_core.package_identification:_identify(libraries/micro_ros_arduino/src/shape_msgs) by extension 'colcon_meta'
[0.144s] Level 1:colcon.colcon_core.package_identification:_identify(libraries/micro_ros_arduino/src/shape_msgs) by extensions ['ros']
[0.144s] Level 1:colcon.colcon_core.package_identification:_identify(libraries/micro_ros_arduino/src/shape_msgs) by extension 'ros'
[0.144s] Level 1:colcon.colcon_core.package_identification:_identify(libraries/micro_ros_arduino/src/shape_msgs) by extensions ['cmake', 'python']
[0.144s] Level 1:colcon.colcon_core.package_identification:_identify(libraries/micro_ros_arduino/src/shape_msgs) by extension 'cmake'
[0.144s] Level 1:colcon.colcon_core.package_identification:_identify(libraries/micro_ros_arduino/src/shape_msgs) by extension 'python'
[0.144s] Level 1:colcon.colcon_core.package_identification:_identify(libraries/micro_ros_arduino/src/shape_msgs) by extensions ['python_setup_py']
[0.144s] Level 1:colcon.colcon_core.package_identification:_identify(libraries/micro_ros_arduino/src/shape_msgs) by extension 'python_setup_py'
[0.144s] Level 1:colcon.colcon_core.package_identification:_identify(libraries/micro_ros_arduino/src/shape_msgs/msg) by extensions ['ignore', 'ignore_ament_install']
[0.144s] Level 1:colcon.colcon_core.package_identification:_identify(libraries/micro_ros_arduino/src/shape_msgs/msg) by extension 'ignore'
[0.144s] Level 1:colcon.colcon_core.package_identification:_identify(libraries/micro_ros_arduino/src/shape_msgs/msg) by extension 'ignore_ament_install'
[0.144s] Level 1:colcon.colcon_core.package_identification:_identify(libraries/micro_ros_arduino/src/shape_msgs/msg) by extensions ['colcon_pkg']
[0.144s] Level 1:colcon.colcon_core.package_identification:_identify(libraries/micro_ros_arduino/src/shape_msgs/msg) by extension 'colcon_pkg'
[0.144s] Level 1:colcon.colcon_core.package_identification:_identify(libraries/micro_ros_arduino/src/shape_msgs/msg) by extensions ['colcon_meta']
[0.144s] Level 1:colcon.colcon_core.package_identification:_identify(libraries/micro_ros_arduino/src/shape_msgs/msg) by extension 'colcon_meta'
[0.144s] Level 1:colcon.colcon_core.package_identification:_identify(libraries/micro_ros_arduino/src/shape_msgs/msg) by extensions ['ros']
[0.144s] Level 1:colcon.colcon_core.package_identification:_identify(libraries/micro_ros_arduino/src/shape_msgs/msg) by extension 'ros'
[0.144s] Level 1:colcon.colcon_core.package_identification:_identify(libraries/micro_ros_arduino/src/shape_msgs/msg) by extensions ['cmake', 'python']
[0.144s] Level 1:colcon.colcon_core.package_identification:_identify(libraries/micro_ros_arduino/src/shape_msgs/msg) by extension 'cmake'
[0.144s] Level 1:colcon.colcon_core.package_identification:_identify(libraries/micro_ros_arduino/src/shape_msgs/msg) by extension 'python'
[0.144s] Level 1:colcon.colcon_core.package_identification:_identify(libraries/micro_ros_arduino/src/shape_msgs/msg) by extensions ['python_setup_py']
[0.144s] Level 1:colcon.colcon_core.package_identification:_identify(libraries/micro_ros_arduino/src/shape_msgs/msg) by extension 'python_setup_py'
[0.144s] Level 1:colcon.colcon_core.package_identification:_identify(libraries/micro_ros_arduino/src/shape_msgs/msg/detail) by extensions ['ignore', 'ignore_ament_install']
[0.144s] Level 1:colcon.colcon_core.package_identification:_identify(libraries/micro_ros_arduino/src/shape_msgs/msg/detail) by extension 'ignore'
[0.144s] Level 1:colcon.colcon_core.package_identification:_identify(libraries/micro_ros_arduino/src/shape_msgs/msg/detail) by extension 'ignore_ament_install'
[0.144s] Level 1:colcon.colcon_core.package_identification:_identify(libraries/micro_ros_arduino/src/shape_msgs/msg/detail) by extensions ['colcon_pkg']
[0.144s] Level 1:colcon.colcon_core.package_identification:_identify(libraries/micro_ros_arduino/src/shape_msgs/msg/detail) by extension 'colcon_pkg'
[0.144s] Level 1:colcon.colcon_core.package_identification:_identify(libraries/micro_ros_arduino/src/shape_msgs/msg/detail) by extensions ['colcon_meta']
[0.144s] Level 1:colcon.colcon_core.package_identification:_identify(libraries/micro_ros_arduino/src/shape_msgs/msg/detail) by extension 'colcon_meta'
[0.144s] Level 1:colcon.colcon_core.package_identification:_identify(libraries/micro_ros_arduino/src/shape_msgs/msg/detail) by extensions ['ros']
[0.144s] Level 1:colcon.colcon_core.package_identification:_identify(libraries/micro_ros_arduino/src/shape_msgs/msg/detail) by extension 'ros'
[0.144s] Level 1:colcon.colcon_core.package_identification:_identify(libraries/micro_ros_arduino/src/shape_msgs/msg/detail) by extensions ['cmake', 'python']
[0.144s] Level 1:colcon.colcon_core.package_identification:_identify(libraries/micro_ros_arduino/src/shape_msgs/msg/detail) by extension 'cmake'
[0.144s] Level 1:colcon.colcon_core.package_identification:_identify(libraries/micro_ros_arduino/src/shape_msgs/msg/detail) by extension 'python'
[0.144s] Level 1:colcon.colcon_core.package_identification:_identify(libraries/micro_ros_arduino/src/shape_msgs/msg/detail) by extensions ['python_setup_py']
[0.144s] Level 1:colcon.colcon_core.package_identification:_identify(libraries/micro_ros_arduino/src/shape_msgs/msg/detail) by extension 'python_setup_py'
[0.144s] Level 1:colcon.colcon_core.package_identification:_identify(libraries/micro_ros_arduino/src/statistics_msgs) by extensions ['ignore', 'ignore_ament_install']
[0.144s] Level 1:colcon.colcon_core.package_identification:_identify(libraries/micro_ros_arduino/src/statistics_msgs) by extension 'ignore'
[0.144s] Level 1:colcon.colcon_core.package_identification:_identify(libraries/micro_ros_arduino/src/statistics_msgs) by extension 'ignore_ament_install'
[0.144s] Level 1:colcon.colcon_core.package_identification:_identify(libraries/micro_ros_arduino/src/statistics_msgs) by extensions ['colcon_pkg']
[0.144s] Level 1:colcon.colcon_core.package_identification:_identify(libraries/micro_ros_arduino/src/statistics_msgs) by extension 'colcon_pkg'
[0.145s] Level 1:colcon.colcon_core.package_identification:_identify(libraries/micro_ros_arduino/src/statistics_msgs) by extensions ['colcon_meta']
[0.145s] Level 1:colcon.colcon_core.package_identification:_identify(libraries/micro_ros_arduino/src/statistics_msgs) by extension 'colcon_meta'
[0.145s] Level 1:colcon.colcon_core.package_identification:_identify(libraries/micro_ros_arduino/src/statistics_msgs) by extensions ['ros']
[0.145s] Level 1:colcon.colcon_core.package_identification:_identify(libraries/micro_ros_arduino/src/statistics_msgs) by extension 'ros'
[0.145s] Level 1:colcon.colcon_core.package_identification:_identify(libraries/micro_ros_arduino/src/statistics_msgs) by extensions ['cmake', 'python']
[0.145s] Level 1:colcon.colcon_core.package_identification:_identify(libraries/micro_ros_arduino/src/statistics_msgs) by extension 'cmake'
[0.145s] Level 1:colcon.colcon_core.package_identification:_identify(libraries/micro_ros_arduino/src/statistics_msgs) by extension 'python'
[0.145s] Level 1:colcon.colcon_core.package_identification:_identify(libraries/micro_ros_arduino/src/statistics_msgs) by extensions ['python_setup_py']
[0.145s] Level 1:colcon.colcon_core.package_identification:_identify(libraries/micro_ros_arduino/src/statistics_msgs) by extension 'python_setup_py'
[0.145s] Level 1:colcon.colcon_core.package_identification:_identify(libraries/micro_ros_arduino/src/statistics_msgs/msg) by extensions ['ignore', 'ignore_ament_install']
[0.145s] Level 1:colcon.colcon_core.package_identification:_identify(libraries/micro_ros_arduino/src/statistics_msgs/msg) by extension 'ignore'
[0.145s] Level 1:colcon.colcon_core.package_identification:_identify(libraries/micro_ros_arduino/src/statistics_msgs/msg) by extension 'ignore_ament_install'
[0.145s] Level 1:colcon.colcon_core.package_identification:_identify(libraries/micro_ros_arduino/src/statistics_msgs/msg) by extensions ['colcon_pkg']
[0.145s] Level 1:colcon.colcon_core.package_identification:_identify(libraries/micro_ros_arduino/src/statistics_msgs/msg) by extension 'colcon_pkg'
[0.145s] Level 1:colcon.colcon_core.package_identification:_identify(libraries/micro_ros_arduino/src/statistics_msgs/msg) by extensions ['colcon_meta']
[0.145s] Level 1:colcon.colcon_core.package_identification:_identify(libraries/micro_ros_arduino/src/statistics_msgs/msg) by extension 'colcon_meta'
[0.145s] Level 1:colcon.colcon_core.package_identification:_identify(libraries/micro_ros_arduino/src/statistics_msgs/msg) by extensions ['ros']
[0.145s] Level 1:colcon.colcon_core.package_identification:_identify(libraries/micro_ros_arduino/src/statistics_msgs/msg) by extension 'ros'
[0.145s] Level 1:colcon.colcon_core.package_identification:_identify(libraries/micro_ros_arduino/src/statistics_msgs/msg) by extensions ['cmake', 'python']
[0.145s] Level 1:colcon.colcon_core.package_identification:_identify(libraries/micro_ros_arduino/src/statistics_msgs/msg) by extension 'cmake'
[0.145s] Level 1:colcon.colcon_core.package_identification:_identify(libraries/micro_ros_arduino/src/statistics_msgs/msg) by extension 'python'
[0.145s] Level 1:colcon.colcon_core.package_identification:_identify(libraries/micro_ros_arduino/src/statistics_msgs/msg) by extensions ['python_setup_py']
[0.145s] Level 1:colcon.colcon_core.package_identification:_identify(libraries/micro_ros_arduino/src/statistics_msgs/msg) by extension 'python_setup_py'
[0.145s] Level 1:colcon.colcon_core.package_identification:_identify(libraries/micro_ros_arduino/src/statistics_msgs/msg/detail) by extensions ['ignore', 'ignore_ament_install']
[0.145s] Level 1:colcon.colcon_core.package_identification:_identify(libraries/micro_ros_arduino/src/statistics_msgs/msg/detail) by extension 'ignore'
[0.145s] Level 1:colcon.colcon_core.package_identification:_identify(libraries/micro_ros_arduino/src/statistics_msgs/msg/detail) by extension 'ignore_ament_install'
[0.145s] Level 1:colcon.colcon_core.package_identification:_identify(libraries/micro_ros_arduino/src/statistics_msgs/msg/detail) by extensions ['colcon_pkg']
[0.145s] Level 1:colcon.colcon_core.package_identification:_identify(libraries/micro_ros_arduino/src/statistics_msgs/msg/detail) by extension 'colcon_pkg'
[0.145s] Level 1:colcon.colcon_core.package_identification:_identify(libraries/micro_ros_arduino/src/statistics_msgs/msg/detail) by extensions ['colcon_meta']
[0.145s] Level 1:colcon.colcon_core.package_identification:_identify(libraries/micro_ros_arduino/src/statistics_msgs/msg/detail) by extension 'colcon_meta'
[0.145s] Level 1:colcon.colcon_core.package_identification:_identify(libraries/micro_ros_arduino/src/statistics_msgs/msg/detail) by extensions ['ros']
[0.145s] Level 1:colcon.colcon_core.package_identification:_identify(libraries/micro_ros_arduino/src/statistics_msgs/msg/detail) by extension 'ros'
[0.145s] Level 1:colcon.colcon_core.package_identification:_identify(libraries/micro_ros_arduino/src/statistics_msgs/msg/detail) by extensions ['cmake', 'python']
[0.145s] Level 1:colcon.colcon_core.package_identification:_identify(libraries/micro_ros_arduino/src/statistics_msgs/msg/detail) by extension 'cmake'
[0.145s] Level 1:colcon.colcon_core.package_identification:_identify(libraries/micro_ros_arduino/src/statistics_msgs/msg/detail) by extension 'python'
[0.145s] Level 1:colcon.colcon_core.package_identification:_identify(libraries/micro_ros_arduino/src/statistics_msgs/msg/detail) by extensions ['python_setup_py']
[0.145s] Level 1:colcon.colcon_core.package_identification:_identify(libraries/micro_ros_arduino/src/statistics_msgs/msg/detail) by extension 'python_setup_py'
[0.146s] Level 1:colcon.colcon_core.package_identification:_identify(libraries/micro_ros_arduino/src/std_msgs) by extensions ['ignore', 'ignore_ament_install']
[0.146s] Level 1:colcon.colcon_core.package_identification:_identify(libraries/micro_ros_arduino/src/std_msgs) by extension 'ignore'
[0.146s] Level 1:colcon.colcon_core.package_identification:_identify(libraries/micro_ros_arduino/src/std_msgs) by extension 'ignore_ament_install'
[0.146s] Level 1:colcon.colcon_core.package_identification:_identify(libraries/micro_ros_arduino/src/std_msgs) by extensions ['colcon_pkg']
[0.146s] Level 1:colcon.colcon_core.package_identification:_identify(libraries/micro_ros_arduino/src/std_msgs) by extension 'colcon_pkg'
[0.146s] Level 1:colcon.colcon_core.package_identification:_identify(libraries/micro_ros_arduino/src/std_msgs) by extensions ['colcon_meta']
[0.146s] Level 1:colcon.colcon_core.package_identification:_identify(libraries/micro_ros_arduino/src/std_msgs) by extension 'colcon_meta'
[0.146s] Level 1:colcon.colcon_core.package_identification:_identify(libraries/micro_ros_arduino/src/std_msgs) by extensions ['ros']
[0.146s] Level 1:colcon.colcon_core.package_identification:_identify(libraries/micro_ros_arduino/src/std_msgs) by extension 'ros'
[0.146s] Level 1:colcon.colcon_core.package_identification:_identify(libraries/micro_ros_arduino/src/std_msgs) by extensions ['cmake', 'python']
[0.146s] Level 1:colcon.colcon_core.package_identification:_identify(libraries/micro_ros_arduino/src/std_msgs) by extension 'cmake'
[0.146s] Level 1:colcon.colcon_core.package_identification:_identify(libraries/micro_ros_arduino/src/std_msgs) by extension 'python'
[0.146s] Level 1:colcon.colcon_core.package_identification:_identify(libraries/micro_ros_arduino/src/std_msgs) by extensions ['python_setup_py']
[0.146s] Level 1:colcon.colcon_core.package_identification:_identify(libraries/micro_ros_arduino/src/std_msgs) by extension 'python_setup_py'
[0.146s] Level 1:colcon.colcon_core.package_identification:_identify(libraries/micro_ros_arduino/src/std_msgs/msg) by extensions ['ignore', 'ignore_ament_install']
[0.146s] Level 1:colcon.colcon_core.package_identification:_identify(libraries/micro_ros_arduino/src/std_msgs/msg) by extension 'ignore'
[0.146s] Level 1:colcon.colcon_core.package_identification:_identify(libraries/micro_ros_arduino/src/std_msgs/msg) by extension 'ignore_ament_install'
[0.146s] Level 1:colcon.colcon_core.package_identification:_identify(libraries/micro_ros_arduino/src/std_msgs/msg) by extensions ['colcon_pkg']
[0.146s] Level 1:colcon.colcon_core.package_identification:_identify(libraries/micro_ros_arduino/src/std_msgs/msg) by extension 'colcon_pkg'
[0.146s] Level 1:colcon.colcon_core.package_identification:_identify(libraries/micro_ros_arduino/src/std_msgs/msg) by extensions ['colcon_meta']
[0.146s] Level 1:colcon.colcon_core.package_identification:_identify(libraries/micro_ros_arduino/src/std_msgs/msg) by extension 'colcon_meta'
[0.146s] Level 1:colcon.colcon_core.package_identification:_identify(libraries/micro_ros_arduino/src/std_msgs/msg) by extensions ['ros']
[0.146s] Level 1:colcon.colcon_core.package_identification:_identify(libraries/micro_ros_arduino/src/std_msgs/msg) by extension 'ros'
[0.146s] Level 1:colcon.colcon_core.package_identification:_identify(libraries/micro_ros_arduino/src/std_msgs/msg) by extensions ['cmake', 'python']
[0.146s] Level 1:colcon.colcon_core.package_identification:_identify(libraries/micro_ros_arduino/src/std_msgs/msg) by extension 'cmake'
[0.146s] Level 1:colcon.colcon_core.package_identification:_identify(libraries/micro_ros_arduino/src/std_msgs/msg) by extension 'python'
[0.146s] Level 1:colcon.colcon_core.package_identification:_identify(libraries/micro_ros_arduino/src/std_msgs/msg) by extensions ['python_setup_py']
[0.146s] Level 1:colcon.colcon_core.package_identification:_identify(libraries/micro_ros_arduino/src/std_msgs/msg) by extension 'python_setup_py'
[0.146s] Level 1:colcon.colcon_core.package_identification:_identify(libraries/micro_ros_arduino/src/std_msgs/msg/detail) by extensions ['ignore', 'ignore_ament_install']
[0.146s] Level 1:colcon.colcon_core.package_identification:_identify(libraries/micro_ros_arduino/src/std_msgs/msg/detail) by extension 'ignore'
[0.146s] Level 1:colcon.colcon_core.package_identification:_identify(libraries/micro_ros_arduino/src/std_msgs/msg/detail) by extension 'ignore_ament_install'
[0.146s] Level 1:colcon.colcon_core.package_identification:_identify(libraries/micro_ros_arduino/src/std_msgs/msg/detail) by extensions ['colcon_pkg']
[0.146s] Level 1:colcon.colcon_core.package_identification:_identify(libraries/micro_ros_arduino/src/std_msgs/msg/detail) by extension 'colcon_pkg'
[0.146s] Level 1:colcon.colcon_core.package_identification:_identify(libraries/micro_ros_arduino/src/std_msgs/msg/detail) by extensions ['colcon_meta']
[0.146s] Level 1:colcon.colcon_core.package_identification:_identify(libraries/micro_ros_arduino/src/std_msgs/msg/detail) by extension 'colcon_meta'
[0.146s] Level 1:colcon.colcon_core.package_identification:_identify(libraries/micro_ros_arduino/src/std_msgs/msg/detail) by extensions ['ros']
[0.146s] Level 1:colcon.colcon_core.package_identification:_identify(libraries/micro_ros_arduino/src/std_msgs/msg/detail) by extension 'ros'
[0.146s] Level 1:colcon.colcon_core.package_identification:_identify(libraries/micro_ros_arduino/src/std_msgs/msg/detail) by extensions ['cmake', 'python']
[0.146s] Level 1:colcon.colcon_core.package_identification:_identify(libraries/micro_ros_arduino/src/std_msgs/msg/detail) by extension 'cmake'
[0.146s] Level 1:colcon.colcon_core.package_identification:_identify(libraries/micro_ros_arduino/src/std_msgs/msg/detail) by extension 'python'
[0.146s] Level 1:colcon.colcon_core.package_identification:_identify(libraries/micro_ros_arduino/src/std_msgs/msg/detail) by extensions ['python_setup_py']
[0.146s] Level 1:colcon.colcon_core.package_identification:_identify(libraries/micro_ros_arduino/src/std_msgs/msg/detail) by extension 'python_setup_py'
[0.147s] Level 1:colcon.colcon_core.package_identification:_identify(libraries/micro_ros_arduino/src/std_srvs) by extensions ['ignore', 'ignore_ament_install']
[0.147s] Level 1:colcon.colcon_core.package_identification:_identify(libraries/micro_ros_arduino/src/std_srvs) by extension 'ignore'
[0.147s] Level 1:colcon.colcon_core.package_identification:_identify(libraries/micro_ros_arduino/src/std_srvs) by extension 'ignore_ament_install'
[0.147s] Level 1:colcon.colcon_core.package_identification:_identify(libraries/micro_ros_arduino/src/std_srvs) by extensions ['colcon_pkg']
[0.147s] Level 1:colcon.colcon_core.package_identification:_identify(libraries/micro_ros_arduino/src/std_srvs) by extension 'colcon_pkg'
[0.147s] Level 1:colcon.colcon_core.package_identification:_identify(libraries/micro_ros_arduino/src/std_srvs) by extensions ['colcon_meta']
[0.147s] Level 1:colcon.colcon_core.package_identification:_identify(libraries/micro_ros_arduino/src/std_srvs) by extension 'colcon_meta'
[0.147s] Level 1:colcon.colcon_core.package_identification:_identify(libraries/micro_ros_arduino/src/std_srvs) by extensions ['ros']
[0.147s] Level 1:colcon.colcon_core.package_identification:_identify(libraries/micro_ros_arduino/src/std_srvs) by extension 'ros'
[0.147s] Level 1:colcon.colcon_core.package_identification:_identify(libraries/micro_ros_arduino/src/std_srvs) by extensions ['cmake', 'python']
[0.147s] Level 1:colcon.colcon_core.package_identification:_identify(libraries/micro_ros_arduino/src/std_srvs) by extension 'cmake'
[0.147s] Level 1:colcon.colcon_core.package_identification:_identify(libraries/micro_ros_arduino/src/std_srvs) by extension 'python'
[0.147s] Level 1:colcon.colcon_core.package_identification:_identify(libraries/micro_ros_arduino/src/std_srvs) by extensions ['python_setup_py']
[0.147s] Level 1:colcon.colcon_core.package_identification:_identify(libraries/micro_ros_arduino/src/std_srvs) by extension 'python_setup_py'
[0.147s] Level 1:colcon.colcon_core.package_identification:_identify(libraries/micro_ros_arduino/src/std_srvs/msg) by extensions ['ignore', 'ignore_ament_install']
[0.147s] Level 1:colcon.colcon_core.package_identification:_identify(libraries/micro_ros_arduino/src/std_srvs/msg) by extension 'ignore'
[0.147s] Level 1:colcon.colcon_core.package_identification:_identify(libraries/micro_ros_arduino/src/std_srvs/msg) by extension 'ignore_ament_install'
[0.147s] Level 1:colcon.colcon_core.package_identification:_identify(libraries/micro_ros_arduino/src/std_srvs/msg) by extensions ['colcon_pkg']
[0.147s] Level 1:colcon.colcon_core.package_identification:_identify(libraries/micro_ros_arduino/src/std_srvs/msg) by extension 'colcon_pkg'
[0.147s] Level 1:colcon.colcon_core.package_identification:_identify(libraries/micro_ros_arduino/src/std_srvs/msg) by extensions ['colcon_meta']
[0.147s] Level 1:colcon.colcon_core.package_identification:_identify(libraries/micro_ros_arduino/src/std_srvs/msg) by extension 'colcon_meta'
[0.147s] Level 1:colcon.colcon_core.package_identification:_identify(libraries/micro_ros_arduino/src/std_srvs/msg) by extensions ['ros']
[0.147s] Level 1:colcon.colcon_core.package_identification:_identify(libraries/micro_ros_arduino/src/std_srvs/msg) by extension 'ros'
[0.147s] Level 1:colcon.colcon_core.package_identification:_identify(libraries/micro_ros_arduino/src/std_srvs/msg) by extensions ['cmake', 'python']
[0.147s] Level 1:colcon.colcon_core.package_identification:_identify(libraries/micro_ros_arduino/src/std_srvs/msg) by extension 'cmake'
[0.147s] Level 1:colcon.colcon_core.package_identification:_identify(libraries/micro_ros_arduino/src/std_srvs/msg) by extension 'python'
[0.147s] Level 1:colcon.colcon_core.package_identification:_identify(libraries/micro_ros_arduino/src/std_srvs/msg) by extensions ['python_setup_py']
[0.147s] Level 1:colcon.colcon_core.package_identification:_identify(libraries/micro_ros_arduino/src/std_srvs/msg) by extension 'python_setup_py'
[0.147s] Level 1:colcon.colcon_core.package_identification:_identify(libraries/micro_ros_arduino/src/std_srvs/srv) by extensions ['ignore', 'ignore_ament_install']
[0.147s] Level 1:colcon.colcon_core.package_identification:_identify(libraries/micro_ros_arduino/src/std_srvs/srv) by extension 'ignore'
[0.147s] Level 1:colcon.colcon_core.package_identification:_identify(libraries/micro_ros_arduino/src/std_srvs/srv) by extension 'ignore_ament_install'
[0.147s] Level 1:colcon.colcon_core.package_identification:_identify(libraries/micro_ros_arduino/src/std_srvs/srv) by extensions ['colcon_pkg']
[0.147s] Level 1:colcon.colcon_core.package_identification:_identify(libraries/micro_ros_arduino/src/std_srvs/srv) by extension 'colcon_pkg'
[0.147s] Level 1:colcon.colcon_core.package_identification:_identify(libraries/micro_ros_arduino/src/std_srvs/srv) by extensions ['colcon_meta']
[0.147s] Level 1:colcon.colcon_core.package_identification:_identify(libraries/micro_ros_arduino/src/std_srvs/srv) by extension 'colcon_meta'
[0.147s] Level 1:colcon.colcon_core.package_identification:_identify(libraries/micro_ros_arduino/src/std_srvs/srv) by extensions ['ros']
[0.147s] Level 1:colcon.colcon_core.package_identification:_identify(libraries/micro_ros_arduino/src/std_srvs/srv) by extension 'ros'
[0.147s] Level 1:colcon.colcon_core.package_identification:_identify(libraries/micro_ros_arduino/src/std_srvs/srv) by extensions ['cmake', 'python']
[0.147s] Level 1:colcon.colcon_core.package_identification:_identify(libraries/micro_ros_arduino/src/std_srvs/srv) by extension 'cmake'
[0.147s] Level 1:colcon.colcon_core.package_identification:_identify(libraries/micro_ros_arduino/src/std_srvs/srv) by extension 'python'
[0.147s] Level 1:colcon.colcon_core.package_identification:_identify(libraries/micro_ros_arduino/src/std_srvs/srv) by extensions ['python_setup_py']
[0.147s] Level 1:colcon.colcon_core.package_identification:_identify(libraries/micro_ros_arduino/src/std_srvs/srv) by extension 'python_setup_py'
[0.148s] Level 1:colcon.colcon_core.package_identification:_identify(libraries/micro_ros_arduino/src/std_srvs/srv/detail) by extensions ['ignore', 'ignore_ament_install']
[0.148s] Level 1:colcon.colcon_core.package_identification:_identify(libraries/micro_ros_arduino/src/std_srvs/srv/detail) by extension 'ignore'
[0.148s] Level 1:colcon.colcon_core.package_identification:_identify(libraries/micro_ros_arduino/src/std_srvs/srv/detail) by extension 'ignore_ament_install'
[0.148s] Level 1:colcon.colcon_core.package_identification:_identify(libraries/micro_ros_arduino/src/std_srvs/srv/detail) by extensions ['colcon_pkg']
[0.148s] Level 1:colcon.colcon_core.package_identification:_identify(libraries/micro_ros_arduino/src/std_srvs/srv/detail) by extension 'colcon_pkg'
[0.148s] Level 1:colcon.colcon_core.package_identification:_identify(libraries/micro_ros_arduino/src/std_srvs/srv/detail) by extensions ['colcon_meta']
[0.148s] Level 1:colcon.colcon_core.package_identification:_identify(libraries/micro_ros_arduino/src/std_srvs/srv/detail) by extension 'colcon_meta'
[0.148s] Level 1:colcon.colcon_core.package_identification:_identify(libraries/micro_ros_arduino/src/std_srvs/srv/detail) by extensions ['ros']
[0.148s] Level 1:colcon.colcon_core.package_identification:_identify(libraries/micro_ros_arduino/src/std_srvs/srv/detail) by extension 'ros'
[0.148s] Level 1:colcon.colcon_core.package_identification:_identify(libraries/micro_ros_arduino/src/std_srvs/srv/detail) by extensions ['cmake', 'python']
[0.148s] Level 1:colcon.colcon_core.package_identification:_identify(libraries/micro_ros_arduino/src/std_srvs/srv/detail) by extension 'cmake'
[0.148s] Level 1:colcon.colcon_core.package_identification:_identify(libraries/micro_ros_arduino/src/std_srvs/srv/detail) by extension 'python'
[0.148s] Level 1:colcon.colcon_core.package_identification:_identify(libraries/micro_ros_arduino/src/std_srvs/srv/detail) by extensions ['python_setup_py']
[0.148s] Level 1:colcon.colcon_core.package_identification:_identify(libraries/micro_ros_arduino/src/std_srvs/srv/detail) by extension 'python_setup_py'
[0.148s] Level 1:colcon.colcon_core.package_identification:_identify(libraries/micro_ros_arduino/src/stereo_msgs) by extensions ['ignore', 'ignore_ament_install']
[0.148s] Level 1:colcon.colcon_core.package_identification:_identify(libraries/micro_ros_arduino/src/stereo_msgs) by extension 'ignore'
[0.148s] Level 1:colcon.colcon_core.package_identification:_identify(libraries/micro_ros_arduino/src/stereo_msgs) by extension 'ignore_ament_install'
[0.148s] Level 1:colcon.colcon_core.package_identification:_identify(libraries/micro_ros_arduino/src/stereo_msgs) by extensions ['colcon_pkg']
[0.148s] Level 1:colcon.colcon_core.package_identification:_identify(libraries/micro_ros_arduino/src/stereo_msgs) by extension 'colcon_pkg'
[0.148s] Level 1:colcon.colcon_core.package_identification:_identify(libraries/micro_ros_arduino/src/stereo_msgs) by extensions ['colcon_meta']
[0.148s] Level 1:colcon.colcon_core.package_identification:_identify(libraries/micro_ros_arduino/src/stereo_msgs) by extension 'colcon_meta'
[0.148s] Level 1:colcon.colcon_core.package_identification:_identify(libraries/micro_ros_arduino/src/stereo_msgs) by extensions ['ros']
[0.148s] Level 1:colcon.colcon_core.package_identification:_identify(libraries/micro_ros_arduino/src/stereo_msgs) by extension 'ros'
[0.148s] Level 1:colcon.colcon_core.package_identification:_identify(libraries/micro_ros_arduino/src/stereo_msgs) by extensions ['cmake', 'python']
[0.148s] Level 1:colcon.colcon_core.package_identification:_identify(libraries/micro_ros_arduino/src/stereo_msgs) by extension 'cmake'
[0.148s] Level 1:colcon.colcon_core.package_identification:_identify(libraries/micro_ros_arduino/src/stereo_msgs) by extension 'python'
[0.148s] Level 1:colcon.colcon_core.package_identification:_identify(libraries/micro_ros_arduino/src/stereo_msgs) by extensions ['python_setup_py']
[0.148s] Level 1:colcon.colcon_core.package_identification:_identify(libraries/micro_ros_arduino/src/stereo_msgs) by extension 'python_setup_py'
[0.148s] Level 1:colcon.colcon_core.package_identification:_identify(libraries/micro_ros_arduino/src/stereo_msgs/msg) by extensions ['ignore', 'ignore_ament_install']
[0.148s] Level 1:colcon.colcon_core.package_identification:_identify(libraries/micro_ros_arduino/src/stereo_msgs/msg) by extension 'ignore'
[0.148s] Level 1:colcon.colcon_core.package_identification:_identify(libraries/micro_ros_arduino/src/stereo_msgs/msg) by extension 'ignore_ament_install'
[0.148s] Level 1:colcon.colcon_core.package_identification:_identify(libraries/micro_ros_arduino/src/stereo_msgs/msg) by extensions ['colcon_pkg']
[0.148s] Level 1:colcon.colcon_core.package_identification:_identify(libraries/micro_ros_arduino/src/stereo_msgs/msg) by extension 'colcon_pkg'
[0.148s] Level 1:colcon.colcon_core.package_identification:_identify(libraries/micro_ros_arduino/src/stereo_msgs/msg) by extensions ['colcon_meta']
[0.148s] Level 1:colcon.colcon_core.package_identification:_identify(libraries/micro_ros_arduino/src/stereo_msgs/msg) by extension 'colcon_meta'
[0.148s] Level 1:colcon.colcon_core.package_identification:_identify(libraries/micro_ros_arduino/src/stereo_msgs/msg) by extensions ['ros']
[0.148s] Level 1:colcon.colcon_core.package_identification:_identify(libraries/micro_ros_arduino/src/stereo_msgs/msg) by extension 'ros'
[0.148s] Level 1:colcon.colcon_core.package_identification:_identify(libraries/micro_ros_arduino/src/stereo_msgs/msg) by extensions ['cmake', 'python']
[0.148s] Level 1:colcon.colcon_core.package_identification:_identify(libraries/micro_ros_arduino/src/stereo_msgs/msg) by extension 'cmake'
[0.148s] Level 1:colcon.colcon_core.package_identification:_identify(libraries/micro_ros_arduino/src/stereo_msgs/msg) by extension 'python'
[0.148s] Level 1:colcon.colcon_core.package_identification:_identify(libraries/micro_ros_arduino/src/stereo_msgs/msg) by extensions ['python_setup_py']
[0.148s] Level 1:colcon.colcon_core.package_identification:_identify(libraries/micro_ros_arduino/src/stereo_msgs/msg) by extension 'python_setup_py'
[0.148s] Level 1:colcon.colcon_core.package_identification:_identify(libraries/micro_ros_arduino/src/stereo_msgs/msg/detail) by extensions ['ignore', 'ignore_ament_install']
[0.148s] Level 1:colcon.colcon_core.package_identification:_identify(libraries/micro_ros_arduino/src/stereo_msgs/msg/detail) by extension 'ignore'
[0.148s] Level 1:colcon.colcon_core.package_identification:_identify(libraries/micro_ros_arduino/src/stereo_msgs/msg/detail) by extension 'ignore_ament_install'
[0.149s] Level 1:colcon.colcon_core.package_identification:_identify(libraries/micro_ros_arduino/src/stereo_msgs/msg/detail) by extensions ['colcon_pkg']
[0.149s] Level 1:colcon.colcon_core.package_identification:_identify(libraries/micro_ros_arduino/src/stereo_msgs/msg/detail) by extension 'colcon_pkg'
[0.149s] Level 1:colcon.colcon_core.package_identification:_identify(libraries/micro_ros_arduino/src/stereo_msgs/msg/detail) by extensions ['colcon_meta']
[0.149s] Level 1:colcon.colcon_core.package_identification:_identify(libraries/micro_ros_arduino/src/stereo_msgs/msg/detail) by extension 'colcon_meta'
[0.149s] Level 1:colcon.colcon_core.package_identification:_identify(libraries/micro_ros_arduino/src/stereo_msgs/msg/detail) by extensions ['ros']
[0.149s] Level 1:colcon.colcon_core.package_identification:_identify(libraries/micro_ros_arduino/src/stereo_msgs/msg/detail) by extension 'ros'
[0.149s] Level 1:colcon.colcon_core.package_identification:_identify(libraries/micro_ros_arduino/src/stereo_msgs/msg/detail) by extensions ['cmake', 'python']
[0.149s] Level 1:colcon.colcon_core.package_identification:_identify(libraries/micro_ros_arduino/src/stereo_msgs/msg/detail) by extension 'cmake'
[0.149s] Level 1:colcon.colcon_core.package_identification:_identify(libraries/micro_ros_arduino/src/stereo_msgs/msg/detail) by extension 'python'
[0.149s] Level 1:colcon.colcon_core.package_identification:_identify(libraries/micro_ros_arduino/src/stereo_msgs/msg/detail) by extensions ['python_setup_py']
[0.149s] Level 1:colcon.colcon_core.package_identification:_identify(libraries/micro_ros_arduino/src/stereo_msgs/msg/detail) by extension 'python_setup_py'
[0.149s] Level 1:colcon.colcon_core.package_identification:_identify(libraries/micro_ros_arduino/src/test_msgs) by extensions ['ignore', 'ignore_ament_install']
[0.149s] Level 1:colcon.colcon_core.package_identification:_identify(libraries/micro_ros_arduino/src/test_msgs) by extension 'ignore'
[0.149s] Level 1:colcon.colcon_core.package_identification:_identify(libraries/micro_ros_arduino/src/test_msgs) by extension 'ignore_ament_install'
[0.149s] Level 1:colcon.colcon_core.package_identification:_identify(libraries/micro_ros_arduino/src/test_msgs) by extensions ['colcon_pkg']
[0.149s] Level 1:colcon.colcon_core.package_identification:_identify(libraries/micro_ros_arduino/src/test_msgs) by extension 'colcon_pkg'
[0.149s] Level 1:colcon.colcon_core.package_identification:_identify(libraries/micro_ros_arduino/src/test_msgs) by extensions ['colcon_meta']
[0.149s] Level 1:colcon.colcon_core.package_identification:_identify(libraries/micro_ros_arduino/src/test_msgs) by extension 'colcon_meta'
[0.149s] Level 1:colcon.colcon_core.package_identification:_identify(libraries/micro_ros_arduino/src/test_msgs) by extensions ['ros']
[0.149s] Level 1:colcon.colcon_core.package_identification:_identify(libraries/micro_ros_arduino/src/test_msgs) by extension 'ros'
[0.149s] Level 1:colcon.colcon_core.package_identification:_identify(libraries/micro_ros_arduino/src/test_msgs) by extensions ['cmake', 'python']
[0.149s] Level 1:colcon.colcon_core.package_identification:_identify(libraries/micro_ros_arduino/src/test_msgs) by extension 'cmake'
[0.149s] Level 1:colcon.colcon_core.package_identification:_identify(libraries/micro_ros_arduino/src/test_msgs) by extension 'python'
[0.149s] Level 1:colcon.colcon_core.package_identification:_identify(libraries/micro_ros_arduino/src/test_msgs) by extensions ['python_setup_py']
[0.149s] Level 1:colcon.colcon_core.package_identification:_identify(libraries/micro_ros_arduino/src/test_msgs) by extension 'python_setup_py'
[0.149s] Level 1:colcon.colcon_core.package_identification:_identify(libraries/micro_ros_arduino/src/test_msgs/action) by extensions ['ignore', 'ignore_ament_install']
[0.149s] Level 1:colcon.colcon_core.package_identification:_identify(libraries/micro_ros_arduino/src/test_msgs/action) by extension 'ignore'
[0.149s] Level 1:colcon.colcon_core.package_identification:_identify(libraries/micro_ros_arduino/src/test_msgs/action) by extension 'ignore_ament_install'
[0.149s] Level 1:colcon.colcon_core.package_identification:_identify(libraries/micro_ros_arduino/src/test_msgs/action) by extensions ['colcon_pkg']
[0.149s] Level 1:colcon.colcon_core.package_identification:_identify(libraries/micro_ros_arduino/src/test_msgs/action) by extension 'colcon_pkg'
[0.149s] Level 1:colcon.colcon_core.package_identification:_identify(libraries/micro_ros_arduino/src/test_msgs/action) by extensions ['colcon_meta']
[0.149s] Level 1:colcon.colcon_core.package_identification:_identify(libraries/micro_ros_arduino/src/test_msgs/action) by extension 'colcon_meta'
[0.149s] Level 1:colcon.colcon_core.package_identification:_identify(libraries/micro_ros_arduino/src/test_msgs/action) by extensions ['ros']
[0.149s] Level 1:colcon.colcon_core.package_identification:_identify(libraries/micro_ros_arduino/src/test_msgs/action) by extension 'ros'
[0.149s] Level 1:colcon.colcon_core.package_identification:_identify(libraries/micro_ros_arduino/src/test_msgs/action) by extensions ['cmake', 'python']
[0.149s] Level 1:colcon.colcon_core.package_identification:_identify(libraries/micro_ros_arduino/src/test_msgs/action) by extension 'cmake'
[0.149s] Level 1:colcon.colcon_core.package_identification:_identify(libraries/micro_ros_arduino/src/test_msgs/action) by extension 'python'
[0.149s] Level 1:colcon.colcon_core.package_identification:_identify(libraries/micro_ros_arduino/src/test_msgs/action) by extensions ['python_setup_py']
[0.149s] Level 1:colcon.colcon_core.package_identification:_identify(libraries/micro_ros_arduino/src/test_msgs/action) by extension 'python_setup_py'
[0.149s] Level 1:colcon.colcon_core.package_identification:_identify(libraries/micro_ros_arduino/src/test_msgs/action/detail) by extensions ['ignore', 'ignore_ament_install']
[0.149s] Level 1:colcon.colcon_core.package_identification:_identify(libraries/micro_ros_arduino/src/test_msgs/action/detail) by extension 'ignore'
[0.149s] Level 1:colcon.colcon_core.package_identification:_identify(libraries/micro_ros_arduino/src/test_msgs/action/detail) by extension 'ignore_ament_install'
[0.149s] Level 1:colcon.colcon_core.package_identification:_identify(libraries/micro_ros_arduino/src/test_msgs/action/detail) by extensions ['colcon_pkg']
[0.149s] Level 1:colcon.colcon_core.package_identification:_identify(libraries/micro_ros_arduino/src/test_msgs/action/detail) by extension 'colcon_pkg'
[0.149s] Level 1:colcon.colcon_core.package_identification:_identify(libraries/micro_ros_arduino/src/test_msgs/action/detail) by extensions ['colcon_meta']
[0.149s] Level 1:colcon.colcon_core.package_identification:_identify(libraries/micro_ros_arduino/src/test_msgs/action/detail) by extension 'colcon_meta'
[0.149s] Level 1:colcon.colcon_core.package_identification:_identify(libraries/micro_ros_arduino/src/test_msgs/action/detail) by extensions ['ros']
[0.149s] Level 1:colcon.colcon_core.package_identification:_identify(libraries/micro_ros_arduino/src/test_msgs/action/detail) by extension 'ros'
[0.149s] Level 1:colcon.colcon_core.package_identification:_identify(libraries/micro_ros_arduino/src/test_msgs/action/detail) by extensions ['cmake', 'python']
[0.150s] Level 1:colcon.colcon_core.package_identification:_identify(libraries/micro_ros_arduino/src/test_msgs/action/detail) by extension 'cmake'
[0.150s] Level 1:colcon.colcon_core.package_identification:_identify(libraries/micro_ros_arduino/src/test_msgs/action/detail) by extension 'python'
[0.150s] Level 1:colcon.colcon_core.package_identification:_identify(libraries/micro_ros_arduino/src/test_msgs/action/detail) by extensions ['python_setup_py']
[0.150s] Level 1:colcon.colcon_core.package_identification:_identify(libraries/micro_ros_arduino/src/test_msgs/action/detail) by extension 'python_setup_py'
[0.150s] Level 1:colcon.colcon_core.package_identification:_identify(libraries/micro_ros_arduino/src/test_msgs/msg) by extensions ['ignore', 'ignore_ament_install']
[0.150s] Level 1:colcon.colcon_core.package_identification:_identify(libraries/micro_ros_arduino/src/test_msgs/msg) by extension 'ignore'
[0.150s] Level 1:colcon.colcon_core.package_identification:_identify(libraries/micro_ros_arduino/src/test_msgs/msg) by extension 'ignore_ament_install'
[0.150s] Level 1:colcon.colcon_core.package_identification:_identify(libraries/micro_ros_arduino/src/test_msgs/msg) by extensions ['colcon_pkg']
[0.150s] Level 1:colcon.colcon_core.package_identification:_identify(libraries/micro_ros_arduino/src/test_msgs/msg) by extension 'colcon_pkg'
[0.150s] Level 1:colcon.colcon_core.package_identification:_identify(libraries/micro_ros_arduino/src/test_msgs/msg) by extensions ['colcon_meta']
[0.150s] Level 1:colcon.colcon_core.package_identification:_identify(libraries/micro_ros_arduino/src/test_msgs/msg) by extension 'colcon_meta'
[0.150s] Level 1:colcon.colcon_core.package_identification:_identify(libraries/micro_ros_arduino/src/test_msgs/msg) by extensions ['ros']
[0.150s] Level 1:colcon.colcon_core.package_identification:_identify(libraries/micro_ros_arduino/src/test_msgs/msg) by extension 'ros'
[0.150s] Level 1:colcon.colcon_core.package_identification:_identify(libraries/micro_ros_arduino/src/test_msgs/msg) by extensions ['cmake', 'python']
[0.150s] Level 1:colcon.colcon_core.package_identification:_identify(libraries/micro_ros_arduino/src/test_msgs/msg) by extension 'cmake'
[0.150s] Level 1:colcon.colcon_core.package_identification:_identify(libraries/micro_ros_arduino/src/test_msgs/msg) by extension 'python'
[0.150s] Level 1:colcon.colcon_core.package_identification:_identify(libraries/micro_ros_arduino/src/test_msgs/msg) by extensions ['python_setup_py']
[0.150s] Level 1:colcon.colcon_core.package_identification:_identify(libraries/micro_ros_arduino/src/test_msgs/msg) by extension 'python_setup_py'
[0.150s] Level 1:colcon.colcon_core.package_identification:_identify(libraries/micro_ros_arduino/src/test_msgs/msg/detail) by extensions ['ignore', 'ignore_ament_install']
[0.150s] Level 1:colcon.colcon_core.package_identification:_identify(libraries/micro_ros_arduino/src/test_msgs/msg/detail) by extension 'ignore'
[0.150s] Level 1:colcon.colcon_core.package_identification:_identify(libraries/micro_ros_arduino/src/test_msgs/msg/detail) by extension 'ignore_ament_install'
[0.150s] Level 1:colcon.colcon_core.package_identification:_identify(libraries/micro_ros_arduino/src/test_msgs/msg/detail) by extensions ['colcon_pkg']
[0.150s] Level 1:colcon.colcon_core.package_identification:_identify(libraries/micro_ros_arduino/src/test_msgs/msg/detail) by extension 'colcon_pkg'
[0.150s] Level 1:colcon.colcon_core.package_identification:_identify(libraries/micro_ros_arduino/src/test_msgs/msg/detail) by extensions ['colcon_meta']
[0.150s] Level 1:colcon.colcon_core.package_identification:_identify(libraries/micro_ros_arduino/src/test_msgs/msg/detail) by extension 'colcon_meta'
[0.150s] Level 1:colcon.colcon_core.package_identification:_identify(libraries/micro_ros_arduino/src/test_msgs/msg/detail) by extensions ['ros']
[0.150s] Level 1:colcon.colcon_core.package_identification:_identify(libraries/micro_ros_arduino/src/test_msgs/msg/detail) by extension 'ros'
[0.150s] Level 1:colcon.colcon_core.package_identification:_identify(libraries/micro_ros_arduino/src/test_msgs/msg/detail) by extensions ['cmake', 'python']
[0.150s] Level 1:colcon.colcon_core.package_identification:_identify(libraries/micro_ros_arduino/src/test_msgs/msg/detail) by extension 'cmake'
[0.150s] Level 1:colcon.colcon_core.package_identification:_identify(libraries/micro_ros_arduino/src/test_msgs/msg/detail) by extension 'python'
[0.150s] Level 1:colcon.colcon_core.package_identification:_identify(libraries/micro_ros_arduino/src/test_msgs/msg/detail) by extensions ['python_setup_py']
[0.150s] Level 1:colcon.colcon_core.package_identification:_identify(libraries/micro_ros_arduino/src/test_msgs/msg/detail) by extension 'python_setup_py'
[0.150s] Level 1:colcon.colcon_core.package_identification:_identify(libraries/micro_ros_arduino/src/test_msgs/srv) by extensions ['ignore', 'ignore_ament_install']
[0.150s] Level 1:colcon.colcon_core.package_identification:_identify(libraries/micro_ros_arduino/src/test_msgs/srv) by extension 'ignore'
[0.150s] Level 1:colcon.colcon_core.package_identification:_identify(libraries/micro_ros_arduino/src/test_msgs/srv) by extension 'ignore_ament_install'
[0.150s] Level 1:colcon.colcon_core.package_identification:_identify(libraries/micro_ros_arduino/src/test_msgs/srv) by extensions ['colcon_pkg']
[0.150s] Level 1:colcon.colcon_core.package_identification:_identify(libraries/micro_ros_arduino/src/test_msgs/srv) by extension 'colcon_pkg'
[0.150s] Level 1:colcon.colcon_core.package_identification:_identify(libraries/micro_ros_arduino/src/test_msgs/srv) by extensions ['colcon_meta']
[0.150s] Level 1:colcon.colcon_core.package_identification:_identify(libraries/micro_ros_arduino/src/test_msgs/srv) by extension 'colcon_meta'
[0.150s] Level 1:colcon.colcon_core.package_identification:_identify(libraries/micro_ros_arduino/src/test_msgs/srv) by extensions ['ros']
[0.150s] Level 1:colcon.colcon_core.package_identification:_identify(libraries/micro_ros_arduino/src/test_msgs/srv) by extension 'ros'
[0.150s] Level 1:colcon.colcon_core.package_identification:_identify(libraries/micro_ros_arduino/src/test_msgs/srv) by extensions ['cmake', 'python']
[0.150s] Level 1:colcon.colcon_core.package_identification:_identify(libraries/micro_ros_arduino/src/test_msgs/srv) by extension 'cmake'
[0.150s] Level 1:colcon.colcon_core.package_identification:_identify(libraries/micro_ros_arduino/src/test_msgs/srv) by extension 'python'
[0.150s] Level 1:colcon.colcon_core.package_identification:_identify(libraries/micro_ros_arduino/src/test_msgs/srv) by extensions ['python_setup_py']
[0.150s] Level 1:colcon.colcon_core.package_identification:_identify(libraries/micro_ros_arduino/src/test_msgs/srv) by extension 'python_setup_py'
[0.151s] Level 1:colcon.colcon_core.package_identification:_identify(libraries/micro_ros_arduino/src/test_msgs/srv/detail) by extensions ['ignore', 'ignore_ament_install']
[0.151s] Level 1:colcon.colcon_core.package_identification:_identify(libraries/micro_ros_arduino/src/test_msgs/srv/detail) by extension 'ignore'
[0.151s] Level 1:colcon.colcon_core.package_identification:_identify(libraries/micro_ros_arduino/src/test_msgs/srv/detail) by extension 'ignore_ament_install'
[0.151s] Level 1:colcon.colcon_core.package_identification:_identify(libraries/micro_ros_arduino/src/test_msgs/srv/detail) by extensions ['colcon_pkg']
[0.151s] Level 1:colcon.colcon_core.package_identification:_identify(libraries/micro_ros_arduino/src/test_msgs/srv/detail) by extension 'colcon_pkg'
[0.151s] Level 1:colcon.colcon_core.package_identification:_identify(libraries/micro_ros_arduino/src/test_msgs/srv/detail) by extensions ['colcon_meta']
[0.151s] Level 1:colcon.colcon_core.package_identification:_identify(libraries/micro_ros_arduino/src/test_msgs/srv/detail) by extension 'colcon_meta'
[0.151s] Level 1:colcon.colcon_core.package_identification:_identify(libraries/micro_ros_arduino/src/test_msgs/srv/detail) by extensions ['ros']
[0.151s] Level 1:colcon.colcon_core.package_identification:_identify(libraries/micro_ros_arduino/src/test_msgs/srv/detail) by extension 'ros'
[0.151s] Level 1:colcon.colcon_core.package_identification:_identify(libraries/micro_ros_arduino/src/test_msgs/srv/detail) by extensions ['cmake', 'python']
[0.151s] Level 1:colcon.colcon_core.package_identification:_identify(libraries/micro_ros_arduino/src/test_msgs/srv/detail) by extension 'cmake'
[0.151s] Level 1:colcon.colcon_core.package_identification:_identify(libraries/micro_ros_arduino/src/test_msgs/srv/detail) by extension 'python'
[0.151s] Level 1:colcon.colcon_core.package_identification:_identify(libraries/micro_ros_arduino/src/test_msgs/srv/detail) by extensions ['python_setup_py']
[0.151s] Level 1:colcon.colcon_core.package_identification:_identify(libraries/micro_ros_arduino/src/test_msgs/srv/detail) by extension 'python_setup_py'
[0.151s] Level 1:colcon.colcon_core.package_identification:_identify(libraries/micro_ros_arduino/src/tf2_msgs) by extensions ['ignore', 'ignore_ament_install']
[0.151s] Level 1:colcon.colcon_core.package_identification:_identify(libraries/micro_ros_arduino/src/tf2_msgs) by extension 'ignore'
[0.151s] Level 1:colcon.colcon_core.package_identification:_identify(libraries/micro_ros_arduino/src/tf2_msgs) by extension 'ignore_ament_install'
[0.151s] Level 1:colcon.colcon_core.package_identification:_identify(libraries/micro_ros_arduino/src/tf2_msgs) by extensions ['colcon_pkg']
[0.151s] Level 1:colcon.colcon_core.package_identification:_identify(libraries/micro_ros_arduino/src/tf2_msgs) by extension 'colcon_pkg'
[0.151s] Level 1:colcon.colcon_core.package_identification:_identify(libraries/micro_ros_arduino/src/tf2_msgs) by extensions ['colcon_meta']
[0.151s] Level 1:colcon.colcon_core.package_identification:_identify(libraries/micro_ros_arduino/src/tf2_msgs) by extension 'colcon_meta'
[0.151s] Level 1:colcon.colcon_core.package_identification:_identify(libraries/micro_ros_arduino/src/tf2_msgs) by extensions ['ros']
[0.151s] Level 1:colcon.colcon_core.package_identification:_identify(libraries/micro_ros_arduino/src/tf2_msgs) by extension 'ros'
[0.151s] Level 1:colcon.colcon_core.package_identification:_identify(libraries/micro_ros_arduino/src/tf2_msgs) by extensions ['cmake', 'python']
[0.151s] Level 1:colcon.colcon_core.package_identification:_identify(libraries/micro_ros_arduino/src/tf2_msgs) by extension 'cmake'
[0.151s] Level 1:colcon.colcon_core.package_identification:_identify(libraries/micro_ros_arduino/src/tf2_msgs) by extension 'python'
[0.151s] Level 1:colcon.colcon_core.package_identification:_identify(libraries/micro_ros_arduino/src/tf2_msgs) by extensions ['python_setup_py']
[0.151s] Level 1:colcon.colcon_core.package_identification:_identify(libraries/micro_ros_arduino/src/tf2_msgs) by extension 'python_setup_py'
[0.151s] Level 1:colcon.colcon_core.package_identification:_identify(libraries/micro_ros_arduino/src/tf2_msgs/action) by extensions ['ignore', 'ignore_ament_install']
[0.151s] Level 1:colcon.colcon_core.package_identification:_identify(libraries/micro_ros_arduino/src/tf2_msgs/action) by extension 'ignore'
[0.151s] Level 1:colcon.colcon_core.package_identification:_identify(libraries/micro_ros_arduino/src/tf2_msgs/action) by extension 'ignore_ament_install'
[0.151s] Level 1:colcon.colcon_core.package_identification:_identify(libraries/micro_ros_arduino/src/tf2_msgs/action) by extensions ['colcon_pkg']
[0.151s] Level 1:colcon.colcon_core.package_identification:_identify(libraries/micro_ros_arduino/src/tf2_msgs/action) by extension 'colcon_pkg'
[0.151s] Level 1:colcon.colcon_core.package_identification:_identify(libraries/micro_ros_arduino/src/tf2_msgs/action) by extensions ['colcon_meta']
[0.151s] Level 1:colcon.colcon_core.package_identification:_identify(libraries/micro_ros_arduino/src/tf2_msgs/action) by extension 'colcon_meta'
[0.151s] Level 1:colcon.colcon_core.package_identification:_identify(libraries/micro_ros_arduino/src/tf2_msgs/action) by extensions ['ros']
[0.151s] Level 1:colcon.colcon_core.package_identification:_identify(libraries/micro_ros_arduino/src/tf2_msgs/action) by extension 'ros'
[0.151s] Level 1:colcon.colcon_core.package_identification:_identify(libraries/micro_ros_arduino/src/tf2_msgs/action) by extensions ['cmake', 'python']
[0.151s] Level 1:colcon.colcon_core.package_identification:_identify(libraries/micro_ros_arduino/src/tf2_msgs/action) by extension 'cmake'
[0.151s] Level 1:colcon.colcon_core.package_identification:_identify(libraries/micro_ros_arduino/src/tf2_msgs/action) by extension 'python'
[0.151s] Level 1:colcon.colcon_core.package_identification:_identify(libraries/micro_ros_arduino/src/tf2_msgs/action) by extensions ['python_setup_py']
[0.151s] Level 1:colcon.colcon_core.package_identification:_identify(libraries/micro_ros_arduino/src/tf2_msgs/action) by extension 'python_setup_py'
[0.151s] Level 1:colcon.colcon_core.package_identification:_identify(libraries/micro_ros_arduino/src/tf2_msgs/action/detail) by extensions ['ignore', 'ignore_ament_install']
[0.151s] Level 1:colcon.colcon_core.package_identification:_identify(libraries/micro_ros_arduino/src/tf2_msgs/action/detail) by extension 'ignore'
[0.151s] Level 1:colcon.colcon_core.package_identification:_identify(libraries/micro_ros_arduino/src/tf2_msgs/action/detail) by extension 'ignore_ament_install'
[0.151s] Level 1:colcon.colcon_core.package_identification:_identify(libraries/micro_ros_arduino/src/tf2_msgs/action/detail) by extensions ['colcon_pkg']
[0.151s] Level 1:colcon.colcon_core.package_identification:_identify(libraries/micro_ros_arduino/src/tf2_msgs/action/detail) by extension 'colcon_pkg'
[0.151s] Level 1:colcon.colcon_core.package_identification:_identify(libraries/micro_ros_arduino/src/tf2_msgs/action/detail) by extensions ['colcon_meta']
[0.152s] Level 1:colcon.colcon_core.package_identification:_identify(libraries/micro_ros_arduino/src/tf2_msgs/action/detail) by extension 'colcon_meta'
[0.152s] Level 1:colcon.colcon_core.package_identification:_identify(libraries/micro_ros_arduino/src/tf2_msgs/action/detail) by extensions ['ros']
[0.152s] Level 1:colcon.colcon_core.package_identification:_identify(libraries/micro_ros_arduino/src/tf2_msgs/action/detail) by extension 'ros'
[0.152s] Level 1:colcon.colcon_core.package_identification:_identify(libraries/micro_ros_arduino/src/tf2_msgs/action/detail) by extensions ['cmake', 'python']
[0.152s] Level 1:colcon.colcon_core.package_identification:_identify(libraries/micro_ros_arduino/src/tf2_msgs/action/detail) by extension 'cmake'
[0.152s] Level 1:colcon.colcon_core.package_identification:_identify(libraries/micro_ros_arduino/src/tf2_msgs/action/detail) by extension 'python'
[0.152s] Level 1:colcon.colcon_core.package_identification:_identify(libraries/micro_ros_arduino/src/tf2_msgs/action/detail) by extensions ['python_setup_py']
[0.152s] Level 1:colcon.colcon_core.package_identification:_identify(libraries/micro_ros_arduino/src/tf2_msgs/action/detail) by extension 'python_setup_py'
[0.152s] Level 1:colcon.colcon_core.package_identification:_identify(libraries/micro_ros_arduino/src/tf2_msgs/msg) by extensions ['ignore', 'ignore_ament_install']
[0.152s] Level 1:colcon.colcon_core.package_identification:_identify(libraries/micro_ros_arduino/src/tf2_msgs/msg) by extension 'ignore'
[0.152s] Level 1:colcon.colcon_core.package_identification:_identify(libraries/micro_ros_arduino/src/tf2_msgs/msg) by extension 'ignore_ament_install'
[0.152s] Level 1:colcon.colcon_core.package_identification:_identify(libraries/micro_ros_arduino/src/tf2_msgs/msg) by extensions ['colcon_pkg']
[0.152s] Level 1:colcon.colcon_core.package_identification:_identify(libraries/micro_ros_arduino/src/tf2_msgs/msg) by extension 'colcon_pkg'
[0.152s] Level 1:colcon.colcon_core.package_identification:_identify(libraries/micro_ros_arduino/src/tf2_msgs/msg) by extensions ['colcon_meta']
[0.152s] Level 1:colcon.colcon_core.package_identification:_identify(libraries/micro_ros_arduino/src/tf2_msgs/msg) by extension 'colcon_meta'
[0.152s] Level 1:colcon.colcon_core.package_identification:_identify(libraries/micro_ros_arduino/src/tf2_msgs/msg) by extensions ['ros']
[0.152s] Level 1:colcon.colcon_core.package_identification:_identify(libraries/micro_ros_arduino/src/tf2_msgs/msg) by extension 'ros'
[0.152s] Level 1:colcon.colcon_core.package_identification:_identify(libraries/micro_ros_arduino/src/tf2_msgs/msg) by extensions ['cmake', 'python']
[0.152s] Level 1:colcon.colcon_core.package_identification:_identify(libraries/micro_ros_arduino/src/tf2_msgs/msg) by extension 'cmake'
[0.152s] Level 1:colcon.colcon_core.package_identification:_identify(libraries/micro_ros_arduino/src/tf2_msgs/msg) by extension 'python'
[0.152s] Level 1:colcon.colcon_core.package_identification:_identify(libraries/micro_ros_arduino/src/tf2_msgs/msg) by extensions ['python_setup_py']
[0.152s] Level 1:colcon.colcon_core.package_identification:_identify(libraries/micro_ros_arduino/src/tf2_msgs/msg) by extension 'python_setup_py'
[0.152s] Level 1:colcon.colcon_core.package_identification:_identify(libraries/micro_ros_arduino/src/tf2_msgs/msg/detail) by extensions ['ignore', 'ignore_ament_install']
[0.152s] Level 1:colcon.colcon_core.package_identification:_identify(libraries/micro_ros_arduino/src/tf2_msgs/msg/detail) by extension 'ignore'
[0.152s] Level 1:colcon.colcon_core.package_identification:_identify(libraries/micro_ros_arduino/src/tf2_msgs/msg/detail) by extension 'ignore_ament_install'
[0.152s] Level 1:colcon.colcon_core.package_identification:_identify(libraries/micro_ros_arduino/src/tf2_msgs/msg/detail) by extensions ['colcon_pkg']
[0.152s] Level 1:colcon.colcon_core.package_identification:_identify(libraries/micro_ros_arduino/src/tf2_msgs/msg/detail) by extension 'colcon_pkg'
[0.152s] Level 1:colcon.colcon_core.package_identification:_identify(libraries/micro_ros_arduino/src/tf2_msgs/msg/detail) by extensions ['colcon_meta']
[0.152s] Level 1:colcon.colcon_core.package_identification:_identify(libraries/micro_ros_arduino/src/tf2_msgs/msg/detail) by extension 'colcon_meta'
[0.152s] Level 1:colcon.colcon_core.package_identification:_identify(libraries/micro_ros_arduino/src/tf2_msgs/msg/detail) by extensions ['ros']
[0.152s] Level 1:colcon.colcon_core.package_identification:_identify(libraries/micro_ros_arduino/src/tf2_msgs/msg/detail) by extension 'ros'
[0.152s] Level 1:colcon.colcon_core.package_identification:_identify(libraries/micro_ros_arduino/src/tf2_msgs/msg/detail) by extensions ['cmake', 'python']
[0.152s] Level 1:colcon.colcon_core.package_identification:_identify(libraries/micro_ros_arduino/src/tf2_msgs/msg/detail) by extension 'cmake'
[0.152s] Level 1:colcon.colcon_core.package_identification:_identify(libraries/micro_ros_arduino/src/tf2_msgs/msg/detail) by extension 'python'
[0.152s] Level 1:colcon.colcon_core.package_identification:_identify(libraries/micro_ros_arduino/src/tf2_msgs/msg/detail) by extensions ['python_setup_py']
[0.152s] Level 1:colcon.colcon_core.package_identification:_identify(libraries/micro_ros_arduino/src/tf2_msgs/msg/detail) by extension 'python_setup_py'
[0.152s] Level 1:colcon.colcon_core.package_identification:_identify(libraries/micro_ros_arduino/src/tf2_msgs/srv) by extensions ['ignore', 'ignore_ament_install']
[0.152s] Level 1:colcon.colcon_core.package_identification:_identify(libraries/micro_ros_arduino/src/tf2_msgs/srv) by extension 'ignore'
[0.152s] Level 1:colcon.colcon_core.package_identification:_identify(libraries/micro_ros_arduino/src/tf2_msgs/srv) by extension 'ignore_ament_install'
[0.152s] Level 1:colcon.colcon_core.package_identification:_identify(libraries/micro_ros_arduino/src/tf2_msgs/srv) by extensions ['colcon_pkg']
[0.152s] Level 1:colcon.colcon_core.package_identification:_identify(libraries/micro_ros_arduino/src/tf2_msgs/srv) by extension 'colcon_pkg'
[0.152s] Level 1:colcon.colcon_core.package_identification:_identify(libraries/micro_ros_arduino/src/tf2_msgs/srv) by extensions ['colcon_meta']
[0.152s] Level 1:colcon.colcon_core.package_identification:_identify(libraries/micro_ros_arduino/src/tf2_msgs/srv) by extension 'colcon_meta'
[0.152s] Level 1:colcon.colcon_core.package_identification:_identify(libraries/micro_ros_arduino/src/tf2_msgs/srv) by extensions ['ros']
[0.152s] Level 1:colcon.colcon_core.package_identification:_identify(libraries/micro_ros_arduino/src/tf2_msgs/srv) by extension 'ros'
[0.152s] Level 1:colcon.colcon_core.package_identification:_identify(libraries/micro_ros_arduino/src/tf2_msgs/srv) by extensions ['cmake', 'python']
[0.152s] Level 1:colcon.colcon_core.package_identification:_identify(libraries/micro_ros_arduino/src/tf2_msgs/srv) by extension 'cmake'
[0.153s] Level 1:colcon.colcon_core.package_identification:_identify(libraries/micro_ros_arduino/src/tf2_msgs/srv) by extension 'python'
[0.153s] Level 1:colcon.colcon_core.package_identification:_identify(libraries/micro_ros_arduino/src/tf2_msgs/srv) by extensions ['python_setup_py']
[0.153s] Level 1:colcon.colcon_core.package_identification:_identify(libraries/micro_ros_arduino/src/tf2_msgs/srv) by extension 'python_setup_py'
[0.153s] Level 1:colcon.colcon_core.package_identification:_identify(libraries/micro_ros_arduino/src/tf2_msgs/srv/detail) by extensions ['ignore', 'ignore_ament_install']
[0.153s] Level 1:colcon.colcon_core.package_identification:_identify(libraries/micro_ros_arduino/src/tf2_msgs/srv/detail) by extension 'ignore'
[0.153s] Level 1:colcon.colcon_core.package_identification:_identify(libraries/micro_ros_arduino/src/tf2_msgs/srv/detail) by extension 'ignore_ament_install'
[0.153s] Level 1:colcon.colcon_core.package_identification:_identify(libraries/micro_ros_arduino/src/tf2_msgs/srv/detail) by extensions ['colcon_pkg']
[0.153s] Level 1:colcon.colcon_core.package_identification:_identify(libraries/micro_ros_arduino/src/tf2_msgs/srv/detail) by extension 'colcon_pkg'
[0.153s] Level 1:colcon.colcon_core.package_identification:_identify(libraries/micro_ros_arduino/src/tf2_msgs/srv/detail) by extensions ['colcon_meta']
[0.153s] Level 1:colcon.colcon_core.package_identification:_identify(libraries/micro_ros_arduino/src/tf2_msgs/srv/detail) by extension 'colcon_meta'
[0.153s] Level 1:colcon.colcon_core.package_identification:_identify(libraries/micro_ros_arduino/src/tf2_msgs/srv/detail) by extensions ['ros']
[0.153s] Level 1:colcon.colcon_core.package_identification:_identify(libraries/micro_ros_arduino/src/tf2_msgs/srv/detail) by extension 'ros'
[0.153s] Level 1:colcon.colcon_core.package_identification:_identify(libraries/micro_ros_arduino/src/tf2_msgs/srv/detail) by extensions ['cmake', 'python']
[0.153s] Level 1:colcon.colcon_core.package_identification:_identify(libraries/micro_ros_arduino/src/tf2_msgs/srv/detail) by extension 'cmake'
[0.153s] Level 1:colcon.colcon_core.package_identification:_identify(libraries/micro_ros_arduino/src/tf2_msgs/srv/detail) by extension 'python'
[0.153s] Level 1:colcon.colcon_core.package_identification:_identify(libraries/micro_ros_arduino/src/tf2_msgs/srv/detail) by extensions ['python_setup_py']
[0.153s] Level 1:colcon.colcon_core.package_identification:_identify(libraries/micro_ros_arduino/src/tf2_msgs/srv/detail) by extension 'python_setup_py'
[0.153s] Level 1:colcon.colcon_core.package_identification:_identify(libraries/micro_ros_arduino/src/tracetools) by extensions ['ignore', 'ignore_ament_install']
[0.153s] Level 1:colcon.colcon_core.package_identification:_identify(libraries/micro_ros_arduino/src/tracetools) by extension 'ignore'
[0.153s] Level 1:colcon.colcon_core.package_identification:_identify(libraries/micro_ros_arduino/src/tracetools) by extension 'ignore_ament_install'
[0.153s] Level 1:colcon.colcon_core.package_identification:_identify(libraries/micro_ros_arduino/src/tracetools) by extensions ['colcon_pkg']
[0.153s] Level 1:colcon.colcon_core.package_identification:_identify(libraries/micro_ros_arduino/src/tracetools) by extension 'colcon_pkg'
[0.153s] Level 1:colcon.colcon_core.package_identification:_identify(libraries/micro_ros_arduino/src/tracetools) by extensions ['colcon_meta']
[0.153s] Level 1:colcon.colcon_core.package_identification:_identify(libraries/micro_ros_arduino/src/tracetools) by extension 'colcon_meta'
[0.153s] Level 1:colcon.colcon_core.package_identification:_identify(libraries/micro_ros_arduino/src/tracetools) by extensions ['ros']
[0.153s] Level 1:colcon.colcon_core.package_identification:_identify(libraries/micro_ros_arduino/src/tracetools) by extension 'ros'
[0.153s] Level 1:colcon.colcon_core.package_identification:_identify(libraries/micro_ros_arduino/src/tracetools) by extensions ['cmake', 'python']
[0.153s] Level 1:colcon.colcon_core.package_identification:_identify(libraries/micro_ros_arduino/src/tracetools) by extension 'cmake'
[0.153s] Level 1:colcon.colcon_core.package_identification:_identify(libraries/micro_ros_arduino/src/tracetools) by extension 'python'
[0.153s] Level 1:colcon.colcon_core.package_identification:_identify(libraries/micro_ros_arduino/src/tracetools) by extensions ['python_setup_py']
[0.153s] Level 1:colcon.colcon_core.package_identification:_identify(libraries/micro_ros_arduino/src/tracetools) by extension 'python_setup_py'
[0.153s] Level 1:colcon.colcon_core.package_identification:_identify(libraries/micro_ros_arduino/src/trajectory_msgs) by extensions ['ignore', 'ignore_ament_install']
[0.153s] Level 1:colcon.colcon_core.package_identification:_identify(libraries/micro_ros_arduino/src/trajectory_msgs) by extension 'ignore'
[0.153s] Level 1:colcon.colcon_core.package_identification:_identify(libraries/micro_ros_arduino/src/trajectory_msgs) by extension 'ignore_ament_install'
[0.153s] Level 1:colcon.colcon_core.package_identification:_identify(libraries/micro_ros_arduino/src/trajectory_msgs) by extensions ['colcon_pkg']
[0.153s] Level 1:colcon.colcon_core.package_identification:_identify(libraries/micro_ros_arduino/src/trajectory_msgs) by extension 'colcon_pkg'
[0.153s] Level 1:colcon.colcon_core.package_identification:_identify(libraries/micro_ros_arduino/src/trajectory_msgs) by extensions ['colcon_meta']
[0.153s] Level 1:colcon.colcon_core.package_identification:_identify(libraries/micro_ros_arduino/src/trajectory_msgs) by extension 'colcon_meta'
[0.153s] Level 1:colcon.colcon_core.package_identification:_identify(libraries/micro_ros_arduino/src/trajectory_msgs) by extensions ['ros']
[0.153s] Level 1:colcon.colcon_core.package_identification:_identify(libraries/micro_ros_arduino/src/trajectory_msgs) by extension 'ros'
[0.153s] Level 1:colcon.colcon_core.package_identification:_identify(libraries/micro_ros_arduino/src/trajectory_msgs) by extensions ['cmake', 'python']
[0.153s] Level 1:colcon.colcon_core.package_identification:_identify(libraries/micro_ros_arduino/src/trajectory_msgs) by extension 'cmake'
[0.153s] Level 1:colcon.colcon_core.package_identification:_identify(libraries/micro_ros_arduino/src/trajectory_msgs) by extension 'python'
[0.153s] Level 1:colcon.colcon_core.package_identification:_identify(libraries/micro_ros_arduino/src/trajectory_msgs) by extensions ['python_setup_py']
[0.153s] Level 1:colcon.colcon_core.package_identification:_identify(libraries/micro_ros_arduino/src/trajectory_msgs) by extension 'python_setup_py'
[0.153s] Level 1:colcon.colcon_core.package_identification:_identify(libraries/micro_ros_arduino/src/trajectory_msgs/msg) by extensions ['ignore', 'ignore_ament_install']
[0.153s] Level 1:colcon.colcon_core.package_identification:_identify(libraries/micro_ros_arduino/src/trajectory_msgs/msg) by extension 'ignore'
[0.153s] Level 1:colcon.colcon_core.package_identification:_identify(libraries/micro_ros_arduino/src/trajectory_msgs/msg) by extension 'ignore_ament_install'
[0.154s] Level 1:colcon.colcon_core.package_identification:_identify(libraries/micro_ros_arduino/src/trajectory_msgs/msg) by extensions ['colcon_pkg']
[0.154s] Level 1:colcon.colcon_core.package_identification:_identify(libraries/micro_ros_arduino/src/trajectory_msgs/msg) by extension 'colcon_pkg'
[0.154s] Level 1:colcon.colcon_core.package_identification:_identify(libraries/micro_ros_arduino/src/trajectory_msgs/msg) by extensions ['colcon_meta']
[0.154s] Level 1:colcon.colcon_core.package_identification:_identify(libraries/micro_ros_arduino/src/trajectory_msgs/msg) by extension 'colcon_meta'
[0.154s] Level 1:colcon.colcon_core.package_identification:_identify(libraries/micro_ros_arduino/src/trajectory_msgs/msg) by extensions ['ros']
[0.154s] Level 1:colcon.colcon_core.package_identification:_identify(libraries/micro_ros_arduino/src/trajectory_msgs/msg) by extension 'ros'
[0.154s] Level 1:colcon.colcon_core.package_identification:_identify(libraries/micro_ros_arduino/src/trajectory_msgs/msg) by extensions ['cmake', 'python']
[0.154s] Level 1:colcon.colcon_core.package_identification:_identify(libraries/micro_ros_arduino/src/trajectory_msgs/msg) by extension 'cmake'
[0.154s] Level 1:colcon.colcon_core.package_identification:_identify(libraries/micro_ros_arduino/src/trajectory_msgs/msg) by extension 'python'
[0.154s] Level 1:colcon.colcon_core.package_identification:_identify(libraries/micro_ros_arduino/src/trajectory_msgs/msg) by extensions ['python_setup_py']
[0.154s] Level 1:colcon.colcon_core.package_identification:_identify(libraries/micro_ros_arduino/src/trajectory_msgs/msg) by extension 'python_setup_py'
[0.154s] Level 1:colcon.colcon_core.package_identification:_identify(libraries/micro_ros_arduino/src/trajectory_msgs/msg/detail) by extensions ['ignore', 'ignore_ament_install']
[0.154s] Level 1:colcon.colcon_core.package_identification:_identify(libraries/micro_ros_arduino/src/trajectory_msgs/msg/detail) by extension 'ignore'
[0.154s] Level 1:colcon.colcon_core.package_identification:_identify(libraries/micro_ros_arduino/src/trajectory_msgs/msg/detail) by extension 'ignore_ament_install'
[0.154s] Level 1:colcon.colcon_core.package_identification:_identify(libraries/micro_ros_arduino/src/trajectory_msgs/msg/detail) by extensions ['colcon_pkg']
[0.154s] Level 1:colcon.colcon_core.package_identification:_identify(libraries/micro_ros_arduino/src/trajectory_msgs/msg/detail) by extension 'colcon_pkg'
[0.154s] Level 1:colcon.colcon_core.package_identification:_identify(libraries/micro_ros_arduino/src/trajectory_msgs/msg/detail) by extensions ['colcon_meta']
[0.154s] Level 1:colcon.colcon_core.package_identification:_identify(libraries/micro_ros_arduino/src/trajectory_msgs/msg/detail) by extension 'colcon_meta'
[0.154s] Level 1:colcon.colcon_core.package_identification:_identify(libraries/micro_ros_arduino/src/trajectory_msgs/msg/detail) by extensions ['ros']
[0.154s] Level 1:colcon.colcon_core.package_identification:_identify(libraries/micro_ros_arduino/src/trajectory_msgs/msg/detail) by extension 'ros'
[0.154s] Level 1:colcon.colcon_core.package_identification:_identify(libraries/micro_ros_arduino/src/trajectory_msgs/msg/detail) by extensions ['cmake', 'python']
[0.154s] Level 1:colcon.colcon_core.package_identification:_identify(libraries/micro_ros_arduino/src/trajectory_msgs/msg/detail) by extension 'cmake'
[0.154s] Level 1:colcon.colcon_core.package_identification:_identify(libraries/micro_ros_arduino/src/trajectory_msgs/msg/detail) by extension 'python'
[0.154s] Level 1:colcon.colcon_core.package_identification:_identify(libraries/micro_ros_arduino/src/trajectory_msgs/msg/detail) by extensions ['python_setup_py']
[0.154s] Level 1:colcon.colcon_core.package_identification:_identify(libraries/micro_ros_arduino/src/trajectory_msgs/msg/detail) by extension 'python_setup_py'
[0.154s] Level 1:colcon.colcon_core.package_identification:_identify(libraries/micro_ros_arduino/src/type_description_interfaces) by extensions ['ignore', 'ignore_ament_install']
[0.154s] Level 1:colcon.colcon_core.package_identification:_identify(libraries/micro_ros_arduino/src/type_description_interfaces) by extension 'ignore'
[0.154s] Level 1:colcon.colcon_core.package_identification:_identify(libraries/micro_ros_arduino/src/type_description_interfaces) by extension 'ignore_ament_install'
[0.154s] Level 1:colcon.colcon_core.package_identification:_identify(libraries/micro_ros_arduino/src/type_description_interfaces) by extensions ['colcon_pkg']
[0.154s] Level 1:colcon.colcon_core.package_identification:_identify(libraries/micro_ros_arduino/src/type_description_interfaces) by extension 'colcon_pkg'
[0.154s] Level 1:colcon.colcon_core.package_identification:_identify(libraries/micro_ros_arduino/src/type_description_interfaces) by extensions ['colcon_meta']
[0.154s] Level 1:colcon.colcon_core.package_identification:_identify(libraries/micro_ros_arduino/src/type_description_interfaces) by extension 'colcon_meta'
[0.154s] Level 1:colcon.colcon_core.package_identification:_identify(libraries/micro_ros_arduino/src/type_description_interfaces) by extensions ['ros']
[0.154s] Level 1:colcon.colcon_core.package_identification:_identify(libraries/micro_ros_arduino/src/type_description_interfaces) by extension 'ros'
[0.154s] Level 1:colcon.colcon_core.package_identification:_identify(libraries/micro_ros_arduino/src/type_description_interfaces) by extensions ['cmake', 'python']
[0.154s] Level 1:colcon.colcon_core.package_identification:_identify(libraries/micro_ros_arduino/src/type_description_interfaces) by extension 'cmake'
[0.154s] Level 1:colcon.colcon_core.package_identification:_identify(libraries/micro_ros_arduino/src/type_description_interfaces) by extension 'python'
[0.154s] Level 1:colcon.colcon_core.package_identification:_identify(libraries/micro_ros_arduino/src/type_description_interfaces) by extensions ['python_setup_py']
[0.154s] Level 1:colcon.colcon_core.package_identification:_identify(libraries/micro_ros_arduino/src/type_description_interfaces) by extension 'python_setup_py'
[0.154s] Level 1:colcon.colcon_core.package_identification:_identify(libraries/micro_ros_arduino/src/type_description_interfaces/msg) by extensions ['ignore', 'ignore_ament_install']
[0.154s] Level 1:colcon.colcon_core.package_identification:_identify(libraries/micro_ros_arduino/src/type_description_interfaces/msg) by extension 'ignore'
[0.154s] Level 1:colcon.colcon_core.package_identification:_identify(libraries/micro_ros_arduino/src/type_description_interfaces/msg) by extension 'ignore_ament_install'
[0.154s] Level 1:colcon.colcon_core.package_identification:_identify(libraries/micro_ros_arduino/src/type_description_interfaces/msg) by extensions ['colcon_pkg']
[0.154s] Level 1:colcon.colcon_core.package_identification:_identify(libraries/micro_ros_arduino/src/type_description_interfaces/msg) by extension 'colcon_pkg'
[0.154s] Level 1:colcon.colcon_core.package_identification:_identify(libraries/micro_ros_arduino/src/type_description_interfaces/msg) by extensions ['colcon_meta']
[0.154s] Level 1:colcon.colcon_core.package_identification:_identify(libraries/micro_ros_arduino/src/type_description_interfaces/msg) by extension 'colcon_meta'
[0.154s] Level 1:colcon.colcon_core.package_identification:_identify(libraries/micro_ros_arduino/src/type_description_interfaces/msg) by extensions ['ros']
[0.154s] Level 1:colcon.colcon_core.package_identification:_identify(libraries/micro_ros_arduino/src/type_description_interfaces/msg) by extension 'ros'
[0.155s] Level 1:colcon.colcon_core.package_identification:_identify(libraries/micro_ros_arduino/src/type_description_interfaces/msg) by extensions ['cmake', 'python']
[0.155s] Level 1:colcon.colcon_core.package_identification:_identify(libraries/micro_ros_arduino/src/type_description_interfaces/msg) by extension 'cmake'
[0.155s] Level 1:colcon.colcon_core.package_identification:_identify(libraries/micro_ros_arduino/src/type_description_interfaces/msg) by extension 'python'
[0.155s] Level 1:colcon.colcon_core.package_identification:_identify(libraries/micro_ros_arduino/src/type_description_interfaces/msg) by extensions ['python_setup_py']
[0.155s] Level 1:colcon.colcon_core.package_identification:_identify(libraries/micro_ros_arduino/src/type_description_interfaces/msg) by extension 'python_setup_py'
[0.155s] Level 1:colcon.colcon_core.package_identification:_identify(libraries/micro_ros_arduino/src/type_description_interfaces/msg/detail) by extensions ['ignore', 'ignore_ament_install']
[0.155s] Level 1:colcon.colcon_core.package_identification:_identify(libraries/micro_ros_arduino/src/type_description_interfaces/msg/detail) by extension 'ignore'
[0.155s] Level 1:colcon.colcon_core.package_identification:_identify(libraries/micro_ros_arduino/src/type_description_interfaces/msg/detail) by extension 'ignore_ament_install'
[0.155s] Level 1:colcon.colcon_core.package_identification:_identify(libraries/micro_ros_arduino/src/type_description_interfaces/msg/detail) by extensions ['colcon_pkg']
[0.155s] Level 1:colcon.colcon_core.package_identification:_identify(libraries/micro_ros_arduino/src/type_description_interfaces/msg/detail) by extension 'colcon_pkg'
[0.155s] Level 1:colcon.colcon_core.package_identification:_identify(libraries/micro_ros_arduino/src/type_description_interfaces/msg/detail) by extensions ['colcon_meta']
[0.155s] Level 1:colcon.colcon_core.package_identification:_identify(libraries/micro_ros_arduino/src/type_description_interfaces/msg/detail) by extension 'colcon_meta'
[0.155s] Level 1:colcon.colcon_core.package_identification:_identify(libraries/micro_ros_arduino/src/type_description_interfaces/msg/detail) by extensions ['ros']
[0.155s] Level 1:colcon.colcon_core.package_identification:_identify(libraries/micro_ros_arduino/src/type_description_interfaces/msg/detail) by extension 'ros'
[0.155s] Level 1:colcon.colcon_core.package_identification:_identify(libraries/micro_ros_arduino/src/type_description_interfaces/msg/detail) by extensions ['cmake', 'python']
[0.155s] Level 1:colcon.colcon_core.package_identification:_identify(libraries/micro_ros_arduino/src/type_description_interfaces/msg/detail) by extension 'cmake'
[0.155s] Level 1:colcon.colcon_core.package_identification:_identify(libraries/micro_ros_arduino/src/type_description_interfaces/msg/detail) by extension 'python'
[0.155s] Level 1:colcon.colcon_core.package_identification:_identify(libraries/micro_ros_arduino/src/type_description_interfaces/msg/detail) by extensions ['python_setup_py']
[0.155s] Level 1:colcon.colcon_core.package_identification:_identify(libraries/micro_ros_arduino/src/type_description_interfaces/msg/detail) by extension 'python_setup_py'
[0.155s] Level 1:colcon.colcon_core.package_identification:_identify(libraries/micro_ros_arduino/src/type_description_interfaces/srv) by extensions ['ignore', 'ignore_ament_install']
[0.155s] Level 1:colcon.colcon_core.package_identification:_identify(libraries/micro_ros_arduino/src/type_description_interfaces/srv) by extension 'ignore'
[0.155s] Level 1:colcon.colcon_core.package_identification:_identify(libraries/micro_ros_arduino/src/type_description_interfaces/srv) by extension 'ignore_ament_install'
[0.155s] Level 1:colcon.colcon_core.package_identification:_identify(libraries/micro_ros_arduino/src/type_description_interfaces/srv) by extensions ['colcon_pkg']
[0.155s] Level 1:colcon.colcon_core.package_identification:_identify(libraries/micro_ros_arduino/src/type_description_interfaces/srv) by extension 'colcon_pkg'
[0.155s] Level 1:colcon.colcon_core.package_identification:_identify(libraries/micro_ros_arduino/src/type_description_interfaces/srv) by extensions ['colcon_meta']
[0.155s] Level 1:colcon.colcon_core.package_identification:_identify(libraries/micro_ros_arduino/src/type_description_interfaces/srv) by extension 'colcon_meta'
[0.155s] Level 1:colcon.colcon_core.package_identification:_identify(libraries/micro_ros_arduino/src/type_description_interfaces/srv) by extensions ['ros']
[0.155s] Level 1:colcon.colcon_core.package_identification:_identify(libraries/micro_ros_arduino/src/type_description_interfaces/srv) by extension 'ros'
[0.155s] Level 1:colcon.colcon_core.package_identification:_identify(libraries/micro_ros_arduino/src/type_description_interfaces/srv) by extensions ['cmake', 'python']
[0.155s] Level 1:colcon.colcon_core.package_identification:_identify(libraries/micro_ros_arduino/src/type_description_interfaces/srv) by extension 'cmake'
[0.155s] Level 1:colcon.colcon_core.package_identification:_identify(libraries/micro_ros_arduino/src/type_description_interfaces/srv) by extension 'python'
[0.155s] Level 1:colcon.colcon_core.package_identification:_identify(libraries/micro_ros_arduino/src/type_description_interfaces/srv) by extensions ['python_setup_py']
[0.155s] Level 1:colcon.colcon_core.package_identification:_identify(libraries/micro_ros_arduino/src/type_description_interfaces/srv) by extension 'python_setup_py'
[0.155s] Level 1:colcon.colcon_core.package_identification:_identify(libraries/micro_ros_arduino/src/type_description_interfaces/srv/detail) by extensions ['ignore', 'ignore_ament_install']
[0.155s] Level 1:colcon.colcon_core.package_identification:_identify(libraries/micro_ros_arduino/src/type_description_interfaces/srv/detail) by extension 'ignore'
[0.155s] Level 1:colcon.colcon_core.package_identification:_identify(libraries/micro_ros_arduino/src/type_description_interfaces/srv/detail) by extension 'ignore_ament_install'
[0.155s] Level 1:colcon.colcon_core.package_identification:_identify(libraries/micro_ros_arduino/src/type_description_interfaces/srv/detail) by extensions ['colcon_pkg']
[0.155s] Level 1:colcon.colcon_core.package_identification:_identify(libraries/micro_ros_arduino/src/type_description_interfaces/srv/detail) by extension 'colcon_pkg'
[0.155s] Level 1:colcon.colcon_core.package_identification:_identify(libraries/micro_ros_arduino/src/type_description_interfaces/srv/detail) by extensions ['colcon_meta']
[0.155s] Level 1:colcon.colcon_core.package_identification:_identify(libraries/micro_ros_arduino/src/type_description_interfaces/srv/detail) by extension 'colcon_meta'
[0.155s] Level 1:colcon.colcon_core.package_identification:_identify(libraries/micro_ros_arduino/src/type_description_interfaces/srv/detail) by extensions ['ros']
[0.155s] Level 1:colcon.colcon_core.package_identification:_identify(libraries/micro_ros_arduino/src/type_description_interfaces/srv/detail) by extension 'ros'
[0.155s] Level 1:colcon.colcon_core.package_identification:_identify(libraries/micro_ros_arduino/src/type_description_interfaces/srv/detail) by extensions ['cmake', 'python']
[0.155s] Level 1:colcon.colcon_core.package_identification:_identify(libraries/micro_ros_arduino/src/type_description_interfaces/srv/detail) by extension 'cmake'
[0.155s] Level 1:colcon.colcon_core.package_identification:_identify(libraries/micro_ros_arduino/src/type_description_interfaces/srv/detail) by extension 'python'
[0.156s] Level 1:colcon.colcon_core.package_identification:_identify(libraries/micro_ros_arduino/src/type_description_interfaces/srv/detail) by extensions ['python_setup_py']
[0.156s] Level 1:colcon.colcon_core.package_identification:_identify(libraries/micro_ros_arduino/src/type_description_interfaces/srv/detail) by extension 'python_setup_py'
[0.156s] Level 1:colcon.colcon_core.package_identification:_identify(libraries/micro_ros_arduino/src/ucdr) by extensions ['ignore', 'ignore_ament_install']
[0.156s] Level 1:colcon.colcon_core.package_identification:_identify(libraries/micro_ros_arduino/src/ucdr) by extension 'ignore'
[0.156s] Level 1:colcon.colcon_core.package_identification:_identify(libraries/micro_ros_arduino/src/ucdr) by extension 'ignore_ament_install'
[0.156s] Level 1:colcon.colcon_core.package_identification:_identify(libraries/micro_ros_arduino/src/ucdr) by extensions ['colcon_pkg']
[0.156s] Level 1:colcon.colcon_core.package_identification:_identify(libraries/micro_ros_arduino/src/ucdr) by extension 'colcon_pkg'
[0.156s] Level 1:colcon.colcon_core.package_identification:_identify(libraries/micro_ros_arduino/src/ucdr) by extensions ['colcon_meta']
[0.156s] Level 1:colcon.colcon_core.package_identification:_identify(libraries/micro_ros_arduino/src/ucdr) by extension 'colcon_meta'
[0.156s] Level 1:colcon.colcon_core.package_identification:_identify(libraries/micro_ros_arduino/src/ucdr) by extensions ['ros']
[0.156s] Level 1:colcon.colcon_core.package_identification:_identify(libraries/micro_ros_arduino/src/ucdr) by extension 'ros'
[0.156s] Level 1:colcon.colcon_core.package_identification:_identify(libraries/micro_ros_arduino/src/ucdr) by extensions ['cmake', 'python']
[0.156s] Level 1:colcon.colcon_core.package_identification:_identify(libraries/micro_ros_arduino/src/ucdr) by extension 'cmake'
[0.156s] Level 1:colcon.colcon_core.package_identification:_identify(libraries/micro_ros_arduino/src/ucdr) by extension 'python'
[0.156s] Level 1:colcon.colcon_core.package_identification:_identify(libraries/micro_ros_arduino/src/ucdr) by extensions ['python_setup_py']
[0.156s] Level 1:colcon.colcon_core.package_identification:_identify(libraries/micro_ros_arduino/src/ucdr) by extension 'python_setup_py'
[0.156s] Level 1:colcon.colcon_core.package_identification:_identify(libraries/micro_ros_arduino/src/unique_identifier_msgs) by extensions ['ignore', 'ignore_ament_install']
[0.156s] Level 1:colcon.colcon_core.package_identification:_identify(libraries/micro_ros_arduino/src/unique_identifier_msgs) by extension 'ignore'
[0.156s] Level 1:colcon.colcon_core.package_identification:_identify(libraries/micro_ros_arduino/src/unique_identifier_msgs) by extension 'ignore_ament_install'
[0.156s] Level 1:colcon.colcon_core.package_identification:_identify(libraries/micro_ros_arduino/src/unique_identifier_msgs) by extensions ['colcon_pkg']
[0.156s] Level 1:colcon.colcon_core.package_identification:_identify(libraries/micro_ros_arduino/src/unique_identifier_msgs) by extension 'colcon_pkg'
[0.156s] Level 1:colcon.colcon_core.package_identification:_identify(libraries/micro_ros_arduino/src/unique_identifier_msgs) by extensions ['colcon_meta']
[0.156s] Level 1:colcon.colcon_core.package_identification:_identify(libraries/micro_ros_arduino/src/unique_identifier_msgs) by extension 'colcon_meta'
[0.156s] Level 1:colcon.colcon_core.package_identification:_identify(libraries/micro_ros_arduino/src/unique_identifier_msgs) by extensions ['ros']
[0.156s] Level 1:colcon.colcon_core.package_identification:_identify(libraries/micro_ros_arduino/src/unique_identifier_msgs) by extension 'ros'
[0.156s] Level 1:colcon.colcon_core.package_identification:_identify(libraries/micro_ros_arduino/src/unique_identifier_msgs) by extensions ['cmake', 'python']
[0.156s] Level 1:colcon.colcon_core.package_identification:_identify(libraries/micro_ros_arduino/src/unique_identifier_msgs) by extension 'cmake'
[0.156s] Level 1:colcon.colcon_core.package_identification:_identify(libraries/micro_ros_arduino/src/unique_identifier_msgs) by extension 'python'
[0.156s] Level 1:colcon.colcon_core.package_identification:_identify(libraries/micro_ros_arduino/src/unique_identifier_msgs) by extensions ['python_setup_py']
[0.156s] Level 1:colcon.colcon_core.package_identification:_identify(libraries/micro_ros_arduino/src/unique_identifier_msgs) by extension 'python_setup_py'
[0.156s] Level 1:colcon.colcon_core.package_identification:_identify(libraries/micro_ros_arduino/src/unique_identifier_msgs/msg) by extensions ['ignore', 'ignore_ament_install']
[0.156s] Level 1:colcon.colcon_core.package_identification:_identify(libraries/micro_ros_arduino/src/unique_identifier_msgs/msg) by extension 'ignore'
[0.156s] Level 1:colcon.colcon_core.package_identification:_identify(libraries/micro_ros_arduino/src/unique_identifier_msgs/msg) by extension 'ignore_ament_install'
[0.156s] Level 1:colcon.colcon_core.package_identification:_identify(libraries/micro_ros_arduino/src/unique_identifier_msgs/msg) by extensions ['colcon_pkg']
[0.156s] Level 1:colcon.colcon_core.package_identification:_identify(libraries/micro_ros_arduino/src/unique_identifier_msgs/msg) by extension 'colcon_pkg'
[0.156s] Level 1:colcon.colcon_core.package_identification:_identify(libraries/micro_ros_arduino/src/unique_identifier_msgs/msg) by extensions ['colcon_meta']
[0.156s] Level 1:colcon.colcon_core.package_identification:_identify(libraries/micro_ros_arduino/src/unique_identifier_msgs/msg) by extension 'colcon_meta'
[0.156s] Level 1:colcon.colcon_core.package_identification:_identify(libraries/micro_ros_arduino/src/unique_identifier_msgs/msg) by extensions ['ros']
[0.156s] Level 1:colcon.colcon_core.package_identification:_identify(libraries/micro_ros_arduino/src/unique_identifier_msgs/msg) by extension 'ros'
[0.156s] Level 1:colcon.colcon_core.package_identification:_identify(libraries/micro_ros_arduino/src/unique_identifier_msgs/msg) by extensions ['cmake', 'python']
[0.156s] Level 1:colcon.colcon_core.package_identification:_identify(libraries/micro_ros_arduino/src/unique_identifier_msgs/msg) by extension 'cmake'
[0.156s] Level 1:colcon.colcon_core.package_identification:_identify(libraries/micro_ros_arduino/src/unique_identifier_msgs/msg) by extension 'python'
[0.156s] Level 1:colcon.colcon_core.package_identification:_identify(libraries/micro_ros_arduino/src/unique_identifier_msgs/msg) by extensions ['python_setup_py']
[0.156s] Level 1:colcon.colcon_core.package_identification:_identify(libraries/micro_ros_arduino/src/unique_identifier_msgs/msg) by extension 'python_setup_py'
[0.156s] Level 1:colcon.colcon_core.package_identification:_identify(libraries/micro_ros_arduino/src/unique_identifier_msgs/msg/detail) by extensions ['ignore', 'ignore_ament_install']
[0.156s] Level 1:colcon.colcon_core.package_identification:_identify(libraries/micro_ros_arduino/src/unique_identifier_msgs/msg/detail) by extension 'ignore'
[0.157s] Level 1:colcon.colcon_core.package_identification:_identify(libraries/micro_ros_arduino/src/unique_identifier_msgs/msg/detail) by extension 'ignore_ament_install'
[0.157s] Level 1:colcon.colcon_core.package_identification:_identify(libraries/micro_ros_arduino/src/unique_identifier_msgs/msg/detail) by extensions ['colcon_pkg']
[0.157s] Level 1:colcon.colcon_core.package_identification:_identify(libraries/micro_ros_arduino/src/unique_identifier_msgs/msg/detail) by extension 'colcon_pkg'
[0.157s] Level 1:colcon.colcon_core.package_identification:_identify(libraries/micro_ros_arduino/src/unique_identifier_msgs/msg/detail) by extensions ['colcon_meta']
[0.157s] Level 1:colcon.colcon_core.package_identification:_identify(libraries/micro_ros_arduino/src/unique_identifier_msgs/msg/detail) by extension 'colcon_meta'
[0.157s] Level 1:colcon.colcon_core.package_identification:_identify(libraries/micro_ros_arduino/src/unique_identifier_msgs/msg/detail) by extensions ['ros']
[0.157s] Level 1:colcon.colcon_core.package_identification:_identify(libraries/micro_ros_arduino/src/unique_identifier_msgs/msg/detail) by extension 'ros'
[0.157s] Level 1:colcon.colcon_core.package_identification:_identify(libraries/micro_ros_arduino/src/unique_identifier_msgs/msg/detail) by extensions ['cmake', 'python']
[0.157s] Level 1:colcon.colcon_core.package_identification:_identify(libraries/micro_ros_arduino/src/unique_identifier_msgs/msg/detail) by extension 'cmake'
[0.157s] Level 1:colcon.colcon_core.package_identification:_identify(libraries/micro_ros_arduino/src/unique_identifier_msgs/msg/detail) by extension 'python'
[0.157s] Level 1:colcon.colcon_core.package_identification:_identify(libraries/micro_ros_arduino/src/unique_identifier_msgs/msg/detail) by extensions ['python_setup_py']
[0.157s] Level 1:colcon.colcon_core.package_identification:_identify(libraries/micro_ros_arduino/src/unique_identifier_msgs/msg/detail) by extension 'python_setup_py'
[0.157s] Level 1:colcon.colcon_core.package_identification:_identify(libraries/micro_ros_arduino/src/uxr) by extensions ['ignore', 'ignore_ament_install']
[0.157s] Level 1:colcon.colcon_core.package_identification:_identify(libraries/micro_ros_arduino/src/uxr) by extension 'ignore'
[0.157s] Level 1:colcon.colcon_core.package_identification:_identify(libraries/micro_ros_arduino/src/uxr) by extension 'ignore_ament_install'
[0.157s] Level 1:colcon.colcon_core.package_identification:_identify(libraries/micro_ros_arduino/src/uxr) by extensions ['colcon_pkg']
[0.157s] Level 1:colcon.colcon_core.package_identification:_identify(libraries/micro_ros_arduino/src/uxr) by extension 'colcon_pkg'
[0.157s] Level 1:colcon.colcon_core.package_identification:_identify(libraries/micro_ros_arduino/src/uxr) by extensions ['colcon_meta']
[0.157s] Level 1:colcon.colcon_core.package_identification:_identify(libraries/micro_ros_arduino/src/uxr) by extension 'colcon_meta'
[0.157s] Level 1:colcon.colcon_core.package_identification:_identify(libraries/micro_ros_arduino/src/uxr) by extensions ['ros']
[0.157s] Level 1:colcon.colcon_core.package_identification:_identify(libraries/micro_ros_arduino/src/uxr) by extension 'ros'
[0.157s] Level 1:colcon.colcon_core.package_identification:_identify(libraries/micro_ros_arduino/src/uxr) by extensions ['cmake', 'python']
[0.157s] Level 1:colcon.colcon_core.package_identification:_identify(libraries/micro_ros_arduino/src/uxr) by extension 'cmake'
[0.157s] Level 1:colcon.colcon_core.package_identification:_identify(libraries/micro_ros_arduino/src/uxr) by extension 'python'
[0.157s] Level 1:colcon.colcon_core.package_identification:_identify(libraries/micro_ros_arduino/src/uxr) by extensions ['python_setup_py']
[0.157s] Level 1:colcon.colcon_core.package_identification:_identify(libraries/micro_ros_arduino/src/uxr) by extension 'python_setup_py'
[0.157s] Level 1:colcon.colcon_core.package_identification:_identify(libraries/micro_ros_arduino/src/uxr/client) by extensions ['ignore', 'ignore_ament_install']
[0.157s] Level 1:colcon.colcon_core.package_identification:_identify(libraries/micro_ros_arduino/src/uxr/client) by extension 'ignore'
[0.157s] Level 1:colcon.colcon_core.package_identification:_identify(libraries/micro_ros_arduino/src/uxr/client) by extension 'ignore_ament_install'
[0.157s] Level 1:colcon.colcon_core.package_identification:_identify(libraries/micro_ros_arduino/src/uxr/client) by extensions ['colcon_pkg']
[0.157s] Level 1:colcon.colcon_core.package_identification:_identify(libraries/micro_ros_arduino/src/uxr/client) by extension 'colcon_pkg'
[0.157s] Level 1:colcon.colcon_core.package_identification:_identify(libraries/micro_ros_arduino/src/uxr/client) by extensions ['colcon_meta']
[0.157s] Level 1:colcon.colcon_core.package_identification:_identify(libraries/micro_ros_arduino/src/uxr/client) by extension 'colcon_meta'
[0.157s] Level 1:colcon.colcon_core.package_identification:_identify(libraries/micro_ros_arduino/src/uxr/client) by extensions ['ros']
[0.157s] Level 1:colcon.colcon_core.package_identification:_identify(libraries/micro_ros_arduino/src/uxr/client) by extension 'ros'
[0.157s] Level 1:colcon.colcon_core.package_identification:_identify(libraries/micro_ros_arduino/src/uxr/client) by extensions ['cmake', 'python']
[0.157s] Level 1:colcon.colcon_core.package_identification:_identify(libraries/micro_ros_arduino/src/uxr/client) by extension 'cmake'
[0.157s] Level 1:colcon.colcon_core.package_identification:_identify(libraries/micro_ros_arduino/src/uxr/client) by extension 'python'
[0.157s] Level 1:colcon.colcon_core.package_identification:_identify(libraries/micro_ros_arduino/src/uxr/client) by extensions ['python_setup_py']
[0.157s] Level 1:colcon.colcon_core.package_identification:_identify(libraries/micro_ros_arduino/src/uxr/client) by extension 'python_setup_py'
[0.157s] Level 1:colcon.colcon_core.package_identification:_identify(libraries/micro_ros_arduino/src/uxr/client/core) by extensions ['ignore', 'ignore_ament_install']
[0.157s] Level 1:colcon.colcon_core.package_identification:_identify(libraries/micro_ros_arduino/src/uxr/client/core) by extension 'ignore'
[0.157s] Level 1:colcon.colcon_core.package_identification:_identify(libraries/micro_ros_arduino/src/uxr/client/core) by extension 'ignore_ament_install'
[0.157s] Level 1:colcon.colcon_core.package_identification:_identify(libraries/micro_ros_arduino/src/uxr/client/core) by extensions ['colcon_pkg']
[0.157s] Level 1:colcon.colcon_core.package_identification:_identify(libraries/micro_ros_arduino/src/uxr/client/core) by extension 'colcon_pkg'
[0.157s] Level 1:colcon.colcon_core.package_identification:_identify(libraries/micro_ros_arduino/src/uxr/client/core) by extensions ['colcon_meta']
[0.158s] Level 1:colcon.colcon_core.package_identification:_identify(libraries/micro_ros_arduino/src/uxr/client/core) by extension 'colcon_meta'
[0.158s] Level 1:colcon.colcon_core.package_identification:_identify(libraries/micro_ros_arduino/src/uxr/client/core) by extensions ['ros']
[0.158s] Level 1:colcon.colcon_core.package_identification:_identify(libraries/micro_ros_arduino/src/uxr/client/core) by extension 'ros'
[0.158s] Level 1:colcon.colcon_core.package_identification:_identify(libraries/micro_ros_arduino/src/uxr/client/core) by extensions ['cmake', 'python']
[0.158s] Level 1:colcon.colcon_core.package_identification:_identify(libraries/micro_ros_arduino/src/uxr/client/core) by extension 'cmake'
[0.158s] Level 1:colcon.colcon_core.package_identification:_identify(libraries/micro_ros_arduino/src/uxr/client/core) by extension 'python'
[0.158s] Level 1:colcon.colcon_core.package_identification:_identify(libraries/micro_ros_arduino/src/uxr/client/core) by extensions ['python_setup_py']
[0.158s] Level 1:colcon.colcon_core.package_identification:_identify(libraries/micro_ros_arduino/src/uxr/client/core) by extension 'python_setup_py'
[0.158s] Level 1:colcon.colcon_core.package_identification:_identify(libraries/micro_ros_arduino/src/uxr/client/core/communication) by extensions ['ignore', 'ignore_ament_install']
[0.158s] Level 1:colcon.colcon_core.package_identification:_identify(libraries/micro_ros_arduino/src/uxr/client/core/communication) by extension 'ignore'
[0.158s] Level 1:colcon.colcon_core.package_identification:_identify(libraries/micro_ros_arduino/src/uxr/client/core/communication) by extension 'ignore_ament_install'
[0.158s] Level 1:colcon.colcon_core.package_identification:_identify(libraries/micro_ros_arduino/src/uxr/client/core/communication) by extensions ['colcon_pkg']
[0.158s] Level 1:colcon.colcon_core.package_identification:_identify(libraries/micro_ros_arduino/src/uxr/client/core/communication) by extension 'colcon_pkg'
[0.158s] Level 1:colcon.colcon_core.package_identification:_identify(libraries/micro_ros_arduino/src/uxr/client/core/communication) by extensions ['colcon_meta']
[0.158s] Level 1:colcon.colcon_core.package_identification:_identify(libraries/micro_ros_arduino/src/uxr/client/core/communication) by extension 'colcon_meta'
[0.158s] Level 1:colcon.colcon_core.package_identification:_identify(libraries/micro_ros_arduino/src/uxr/client/core/communication) by extensions ['ros']
[0.158s] Level 1:colcon.colcon_core.package_identification:_identify(libraries/micro_ros_arduino/src/uxr/client/core/communication) by extension 'ros'
[0.158s] Level 1:colcon.colcon_core.package_identification:_identify(libraries/micro_ros_arduino/src/uxr/client/core/communication) by extensions ['cmake', 'python']
[0.158s] Level 1:colcon.colcon_core.package_identification:_identify(libraries/micro_ros_arduino/src/uxr/client/core/communication) by extension 'cmake'
[0.158s] Level 1:colcon.colcon_core.package_identification:_identify(libraries/micro_ros_arduino/src/uxr/client/core/communication) by extension 'python'
[0.158s] Level 1:colcon.colcon_core.package_identification:_identify(libraries/micro_ros_arduino/src/uxr/client/core/communication) by extensions ['python_setup_py']
[0.158s] Level 1:colcon.colcon_core.package_identification:_identify(libraries/micro_ros_arduino/src/uxr/client/core/communication) by extension 'python_setup_py'
[0.158s] Level 1:colcon.colcon_core.package_identification:_identify(libraries/micro_ros_arduino/src/uxr/client/core/session) by extensions ['ignore', 'ignore_ament_install']
[0.158s] Level 1:colcon.colcon_core.package_identification:_identify(libraries/micro_ros_arduino/src/uxr/client/core/session) by extension 'ignore'
[0.158s] Level 1:colcon.colcon_core.package_identification:_identify(libraries/micro_ros_arduino/src/uxr/client/core/session) by extension 'ignore_ament_install'
[0.158s] Level 1:colcon.colcon_core.package_identification:_identify(libraries/micro_ros_arduino/src/uxr/client/core/session) by extensions ['colcon_pkg']
[0.158s] Level 1:colcon.colcon_core.package_identification:_identify(libraries/micro_ros_arduino/src/uxr/client/core/session) by extension 'colcon_pkg'
[0.158s] Level 1:colcon.colcon_core.package_identification:_identify(libraries/micro_ros_arduino/src/uxr/client/core/session) by extensions ['colcon_meta']
[0.158s] Level 1:colcon.colcon_core.package_identification:_identify(libraries/micro_ros_arduino/src/uxr/client/core/session) by extension 'colcon_meta'
[0.158s] Level 1:colcon.colcon_core.package_identification:_identify(libraries/micro_ros_arduino/src/uxr/client/core/session) by extensions ['ros']
[0.158s] Level 1:colcon.colcon_core.package_identification:_identify(libraries/micro_ros_arduino/src/uxr/client/core/session) by extension 'ros'
[0.158s] Level 1:colcon.colcon_core.package_identification:_identify(libraries/micro_ros_arduino/src/uxr/client/core/session) by extensions ['cmake', 'python']
[0.158s] Level 1:colcon.colcon_core.package_identification:_identify(libraries/micro_ros_arduino/src/uxr/client/core/session) by extension 'cmake'
[0.158s] Level 1:colcon.colcon_core.package_identification:_identify(libraries/micro_ros_arduino/src/uxr/client/core/session) by extension 'python'
[0.158s] Level 1:colcon.colcon_core.package_identification:_identify(libraries/micro_ros_arduino/src/uxr/client/core/session) by extensions ['python_setup_py']
[0.158s] Level 1:colcon.colcon_core.package_identification:_identify(libraries/micro_ros_arduino/src/uxr/client/core/session) by extension 'python_setup_py'
[0.158s] Level 1:colcon.colcon_core.package_identification:_identify(libraries/micro_ros_arduino/src/uxr/client/core/session/stream) by extensions ['ignore', 'ignore_ament_install']
[0.158s] Level 1:colcon.colcon_core.package_identification:_identify(libraries/micro_ros_arduino/src/uxr/client/core/session/stream) by extension 'ignore'
[0.158s] Level 1:colcon.colcon_core.package_identification:_identify(libraries/micro_ros_arduino/src/uxr/client/core/session/stream) by extension 'ignore_ament_install'
[0.158s] Level 1:colcon.colcon_core.package_identification:_identify(libraries/micro_ros_arduino/src/uxr/client/core/session/stream) by extensions ['colcon_pkg']
[0.158s] Level 1:colcon.colcon_core.package_identification:_identify(libraries/micro_ros_arduino/src/uxr/client/core/session/stream) by extension 'colcon_pkg'
[0.158s] Level 1:colcon.colcon_core.package_identification:_identify(libraries/micro_ros_arduino/src/uxr/client/core/session/stream) by extensions ['colcon_meta']
[0.158s] Level 1:colcon.colcon_core.package_identification:_identify(libraries/micro_ros_arduino/src/uxr/client/core/session/stream) by extension 'colcon_meta'
[0.158s] Level 1:colcon.colcon_core.package_identification:_identify(libraries/micro_ros_arduino/src/uxr/client/core/session/stream) by extensions ['ros']
[0.158s] Level 1:colcon.colcon_core.package_identification:_identify(libraries/micro_ros_arduino/src/uxr/client/core/session/stream) by extension 'ros'
[0.158s] Level 1:colcon.colcon_core.package_identification:_identify(libraries/micro_ros_arduino/src/uxr/client/core/session/stream) by extensions ['cmake', 'python']
[0.159s] Level 1:colcon.colcon_core.package_identification:_identify(libraries/micro_ros_arduino/src/uxr/client/core/session/stream) by extension 'cmake'
[0.159s] Level 1:colcon.colcon_core.package_identification:_identify(libraries/micro_ros_arduino/src/uxr/client/core/session/stream) by extension 'python'
[0.159s] Level 1:colcon.colcon_core.package_identification:_identify(libraries/micro_ros_arduino/src/uxr/client/core/session/stream) by extensions ['python_setup_py']
[0.159s] Level 1:colcon.colcon_core.package_identification:_identify(libraries/micro_ros_arduino/src/uxr/client/core/session/stream) by extension 'python_setup_py'
[0.159s] Level 1:colcon.colcon_core.package_identification:_identify(libraries/micro_ros_arduino/src/uxr/client/core/type) by extensions ['ignore', 'ignore_ament_install']
[0.159s] Level 1:colcon.colcon_core.package_identification:_identify(libraries/micro_ros_arduino/src/uxr/client/core/type) by extension 'ignore'
[0.159s] Level 1:colcon.colcon_core.package_identification:_identify(libraries/micro_ros_arduino/src/uxr/client/core/type) by extension 'ignore_ament_install'
[0.159s] Level 1:colcon.colcon_core.package_identification:_identify(libraries/micro_ros_arduino/src/uxr/client/core/type) by extensions ['colcon_pkg']
[0.159s] Level 1:colcon.colcon_core.package_identification:_identify(libraries/micro_ros_arduino/src/uxr/client/core/type) by extension 'colcon_pkg'
[0.159s] Level 1:colcon.colcon_core.package_identification:_identify(libraries/micro_ros_arduino/src/uxr/client/core/type) by extensions ['colcon_meta']
[0.159s] Level 1:colcon.colcon_core.package_identification:_identify(libraries/micro_ros_arduino/src/uxr/client/core/type) by extension 'colcon_meta'
[0.159s] Level 1:colcon.colcon_core.package_identification:_identify(libraries/micro_ros_arduino/src/uxr/client/core/type) by extensions ['ros']
[0.159s] Level 1:colcon.colcon_core.package_identification:_identify(libraries/micro_ros_arduino/src/uxr/client/core/type) by extension 'ros'
[0.159s] Level 1:colcon.colcon_core.package_identification:_identify(libraries/micro_ros_arduino/src/uxr/client/core/type) by extensions ['cmake', 'python']
[0.159s] Level 1:colcon.colcon_core.package_identification:_identify(libraries/micro_ros_arduino/src/uxr/client/core/type) by extension 'cmake'
[0.159s] Level 1:colcon.colcon_core.package_identification:_identify(libraries/micro_ros_arduino/src/uxr/client/core/type) by extension 'python'
[0.159s] Level 1:colcon.colcon_core.package_identification:_identify(libraries/micro_ros_arduino/src/uxr/client/core/type) by extensions ['python_setup_py']
[0.159s] Level 1:colcon.colcon_core.package_identification:_identify(libraries/micro_ros_arduino/src/uxr/client/core/type) by extension 'python_setup_py'
[0.159s] Level 1:colcon.colcon_core.package_identification:_identify(libraries/micro_ros_arduino/src/uxr/client/profile) by extensions ['ignore', 'ignore_ament_install']
[0.159s] Level 1:colcon.colcon_core.package_identification:_identify(libraries/micro_ros_arduino/src/uxr/client/profile) by extension 'ignore'
[0.159s] Level 1:colcon.colcon_core.package_identification:_identify(libraries/micro_ros_arduino/src/uxr/client/profile) by extension 'ignore_ament_install'
[0.159s] Level 1:colcon.colcon_core.package_identification:_identify(libraries/micro_ros_arduino/src/uxr/client/profile) by extensions ['colcon_pkg']
[0.159s] Level 1:colcon.colcon_core.package_identification:_identify(libraries/micro_ros_arduino/src/uxr/client/profile) by extension 'colcon_pkg'
[0.159s] Level 1:colcon.colcon_core.package_identification:_identify(libraries/micro_ros_arduino/src/uxr/client/profile) by extensions ['colcon_meta']
[0.159s] Level 1:colcon.colcon_core.package_identification:_identify(libraries/micro_ros_arduino/src/uxr/client/profile) by extension 'colcon_meta'
[0.159s] Level 1:colcon.colcon_core.package_identification:_identify(libraries/micro_ros_arduino/src/uxr/client/profile) by extensions ['ros']
[0.159s] Level 1:colcon.colcon_core.package_identification:_identify(libraries/micro_ros_arduino/src/uxr/client/profile) by extension 'ros'
[0.159s] Level 1:colcon.colcon_core.package_identification:_identify(libraries/micro_ros_arduino/src/uxr/client/profile) by extensions ['cmake', 'python']
[0.159s] Level 1:colcon.colcon_core.package_identification:_identify(libraries/micro_ros_arduino/src/uxr/client/profile) by extension 'cmake'
[0.159s] Level 1:colcon.colcon_core.package_identification:_identify(libraries/micro_ros_arduino/src/uxr/client/profile) by extension 'python'
[0.159s] Level 1:colcon.colcon_core.package_identification:_identify(libraries/micro_ros_arduino/src/uxr/client/profile) by extensions ['python_setup_py']
[0.159s] Level 1:colcon.colcon_core.package_identification:_identify(libraries/micro_ros_arduino/src/uxr/client/profile) by extension 'python_setup_py'
[0.159s] Level 1:colcon.colcon_core.package_identification:_identify(libraries/micro_ros_arduino/src/uxr/client/profile/discovery) by extensions ['ignore', 'ignore_ament_install']
[0.159s] Level 1:colcon.colcon_core.package_identification:_identify(libraries/micro_ros_arduino/src/uxr/client/profile/discovery) by extension 'ignore'
[0.159s] Level 1:colcon.colcon_core.package_identification:_identify(libraries/micro_ros_arduino/src/uxr/client/profile/discovery) by extension 'ignore_ament_install'
[0.159s] Level 1:colcon.colcon_core.package_identification:_identify(libraries/micro_ros_arduino/src/uxr/client/profile/discovery) by extensions ['colcon_pkg']
[0.159s] Level 1:colcon.colcon_core.package_identification:_identify(libraries/micro_ros_arduino/src/uxr/client/profile/discovery) by extension 'colcon_pkg'
[0.159s] Level 1:colcon.colcon_core.package_identification:_identify(libraries/micro_ros_arduino/src/uxr/client/profile/discovery) by extensions ['colcon_meta']
[0.159s] Level 1:colcon.colcon_core.package_identification:_identify(libraries/micro_ros_arduino/src/uxr/client/profile/discovery) by extension 'colcon_meta'
[0.159s] Level 1:colcon.colcon_core.package_identification:_identify(libraries/micro_ros_arduino/src/uxr/client/profile/discovery) by extensions ['ros']
[0.159s] Level 1:colcon.colcon_core.package_identification:_identify(libraries/micro_ros_arduino/src/uxr/client/profile/discovery) by extension 'ros'
[0.159s] Level 1:colcon.colcon_core.package_identification:_identify(libraries/micro_ros_arduino/src/uxr/client/profile/discovery) by extensions ['cmake', 'python']
[0.159s] Level 1:colcon.colcon_core.package_identification:_identify(libraries/micro_ros_arduino/src/uxr/client/profile/discovery) by extension 'cmake'
[0.159s] Level 1:colcon.colcon_core.package_identification:_identify(libraries/micro_ros_arduino/src/uxr/client/profile/discovery) by extension 'python'
[0.159s] Level 1:colcon.colcon_core.package_identification:_identify(libraries/micro_ros_arduino/src/uxr/client/profile/discovery) by extensions ['python_setup_py']
[0.159s] Level 1:colcon.colcon_core.package_identification:_identify(libraries/micro_ros_arduino/src/uxr/client/profile/discovery) by extension 'python_setup_py'
[0.160s] Level 1:colcon.colcon_core.package_identification:_identify(libraries/micro_ros_arduino/src/uxr/client/profile/multithread) by extensions ['ignore', 'ignore_ament_install']
[0.160s] Level 1:colcon.colcon_core.package_identification:_identify(libraries/micro_ros_arduino/src/uxr/client/profile/multithread) by extension 'ignore'
[0.160s] Level 1:colcon.colcon_core.package_identification:_identify(libraries/micro_ros_arduino/src/uxr/client/profile/multithread) by extension 'ignore_ament_install'
[0.160s] Level 1:colcon.colcon_core.package_identification:_identify(libraries/micro_ros_arduino/src/uxr/client/profile/multithread) by extensions ['colcon_pkg']
[0.160s] Level 1:colcon.colcon_core.package_identification:_identify(libraries/micro_ros_arduino/src/uxr/client/profile/multithread) by extension 'colcon_pkg'
[0.160s] Level 1:colcon.colcon_core.package_identification:_identify(libraries/micro_ros_arduino/src/uxr/client/profile/multithread) by extensions ['colcon_meta']
[0.160s] Level 1:colcon.colcon_core.package_identification:_identify(libraries/micro_ros_arduino/src/uxr/client/profile/multithread) by extension 'colcon_meta'
[0.160s] Level 1:colcon.colcon_core.package_identification:_identify(libraries/micro_ros_arduino/src/uxr/client/profile/multithread) by extensions ['ros']
[0.160s] Level 1:colcon.colcon_core.package_identification:_identify(libraries/micro_ros_arduino/src/uxr/client/profile/multithread) by extension 'ros'
[0.160s] Level 1:colcon.colcon_core.package_identification:_identify(libraries/micro_ros_arduino/src/uxr/client/profile/multithread) by extensions ['cmake', 'python']
[0.160s] Level 1:colcon.colcon_core.package_identification:_identify(libraries/micro_ros_arduino/src/uxr/client/profile/multithread) by extension 'cmake'
[0.160s] Level 1:colcon.colcon_core.package_identification:_identify(libraries/micro_ros_arduino/src/uxr/client/profile/multithread) by extension 'python'
[0.160s] Level 1:colcon.colcon_core.package_identification:_identify(libraries/micro_ros_arduino/src/uxr/client/profile/multithread) by extensions ['python_setup_py']
[0.160s] Level 1:colcon.colcon_core.package_identification:_identify(libraries/micro_ros_arduino/src/uxr/client/profile/multithread) by extension 'python_setup_py'
[0.160s] Level 1:colcon.colcon_core.package_identification:_identify(libraries/micro_ros_arduino/src/uxr/client/profile/transport) by extensions ['ignore', 'ignore_ament_install']
[0.160s] Level 1:colcon.colcon_core.package_identification:_identify(libraries/micro_ros_arduino/src/uxr/client/profile/transport) by extension 'ignore'
[0.160s] Level 1:colcon.colcon_core.package_identification:_identify(libraries/micro_ros_arduino/src/uxr/client/profile/transport) by extension 'ignore_ament_install'
[0.160s] Level 1:colcon.colcon_core.package_identification:_identify(libraries/micro_ros_arduino/src/uxr/client/profile/transport) by extensions ['colcon_pkg']
[0.160s] Level 1:colcon.colcon_core.package_identification:_identify(libraries/micro_ros_arduino/src/uxr/client/profile/transport) by extension 'colcon_pkg'
[0.160s] Level 1:colcon.colcon_core.package_identification:_identify(libraries/micro_ros_arduino/src/uxr/client/profile/transport) by extensions ['colcon_meta']
[0.160s] Level 1:colcon.colcon_core.package_identification:_identify(libraries/micro_ros_arduino/src/uxr/client/profile/transport) by extension 'colcon_meta'
[0.160s] Level 1:colcon.colcon_core.package_identification:_identify(libraries/micro_ros_arduino/src/uxr/client/profile/transport) by extensions ['ros']
[0.160s] Level 1:colcon.colcon_core.package_identification:_identify(libraries/micro_ros_arduino/src/uxr/client/profile/transport) by extension 'ros'
[0.160s] Level 1:colcon.colcon_core.package_identification:_identify(libraries/micro_ros_arduino/src/uxr/client/profile/transport) by extensions ['cmake', 'python']
[0.160s] Level 1:colcon.colcon_core.package_identification:_identify(libraries/micro_ros_arduino/src/uxr/client/profile/transport) by extension 'cmake'
[0.160s] Level 1:colcon.colcon_core.package_identification:_identify(libraries/micro_ros_arduino/src/uxr/client/profile/transport) by extension 'python'
[0.160s] Level 1:colcon.colcon_core.package_identification:_identify(libraries/micro_ros_arduino/src/uxr/client/profile/transport) by extensions ['python_setup_py']
[0.160s] Level 1:colcon.colcon_core.package_identification:_identify(libraries/micro_ros_arduino/src/uxr/client/profile/transport) by extension 'python_setup_py'
[0.160s] Level 1:colcon.colcon_core.package_identification:_identify(libraries/micro_ros_arduino/src/uxr/client/profile/transport/can) by extensions ['ignore', 'ignore_ament_install']
[0.160s] Level 1:colcon.colcon_core.package_identification:_identify(libraries/micro_ros_arduino/src/uxr/client/profile/transport/can) by extension 'ignore'
[0.160s] Level 1:colcon.colcon_core.package_identification:_identify(libraries/micro_ros_arduino/src/uxr/client/profile/transport/can) by extension 'ignore_ament_install'
[0.160s] Level 1:colcon.colcon_core.package_identification:_identify(libraries/micro_ros_arduino/src/uxr/client/profile/transport/can) by extensions ['colcon_pkg']
[0.160s] Level 1:colcon.colcon_core.package_identification:_identify(libraries/micro_ros_arduino/src/uxr/client/profile/transport/can) by extension 'colcon_pkg'
[0.160s] Level 1:colcon.colcon_core.package_identification:_identify(libraries/micro_ros_arduino/src/uxr/client/profile/transport/can) by extensions ['colcon_meta']
[0.160s] Level 1:colcon.colcon_core.package_identification:_identify(libraries/micro_ros_arduino/src/uxr/client/profile/transport/can) by extension 'colcon_meta'
[0.160s] Level 1:colcon.colcon_core.package_identification:_identify(libraries/micro_ros_arduino/src/uxr/client/profile/transport/can) by extensions ['ros']
[0.160s] Level 1:colcon.colcon_core.package_identification:_identify(libraries/micro_ros_arduino/src/uxr/client/profile/transport/can) by extension 'ros'
[0.160s] Level 1:colcon.colcon_core.package_identification:_identify(libraries/micro_ros_arduino/src/uxr/client/profile/transport/can) by extensions ['cmake', 'python']
[0.160s] Level 1:colcon.colcon_core.package_identification:_identify(libraries/micro_ros_arduino/src/uxr/client/profile/transport/can) by extension 'cmake'
[0.160s] Level 1:colcon.colcon_core.package_identification:_identify(libraries/micro_ros_arduino/src/uxr/client/profile/transport/can) by extension 'python'
[0.160s] Level 1:colcon.colcon_core.package_identification:_identify(libraries/micro_ros_arduino/src/uxr/client/profile/transport/can) by extensions ['python_setup_py']
[0.160s] Level 1:colcon.colcon_core.package_identification:_identify(libraries/micro_ros_arduino/src/uxr/client/profile/transport/can) by extension 'python_setup_py'
[0.160s] Level 1:colcon.colcon_core.package_identification:_identify(libraries/micro_ros_arduino/src/uxr/client/profile/transport/custom) by extensions ['ignore', 'ignore_ament_install']
[0.160s] Level 1:colcon.colcon_core.package_identification:_identify(libraries/micro_ros_arduino/src/uxr/client/profile/transport/custom) by extension 'ignore'
[0.161s] Level 1:colcon.colcon_core.package_identification:_identify(libraries/micro_ros_arduino/src/uxr/client/profile/transport/custom) by extension 'ignore_ament_install'
[0.161s] Level 1:colcon.colcon_core.package_identification:_identify(libraries/micro_ros_arduino/src/uxr/client/profile/transport/custom) by extensions ['colcon_pkg']
[0.161s] Level 1:colcon.colcon_core.package_identification:_identify(libraries/micro_ros_arduino/src/uxr/client/profile/transport/custom) by extension 'colcon_pkg'
[0.161s] Level 1:colcon.colcon_core.package_identification:_identify(libraries/micro_ros_arduino/src/uxr/client/profile/transport/custom) by extensions ['colcon_meta']
[0.161s] Level 1:colcon.colcon_core.package_identification:_identify(libraries/micro_ros_arduino/src/uxr/client/profile/transport/custom) by extension 'colcon_meta'
[0.161s] Level 1:colcon.colcon_core.package_identification:_identify(libraries/micro_ros_arduino/src/uxr/client/profile/transport/custom) by extensions ['ros']
[0.161s] Level 1:colcon.colcon_core.package_identification:_identify(libraries/micro_ros_arduino/src/uxr/client/profile/transport/custom) by extension 'ros'
[0.161s] Level 1:colcon.colcon_core.package_identification:_identify(libraries/micro_ros_arduino/src/uxr/client/profile/transport/custom) by extensions ['cmake', 'python']
[0.161s] Level 1:colcon.colcon_core.package_identification:_identify(libraries/micro_ros_arduino/src/uxr/client/profile/transport/custom) by extension 'cmake'
[0.161s] Level 1:colcon.colcon_core.package_identification:_identify(libraries/micro_ros_arduino/src/uxr/client/profile/transport/custom) by extension 'python'
[0.161s] Level 1:colcon.colcon_core.package_identification:_identify(libraries/micro_ros_arduino/src/uxr/client/profile/transport/custom) by extensions ['python_setup_py']
[0.161s] Level 1:colcon.colcon_core.package_identification:_identify(libraries/micro_ros_arduino/src/uxr/client/profile/transport/custom) by extension 'python_setup_py'
[0.161s] Level 1:colcon.colcon_core.package_identification:_identify(libraries/micro_ros_arduino/src/uxr/client/profile/transport/ip) by extensions ['ignore', 'ignore_ament_install']
[0.161s] Level 1:colcon.colcon_core.package_identification:_identify(libraries/micro_ros_arduino/src/uxr/client/profile/transport/ip) by extension 'ignore'
[0.161s] Level 1:colcon.colcon_core.package_identification:_identify(libraries/micro_ros_arduino/src/uxr/client/profile/transport/ip) by extension 'ignore_ament_install'
[0.161s] Level 1:colcon.colcon_core.package_identification:_identify(libraries/micro_ros_arduino/src/uxr/client/profile/transport/ip) by extensions ['colcon_pkg']
[0.161s] Level 1:colcon.colcon_core.package_identification:_identify(libraries/micro_ros_arduino/src/uxr/client/profile/transport/ip) by extension 'colcon_pkg'
[0.161s] Level 1:colcon.colcon_core.package_identification:_identify(libraries/micro_ros_arduino/src/uxr/client/profile/transport/ip) by extensions ['colcon_meta']
[0.161s] Level 1:colcon.colcon_core.package_identification:_identify(libraries/micro_ros_arduino/src/uxr/client/profile/transport/ip) by extension 'colcon_meta'
[0.161s] Level 1:colcon.colcon_core.package_identification:_identify(libraries/micro_ros_arduino/src/uxr/client/profile/transport/ip) by extensions ['ros']
[0.161s] Level 1:colcon.colcon_core.package_identification:_identify(libraries/micro_ros_arduino/src/uxr/client/profile/transport/ip) by extension 'ros'
[0.161s] Level 1:colcon.colcon_core.package_identification:_identify(libraries/micro_ros_arduino/src/uxr/client/profile/transport/ip) by extensions ['cmake', 'python']
[0.161s] Level 1:colcon.colcon_core.package_identification:_identify(libraries/micro_ros_arduino/src/uxr/client/profile/transport/ip) by extension 'cmake'
[0.161s] Level 1:colcon.colcon_core.package_identification:_identify(libraries/micro_ros_arduino/src/uxr/client/profile/transport/ip) by extension 'python'
[0.161s] Level 1:colcon.colcon_core.package_identification:_identify(libraries/micro_ros_arduino/src/uxr/client/profile/transport/ip) by extensions ['python_setup_py']
[0.161s] Level 1:colcon.colcon_core.package_identification:_identify(libraries/micro_ros_arduino/src/uxr/client/profile/transport/ip) by extension 'python_setup_py'
[0.161s] Level 1:colcon.colcon_core.package_identification:_identify(libraries/micro_ros_arduino/src/uxr/client/profile/transport/ip/tcp) by extensions ['ignore', 'ignore_ament_install']
[0.161s] Level 1:colcon.colcon_core.package_identification:_identify(libraries/micro_ros_arduino/src/uxr/client/profile/transport/ip/tcp) by extension 'ignore'
[0.161s] Level 1:colcon.colcon_core.package_identification:_identify(libraries/micro_ros_arduino/src/uxr/client/profile/transport/ip/tcp) by extension 'ignore_ament_install'
[0.161s] Level 1:colcon.colcon_core.package_identification:_identify(libraries/micro_ros_arduino/src/uxr/client/profile/transport/ip/tcp) by extensions ['colcon_pkg']
[0.161s] Level 1:colcon.colcon_core.package_identification:_identify(libraries/micro_ros_arduino/src/uxr/client/profile/transport/ip/tcp) by extension 'colcon_pkg'
[0.161s] Level 1:colcon.colcon_core.package_identification:_identify(libraries/micro_ros_arduino/src/uxr/client/profile/transport/ip/tcp) by extensions ['colcon_meta']
[0.161s] Level 1:colcon.colcon_core.package_identification:_identify(libraries/micro_ros_arduino/src/uxr/client/profile/transport/ip/tcp) by extension 'colcon_meta'
[0.161s] Level 1:colcon.colcon_core.package_identification:_identify(libraries/micro_ros_arduino/src/uxr/client/profile/transport/ip/tcp) by extensions ['ros']
[0.161s] Level 1:colcon.colcon_core.package_identification:_identify(libraries/micro_ros_arduino/src/uxr/client/profile/transport/ip/tcp) by extension 'ros'
[0.161s] Level 1:colcon.colcon_core.package_identification:_identify(libraries/micro_ros_arduino/src/uxr/client/profile/transport/ip/tcp) by extensions ['cmake', 'python']
[0.161s] Level 1:colcon.colcon_core.package_identification:_identify(libraries/micro_ros_arduino/src/uxr/client/profile/transport/ip/tcp) by extension 'cmake'
[0.161s] Level 1:colcon.colcon_core.package_identification:_identify(libraries/micro_ros_arduino/src/uxr/client/profile/transport/ip/tcp) by extension 'python'
[0.161s] Level 1:colcon.colcon_core.package_identification:_identify(libraries/micro_ros_arduino/src/uxr/client/profile/transport/ip/tcp) by extensions ['python_setup_py']
[0.161s] Level 1:colcon.colcon_core.package_identification:_identify(libraries/micro_ros_arduino/src/uxr/client/profile/transport/ip/tcp) by extension 'python_setup_py'
[0.161s] Level 1:colcon.colcon_core.package_identification:_identify(libraries/micro_ros_arduino/src/uxr/client/profile/transport/ip/udp) by extensions ['ignore', 'ignore_ament_install']
[0.161s] Level 1:colcon.colcon_core.package_identification:_identify(libraries/micro_ros_arduino/src/uxr/client/profile/transport/ip/udp) by extension 'ignore'
[0.161s] Level 1:colcon.colcon_core.package_identification:_identify(libraries/micro_ros_arduino/src/uxr/client/profile/transport/ip/udp) by extension 'ignore_ament_install'
[0.161s] Level 1:colcon.colcon_core.package_identification:_identify(libraries/micro_ros_arduino/src/uxr/client/profile/transport/ip/udp) by extensions ['colcon_pkg']
[0.161s] Level 1:colcon.colcon_core.package_identification:_identify(libraries/micro_ros_arduino/src/uxr/client/profile/transport/ip/udp) by extension 'colcon_pkg'
[0.162s] Level 1:colcon.colcon_core.package_identification:_identify(libraries/micro_ros_arduino/src/uxr/client/profile/transport/ip/udp) by extensions ['colcon_meta']
[0.162s] Level 1:colcon.colcon_core.package_identification:_identify(libraries/micro_ros_arduino/src/uxr/client/profile/transport/ip/udp) by extension 'colcon_meta'
[0.162s] Level 1:colcon.colcon_core.package_identification:_identify(libraries/micro_ros_arduino/src/uxr/client/profile/transport/ip/udp) by extensions ['ros']
[0.162s] Level 1:colcon.colcon_core.package_identification:_identify(libraries/micro_ros_arduino/src/uxr/client/profile/transport/ip/udp) by extension 'ros'
[0.162s] Level 1:colcon.colcon_core.package_identification:_identify(libraries/micro_ros_arduino/src/uxr/client/profile/transport/ip/udp) by extensions ['cmake', 'python']
[0.162s] Level 1:colcon.colcon_core.package_identification:_identify(libraries/micro_ros_arduino/src/uxr/client/profile/transport/ip/udp) by extension 'cmake'
[0.162s] Level 1:colcon.colcon_core.package_identification:_identify(libraries/micro_ros_arduino/src/uxr/client/profile/transport/ip/udp) by extension 'python'
[0.162s] Level 1:colcon.colcon_core.package_identification:_identify(libraries/micro_ros_arduino/src/uxr/client/profile/transport/ip/udp) by extensions ['python_setup_py']
[0.162s] Level 1:colcon.colcon_core.package_identification:_identify(libraries/micro_ros_arduino/src/uxr/client/profile/transport/ip/udp) by extension 'python_setup_py'
[0.162s] Level 1:colcon.colcon_core.package_identification:_identify(libraries/micro_ros_arduino/src/uxr/client/profile/transport/serial) by extensions ['ignore', 'ignore_ament_install']
[0.162s] Level 1:colcon.colcon_core.package_identification:_identify(libraries/micro_ros_arduino/src/uxr/client/profile/transport/serial) by extension 'ignore'
[0.162s] Level 1:colcon.colcon_core.package_identification:_identify(libraries/micro_ros_arduino/src/uxr/client/profile/transport/serial) by extension 'ignore_ament_install'
[0.162s] Level 1:colcon.colcon_core.package_identification:_identify(libraries/micro_ros_arduino/src/uxr/client/profile/transport/serial) by extensions ['colcon_pkg']
[0.162s] Level 1:colcon.colcon_core.package_identification:_identify(libraries/micro_ros_arduino/src/uxr/client/profile/transport/serial) by extension 'colcon_pkg'
[0.162s] Level 1:colcon.colcon_core.package_identification:_identify(libraries/micro_ros_arduino/src/uxr/client/profile/transport/serial) by extensions ['colcon_meta']
[0.162s] Level 1:colcon.colcon_core.package_identification:_identify(libraries/micro_ros_arduino/src/uxr/client/profile/transport/serial) by extension 'colcon_meta'
[0.162s] Level 1:colcon.colcon_core.package_identification:_identify(libraries/micro_ros_arduino/src/uxr/client/profile/transport/serial) by extensions ['ros']
[0.162s] Level 1:colcon.colcon_core.package_identification:_identify(libraries/micro_ros_arduino/src/uxr/client/profile/transport/serial) by extension 'ros'
[0.162s] Level 1:colcon.colcon_core.package_identification:_identify(libraries/micro_ros_arduino/src/uxr/client/profile/transport/serial) by extensions ['cmake', 'python']
[0.162s] Level 1:colcon.colcon_core.package_identification:_identify(libraries/micro_ros_arduino/src/uxr/client/profile/transport/serial) by extension 'cmake'
[0.162s] Level 1:colcon.colcon_core.package_identification:_identify(libraries/micro_ros_arduino/src/uxr/client/profile/transport/serial) by extension 'python'
[0.162s] Level 1:colcon.colcon_core.package_identification:_identify(libraries/micro_ros_arduino/src/uxr/client/profile/transport/serial) by extensions ['python_setup_py']
[0.162s] Level 1:colcon.colcon_core.package_identification:_identify(libraries/micro_ros_arduino/src/uxr/client/profile/transport/serial) by extension 'python_setup_py'
[0.162s] Level 1:colcon.colcon_core.package_identification:_identify(libraries/micro_ros_arduino/src/uxr/client/profile/transport/stream_framing) by extensions ['ignore', 'ignore_ament_install']
[0.162s] Level 1:colcon.colcon_core.package_identification:_identify(libraries/micro_ros_arduino/src/uxr/client/profile/transport/stream_framing) by extension 'ignore'
[0.162s] Level 1:colcon.colcon_core.package_identification:_identify(libraries/micro_ros_arduino/src/uxr/client/profile/transport/stream_framing) by extension 'ignore_ament_install'
[0.162s] Level 1:colcon.colcon_core.package_identification:_identify(libraries/micro_ros_arduino/src/uxr/client/profile/transport/stream_framing) by extensions ['colcon_pkg']
[0.162s] Level 1:colcon.colcon_core.package_identification:_identify(libraries/micro_ros_arduino/src/uxr/client/profile/transport/stream_framing) by extension 'colcon_pkg'
[0.162s] Level 1:colcon.colcon_core.package_identification:_identify(libraries/micro_ros_arduino/src/uxr/client/profile/transport/stream_framing) by extensions ['colcon_meta']
[0.162s] Level 1:colcon.colcon_core.package_identification:_identify(libraries/micro_ros_arduino/src/uxr/client/profile/transport/stream_framing) by extension 'colcon_meta'
[0.162s] Level 1:colcon.colcon_core.package_identification:_identify(libraries/micro_ros_arduino/src/uxr/client/profile/transport/stream_framing) by extensions ['ros']
[0.162s] Level 1:colcon.colcon_core.package_identification:_identify(libraries/micro_ros_arduino/src/uxr/client/profile/transport/stream_framing) by extension 'ros'
[0.162s] Level 1:colcon.colcon_core.package_identification:_identify(libraries/micro_ros_arduino/src/uxr/client/profile/transport/stream_framing) by extensions ['cmake', 'python']
[0.162s] Level 1:colcon.colcon_core.package_identification:_identify(libraries/micro_ros_arduino/src/uxr/client/profile/transport/stream_framing) by extension 'cmake'
[0.162s] Level 1:colcon.colcon_core.package_identification:_identify(libraries/micro_ros_arduino/src/uxr/client/profile/transport/stream_framing) by extension 'python'
[0.162s] Level 1:colcon.colcon_core.package_identification:_identify(libraries/micro_ros_arduino/src/uxr/client/profile/transport/stream_framing) by extensions ['python_setup_py']
[0.162s] Level 1:colcon.colcon_core.package_identification:_identify(libraries/micro_ros_arduino/src/uxr/client/profile/transport/stream_framing) by extension 'python_setup_py'
[0.162s] Level 1:colcon.colcon_core.package_identification:_identify(libraries/micro_ros_arduino/src/uxr/client/util) by extensions ['ignore', 'ignore_ament_install']
[0.162s] Level 1:colcon.colcon_core.package_identification:_identify(libraries/micro_ros_arduino/src/uxr/client/util) by extension 'ignore'
[0.162s] Level 1:colcon.colcon_core.package_identification:_identify(libraries/micro_ros_arduino/src/uxr/client/util) by extension 'ignore_ament_install'
[0.162s] Level 1:colcon.colcon_core.package_identification:_identify(libraries/micro_ros_arduino/src/uxr/client/util) by extensions ['colcon_pkg']
[0.162s] Level 1:colcon.colcon_core.package_identification:_identify(libraries/micro_ros_arduino/src/uxr/client/util) by extension 'colcon_pkg'
[0.162s] Level 1:colcon.colcon_core.package_identification:_identify(libraries/micro_ros_arduino/src/uxr/client/util) by extensions ['colcon_meta']
[0.162s] Level 1:colcon.colcon_core.package_identification:_identify(libraries/micro_ros_arduino/src/uxr/client/util) by extension 'colcon_meta'
[0.163s] Level 1:colcon.colcon_core.package_identification:_identify(libraries/micro_ros_arduino/src/uxr/client/util) by extensions ['ros']
[0.163s] Level 1:colcon.colcon_core.package_identification:_identify(libraries/micro_ros_arduino/src/uxr/client/util) by extension 'ros'
[0.163s] Level 1:colcon.colcon_core.package_identification:_identify(libraries/micro_ros_arduino/src/uxr/client/util) by extensions ['cmake', 'python']
[0.163s] Level 1:colcon.colcon_core.package_identification:_identify(libraries/micro_ros_arduino/src/uxr/client/util) by extension 'cmake'
[0.163s] Level 1:colcon.colcon_core.package_identification:_identify(libraries/micro_ros_arduino/src/uxr/client/util) by extension 'python'
[0.163s] Level 1:colcon.colcon_core.package_identification:_identify(libraries/micro_ros_arduino/src/uxr/client/util) by extensions ['python_setup_py']
[0.163s] Level 1:colcon.colcon_core.package_identification:_identify(libraries/micro_ros_arduino/src/uxr/client/util) by extension 'python_setup_py'
[0.163s] Level 1:colcon.colcon_core.package_identification:_identify(libraries/micro_ros_arduino/src/visualization_msgs) by extensions ['ignore', 'ignore_ament_install']
[0.163s] Level 1:colcon.colcon_core.package_identification:_identify(libraries/micro_ros_arduino/src/visualization_msgs) by extension 'ignore'
[0.163s] Level 1:colcon.colcon_core.package_identification:_identify(libraries/micro_ros_arduino/src/visualization_msgs) by extension 'ignore_ament_install'
[0.163s] Level 1:colcon.colcon_core.package_identification:_identify(libraries/micro_ros_arduino/src/visualization_msgs) by extensions ['colcon_pkg']
[0.163s] Level 1:colcon.colcon_core.package_identification:_identify(libraries/micro_ros_arduino/src/visualization_msgs) by extension 'colcon_pkg'
[0.163s] Level 1:colcon.colcon_core.package_identification:_identify(libraries/micro_ros_arduino/src/visualization_msgs) by extensions ['colcon_meta']
[0.163s] Level 1:colcon.colcon_core.package_identification:_identify(libraries/micro_ros_arduino/src/visualization_msgs) by extension 'colcon_meta'
[0.163s] Level 1:colcon.colcon_core.package_identification:_identify(libraries/micro_ros_arduino/src/visualization_msgs) by extensions ['ros']
[0.163s] Level 1:colcon.colcon_core.package_identification:_identify(libraries/micro_ros_arduino/src/visualization_msgs) by extension 'ros'
[0.163s] Level 1:colcon.colcon_core.package_identification:_identify(libraries/micro_ros_arduino/src/visualization_msgs) by extensions ['cmake', 'python']
[0.163s] Level 1:colcon.colcon_core.package_identification:_identify(libraries/micro_ros_arduino/src/visualization_msgs) by extension 'cmake'
[0.163s] Level 1:colcon.colcon_core.package_identification:_identify(libraries/micro_ros_arduino/src/visualization_msgs) by extension 'python'
[0.163s] Level 1:colcon.colcon_core.package_identification:_identify(libraries/micro_ros_arduino/src/visualization_msgs) by extensions ['python_setup_py']
[0.163s] Level 1:colcon.colcon_core.package_identification:_identify(libraries/micro_ros_arduino/src/visualization_msgs) by extension 'python_setup_py'
[0.163s] Level 1:colcon.colcon_core.package_identification:_identify(libraries/micro_ros_arduino/src/visualization_msgs/msg) by extensions ['ignore', 'ignore_ament_install']
[0.163s] Level 1:colcon.colcon_core.package_identification:_identify(libraries/micro_ros_arduino/src/visualization_msgs/msg) by extension 'ignore'
[0.163s] Level 1:colcon.colcon_core.package_identification:_identify(libraries/micro_ros_arduino/src/visualization_msgs/msg) by extension 'ignore_ament_install'
[0.163s] Level 1:colcon.colcon_core.package_identification:_identify(libraries/micro_ros_arduino/src/visualization_msgs/msg) by extensions ['colcon_pkg']
[0.163s] Level 1:colcon.colcon_core.package_identification:_identify(libraries/micro_ros_arduino/src/visualization_msgs/msg) by extension 'colcon_pkg'
[0.163s] Level 1:colcon.colcon_core.package_identification:_identify(libraries/micro_ros_arduino/src/visualization_msgs/msg) by extensions ['colcon_meta']
[0.163s] Level 1:colcon.colcon_core.package_identification:_identify(libraries/micro_ros_arduino/src/visualization_msgs/msg) by extension 'colcon_meta'
[0.163s] Level 1:colcon.colcon_core.package_identification:_identify(libraries/micro_ros_arduino/src/visualization_msgs/msg) by extensions ['ros']
[0.163s] Level 1:colcon.colcon_core.package_identification:_identify(libraries/micro_ros_arduino/src/visualization_msgs/msg) by extension 'ros'
[0.163s] Level 1:colcon.colcon_core.package_identification:_identify(libraries/micro_ros_arduino/src/visualization_msgs/msg) by extensions ['cmake', 'python']
[0.163s] Level 1:colcon.colcon_core.package_identification:_identify(libraries/micro_ros_arduino/src/visualization_msgs/msg) by extension 'cmake'
[0.163s] Level 1:colcon.colcon_core.package_identification:_identify(libraries/micro_ros_arduino/src/visualization_msgs/msg) by extension 'python'
[0.163s] Level 1:colcon.colcon_core.package_identification:_identify(libraries/micro_ros_arduino/src/visualization_msgs/msg) by extensions ['python_setup_py']
[0.163s] Level 1:colcon.colcon_core.package_identification:_identify(libraries/micro_ros_arduino/src/visualization_msgs/msg) by extension 'python_setup_py'
[0.163s] Level 1:colcon.colcon_core.package_identification:_identify(libraries/micro_ros_arduino/src/visualization_msgs/msg/detail) by extensions ['ignore', 'ignore_ament_install']
[0.163s] Level 1:colcon.colcon_core.package_identification:_identify(libraries/micro_ros_arduino/src/visualization_msgs/msg/detail) by extension 'ignore'
[0.163s] Level 1:colcon.colcon_core.package_identification:_identify(libraries/micro_ros_arduino/src/visualization_msgs/msg/detail) by extension 'ignore_ament_install'
[0.163s] Level 1:colcon.colcon_core.package_identification:_identify(libraries/micro_ros_arduino/src/visualization_msgs/msg/detail) by extensions ['colcon_pkg']
[0.163s] Level 1:colcon.colcon_core.package_identification:_identify(libraries/micro_ros_arduino/src/visualization_msgs/msg/detail) by extension 'colcon_pkg'
[0.163s] Level 1:colcon.colcon_core.package_identification:_identify(libraries/micro_ros_arduino/src/visualization_msgs/msg/detail) by extensions ['colcon_meta']
[0.163s] Level 1:colcon.colcon_core.package_identification:_identify(libraries/micro_ros_arduino/src/visualization_msgs/msg/detail) by extension 'colcon_meta'
[0.163s] Level 1:colcon.colcon_core.package_identification:_identify(libraries/micro_ros_arduino/src/visualization_msgs/msg/detail) by extensions ['ros']
[0.163s] Level 1:colcon.colcon_core.package_identification:_identify(libraries/micro_ros_arduino/src/visualization_msgs/msg/detail) by extension 'ros'
[0.164s] Level 1:colcon.colcon_core.package_identification:_identify(libraries/micro_ros_arduino/src/visualization_msgs/msg/detail) by extensions ['cmake', 'python']
[0.164s] Level 1:colcon.colcon_core.package_identification:_identify(libraries/micro_ros_arduino/src/visualization_msgs/msg/detail) by extension 'cmake'
[0.164s] Level 1:colcon.colcon_core.package_identification:_identify(libraries/micro_ros_arduino/src/visualization_msgs/msg/detail) by extension 'python'
[0.164s] Level 1:colcon.colcon_core.package_identification:_identify(libraries/micro_ros_arduino/src/visualization_msgs/msg/detail) by extensions ['python_setup_py']
[0.164s] Level 1:colcon.colcon_core.package_identification:_identify(libraries/micro_ros_arduino/src/visualization_msgs/msg/detail) by extension 'python_setup_py'
[0.164s] Level 1:colcon.colcon_core.package_identification:_identify(libraries/micro_ros_arduino/src/visualization_msgs/srv) by extensions ['ignore', 'ignore_ament_install']
[0.164s] Level 1:colcon.colcon_core.package_identification:_identify(libraries/micro_ros_arduino/src/visualization_msgs/srv) by extension 'ignore'
[0.164s] Level 1:colcon.colcon_core.package_identification:_identify(libraries/micro_ros_arduino/src/visualization_msgs/srv) by extension 'ignore_ament_install'
[0.164s] Level 1:colcon.colcon_core.package_identification:_identify(libraries/micro_ros_arduino/src/visualization_msgs/srv) by extensions ['colcon_pkg']
[0.164s] Level 1:colcon.colcon_core.package_identification:_identify(libraries/micro_ros_arduino/src/visualization_msgs/srv) by extension 'colcon_pkg'
[0.164s] Level 1:colcon.colcon_core.package_identification:_identify(libraries/micro_ros_arduino/src/visualization_msgs/srv) by extensions ['colcon_meta']
[0.164s] Level 1:colcon.colcon_core.package_identification:_identify(libraries/micro_ros_arduino/src/visualization_msgs/srv) by extension 'colcon_meta'
[0.164s] Level 1:colcon.colcon_core.package_identification:_identify(libraries/micro_ros_arduino/src/visualization_msgs/srv) by extensions ['ros']
[0.164s] Level 1:colcon.colcon_core.package_identification:_identify(libraries/micro_ros_arduino/src/visualization_msgs/srv) by extension 'ros'
[0.164s] Level 1:colcon.colcon_core.package_identification:_identify(libraries/micro_ros_arduino/src/visualization_msgs/srv) by extensions ['cmake', 'python']
[0.164s] Level 1:colcon.colcon_core.package_identification:_identify(libraries/micro_ros_arduino/src/visualization_msgs/srv) by extension 'cmake'
[0.164s] Level 1:colcon.colcon_core.package_identification:_identify(libraries/micro_ros_arduino/src/visualization_msgs/srv) by extension 'python'
[0.164s] Level 1:colcon.colcon_core.package_identification:_identify(libraries/micro_ros_arduino/src/visualization_msgs/srv) by extensions ['python_setup_py']
[0.164s] Level 1:colcon.colcon_core.package_identification:_identify(libraries/micro_ros_arduino/src/visualization_msgs/srv) by extension 'python_setup_py'
[0.164s] Level 1:colcon.colcon_core.package_identification:_identify(libraries/micro_ros_arduino/src/visualization_msgs/srv/detail) by extensions ['ignore', 'ignore_ament_install']
[0.164s] Level 1:colcon.colcon_core.package_identification:_identify(libraries/micro_ros_arduino/src/visualization_msgs/srv/detail) by extension 'ignore'
[0.164s] Level 1:colcon.colcon_core.package_identification:_identify(libraries/micro_ros_arduino/src/visualization_msgs/srv/detail) by extension 'ignore_ament_install'
[0.164s] Level 1:colcon.colcon_core.package_identification:_identify(libraries/micro_ros_arduino/src/visualization_msgs/srv/detail) by extensions ['colcon_pkg']
[0.164s] Level 1:colcon.colcon_core.package_identification:_identify(libraries/micro_ros_arduino/src/visualization_msgs/srv/detail) by extension 'colcon_pkg'
[0.164s] Level 1:colcon.colcon_core.package_identification:_identify(libraries/micro_ros_arduino/src/visualization_msgs/srv/detail) by extensions ['colcon_meta']
[0.164s] Level 1:colcon.colcon_core.package_identification:_identify(libraries/micro_ros_arduino/src/visualization_msgs/srv/detail) by extension 'colcon_meta'
[0.164s] Level 1:colcon.colcon_core.package_identification:_identify(libraries/micro_ros_arduino/src/visualization_msgs/srv/detail) by extensions ['ros']
[0.164s] Level 1:colcon.colcon_core.package_identification:_identify(libraries/micro_ros_arduino/src/visualization_msgs/srv/detail) by extension 'ros'
[0.164s] Level 1:colcon.colcon_core.package_identification:_identify(libraries/micro_ros_arduino/src/visualization_msgs/srv/detail) by extensions ['cmake', 'python']
[0.164s] Level 1:colcon.colcon_core.package_identification:_identify(libraries/micro_ros_arduino/src/visualization_msgs/srv/detail) by extension 'cmake'
[0.164s] Level 1:colcon.colcon_core.package_identification:_identify(libraries/micro_ros_arduino/src/visualization_msgs/srv/detail) by extension 'python'
[0.164s] Level 1:colcon.colcon_core.package_identification:_identify(libraries/micro_ros_arduino/src/visualization_msgs/srv/detail) by extensions ['python_setup_py']
[0.164s] Level 1:colcon.colcon_core.package_identification:_identify(libraries/micro_ros_arduino/src/visualization_msgs/srv/detail) by extension 'python_setup_py'
[0.164s] Level 1:colcon.colcon_core.package_identification:_identify(log) by extensions ['ignore', 'ignore_ament_install']
[0.164s] Level 1:colcon.colcon_core.package_identification:_identify(log) by extension 'ignore'
[0.164s] Level 1:colcon.colcon_core.package_identification:_identify(log) ignored
[0.164s] Level 1:colcon.colcon_core.package_identification:_identify(src) by extensions ['ignore', 'ignore_ament_install']
[0.164s] Level 1:colcon.colcon_core.package_identification:_identify(src) by extension 'ignore'
[0.164s] Level 1:colcon.colcon_core.package_identification:_identify(src) by extension 'ignore_ament_install'
[0.164s] Level 1:colcon.colcon_core.package_identification:_identify(src) by extensions ['colcon_pkg']
[0.164s] Level 1:colcon.colcon_core.package_identification:_identify(src) by extension 'colcon_pkg'
[0.164s] Level 1:colcon.colcon_core.package_identification:_identify(src) by extensions ['colcon_meta']
[0.164s] Level 1:colcon.colcon_core.package_identification:_identify(src) by extension 'colcon_meta'
[0.164s] Level 1:colcon.colcon_core.package_identification:_identify(src) by extensions ['ros']
[0.164s] Level 1:colcon.colcon_core.package_identification:_identify(src) by extension 'ros'
[0.164s] Level 1:colcon.colcon_core.package_identification:_identify(src) by extensions ['cmake', 'python']
[0.164s] Level 1:colcon.colcon_core.package_identification:_identify(src) by extension 'cmake'
[0.164s] Level 1:colcon.colcon_core.package_identification:_identify(src) by extension 'python'
[0.165s] Level 1:colcon.colcon_core.package_identification:_identify(src) by extensions ['python_setup_py']
[0.165s] Level 1:colcon.colcon_core.package_identification:_identify(src) by extension 'python_setup_py'
[0.165s] Level 1:colcon.colcon_core.package_identification:_identify(src/mini_model_description) by extensions ['ignore', 'ignore_ament_install']
[0.165s] Level 1:colcon.colcon_core.package_identification:_identify(src/mini_model_description) by extension 'ignore'
[0.165s] Level 1:colcon.colcon_core.package_identification:_identify(src/mini_model_description) by extension 'ignore_ament_install'
[0.165s] Level 1:colcon.colcon_core.package_identification:_identify(src/mini_model_description) by extensions ['colcon_pkg']
[0.165s] Level 1:colcon.colcon_core.package_identification:_identify(src/mini_model_description) by extension 'colcon_pkg'
[0.165s] Level 1:colcon.colcon_core.package_identification:_identify(src/mini_model_description) by extensions ['colcon_meta']
[0.165s] Level 1:colcon.colcon_core.package_identification:_identify(src/mini_model_description) by extension 'colcon_meta'
[0.165s] Level 1:colcon.colcon_core.package_identification:_identify(src/mini_model_description) by extensions ['ros']
[0.165s] Level 1:colcon.colcon_core.package_identification:_identify(src/mini_model_description) by extension 'ros'
[0.166s] DEBUG:colcon.colcon_core.package_identification:Package 'src/mini_model_description' with type 'ros.ament_cmake' and name 'mini_model_description'
[0.166s] Level 1:colcon.colcon_core.package_discovery:discover_packages(recursive) using defaults
[0.166s] Level 1:colcon.colcon_core.package_discovery:discover_packages(ignore) discover
[0.166s] Level 1:colcon.colcon_core.package_discovery:discover_packages(ignore) using defaults
[0.166s] Level 1:colcon.colcon_core.package_discovery:discover_packages(path) discover
[0.166s] Level 1:colcon.colcon_core.package_discovery:discover_packages(path) using defaults
[0.177s] Level 1:colcon.colcon_core.package_discovery:discover_packages(prefix_path) check parameters
[0.177s] Level 1:colcon.colcon_core.package_discovery:discover_packages(prefix_path) discover
[0.177s] WARNING:colcon.colcon_ros.prefix_path.ament:The path '/media/aryan-k-k/2TB_KK/CSE_Recruitment/install/mini_model_description' in the environment variable AMENT_PREFIX_PATH doesn't exist
[0.177s] WARNING:colcon.colcon_ros.prefix_path.catkin:The path '/media/aryan-k-k/2TB_KK/CSE_Recruitment/install/mini_model_description' in the environment variable CMAKE_PREFIX_PATH doesn't exist
[0.178s] DEBUG:colcon.colcon_installed_package_information.package_discovery:Found 0 installed packages in /media/aryan-k-k/2TB_KK/CSE_Recruitment/install
[0.178s] DEBUG:colcon.colcon_installed_package_information.package_discovery:Found 372 installed packages in /opt/ros/jazzy
[0.179s] Level 1:colcon.colcon_core.package_discovery:discover_packages(prefix_path) using defaults
[0.202s] Level 5:colcon.colcon_core.verb:set package 'mini_model_description' build argument 'cmake_args' from command line to 'None'
[0.202s] Level 5:colcon.colcon_core.verb:set package 'mini_model_description' build argument 'cmake_target' from command line to 'None'
[0.202s] Level 5:colcon.colcon_core.verb:set package 'mini_model_description' build argument 'cmake_target_skip_unavailable' from command line to 'False'
[0.202s] Level 5:colcon.colcon_core.verb:set package 'mini_model_description' build argument 'cmake_clean_cache' from command line to 'False'
[0.202s] Level 5:colcon.colcon_core.verb:set package 'mini_model_description' build argument 'cmake_clean_first' from command line to 'False'
[0.202s] Level 5:colcon.colcon_core.verb:set package 'mini_model_description' build argument 'cmake_force_configure' from command line to 'False'
[0.202s] Level 5:colcon.colcon_core.verb:set package 'mini_model_description' build argument 'ament_cmake_args' from command line to 'None'
[0.202s] Level 5:colcon.colcon_core.verb:set package 'mini_model_description' build argument 'catkin_cmake_args' from command line to 'None'
[0.202s] Level 5:colcon.colcon_core.verb:set package 'mini_model_description' build argument 'catkin_skip_building_tests' from command line to 'False'
[0.202s] DEBUG:colcon.colcon_core.verb:Building package 'mini_model_description' with the following arguments: {'ament_cmake_args': None, 'build_base': '/media/aryan-k-k/2TB_KK/CSE_Recruitment/build/mini_model_description', 'catkin_cmake_args': None, 'catkin_skip_building_tests': False, 'cmake_args': None, 'cmake_clean_cache': False, 'cmake_clean_first': False, 'cmake_force_configure': False, 'cmake_target': None, 'cmake_target_skip_unavailable': False, 'install_base': '/media/aryan-k-k/2TB_KK/CSE_Recruitment/install/mini_model_description', 'merge_install': False, 'path': '/media/aryan-k-k/2TB_KK/CSE_Recruitment/src/mini_model_description', 'symlink_install': False, 'test_result_base': None}
[0.202s] INFO:colcon.colcon_core.executor:Executing jobs using 'parallel' executor
[0.203s] DEBUG:colcon.colcon_parallel_executor.executor.parallel:run_until_complete
[0.203s] INFO:colcon.colcon_ros.task.ament_cmake.build:Building ROS package in '/media/aryan-k-k/2TB_KK/CSE_Recruitment/src/mini_model_description' with build type 'ament_cmake'
[0.203s] INFO:colcon.colcon_cmake.task.cmake.build:Building CMake package in '/media/aryan-k-k/2TB_KK/CSE_Recruitment/src/mini_model_description'
[0.204s] INFO:colcon.colcon_core.plugin_system:Skipping extension 'colcon_core.shell.bat': Not used on non-Windows systems
[0.204s] INFO:colcon.colcon_core.shell:Skip shell extension 'powershell' for command environment: Not usable outside of PowerShell
[0.204s] DEBUG:colcon.colcon_core.shell:Skip shell extension 'dsv' for command environment
[0.210s] DEBUG:colcon.colcon_core.event_handler.log_command:Invoking command in '/media/aryan-k-k/2TB_KK/CSE_Recruitment/build/mini_model_description': CMAKE_PREFIX_PATH=${CMAKE_PREFIX_PATH}:/opt/ros/jazzy DEBUGINFOD_URLS=https://debuginfod.ubuntu.com /usr/bin/cmake /media/aryan-k-k/2TB_KK/CSE_Recruitment/src/mini_model_description -DCMAKE_INSTALL_PREFIX=/media/aryan-k-k/2TB_KK/CSE_Recruitment/install/mini_model_description
[0.700s] DEBUG:colcon.colcon_core.event_handler.log_command:Invoked command in '/media/aryan-k-k/2TB_KK/CSE_Recruitment/build/mini_model_description' returned '0': CMAKE_PREFIX_PATH=${CMAKE_PREFIX_PATH}:/opt/ros/jazzy DEBUGINFOD_URLS=https://debuginfod.ubuntu.com /usr/bin/cmake /media/aryan-k-k/2TB_KK/CSE_Recruitment/src/mini_model_description -DCMAKE_INSTALL_PREFIX=/media/aryan-k-k/2TB_KK/CSE_Recruitment/install/mini_model_description
[0.700s] DEBUG:colcon.colcon_core.event_handler.log_command:Invoking command in '/media/aryan-k-k/2TB_KK/CSE_Recruitment/build/mini_model_description': CMAKE_PREFIX_PATH=${CMAKE_PREFIX_PATH}:/opt/ros/jazzy DEBUGINFOD_URLS=https://debuginfod.ubuntu.com /usr/bin/cmake --build /media/aryan-k-k/2TB_KK/CSE_Recruitment/build/mini_model_description -- -j20 -l20
[0.731s] DEBUG:colcon.colcon_core.event_handler.log_command:Invoked command in '/media/aryan-k-k/2TB_KK/CSE_Recruitment/build/mini_model_description' returned '0': CMAKE_PREFIX_PATH=${CMAKE_PREFIX_PATH}:/opt/ros/jazzy DEBUGINFOD_URLS=https://debuginfod.ubuntu.com /usr/bin/cmake --build /media/aryan-k-k/2TB_KK/CSE_Recruitment/build/mini_model_description -- -j20 -l20
[0.737s] DEBUG:colcon.colcon_core.event_handler.log_command:Invoking command in '/media/aryan-k-k/2TB_KK/CSE_Recruitment/build/mini_model_description': CMAKE_PREFIX_PATH=${CMAKE_PREFIX_PATH}:/opt/ros/jazzy DEBUGINFOD_URLS=https://debuginfod.ubuntu.com /usr/bin/cmake --install /media/aryan-k-k/2TB_KK/CSE_Recruitment/build/mini_model_description
[0.746s] Level 1:colcon.colcon_core.environment:create_environment_scripts_only(mini_model_description)
[0.746s] DEBUG:colcon.colcon_core.event_handler.log_command:Invoked command in '/media/aryan-k-k/2TB_KK/CSE_Recruitment/build/mini_model_description' returned '0': CMAKE_PREFIX_PATH=${CMAKE_PREFIX_PATH}:/opt/ros/jazzy DEBUGINFOD_URLS=https://debuginfod.ubuntu.com /usr/bin/cmake --install /media/aryan-k-k/2TB_KK/CSE_Recruitment/build/mini_model_description
[0.747s] Level 1:colcon.colcon_core.environment:checking '/media/aryan-k-k/2TB_KK/CSE_Recruitment/install/mini_model_description' for CMake module files
[0.747s] Level 1:colcon.colcon_core.environment:checking '/media/aryan-k-k/2TB_KK/CSE_Recruitment/install/mini_model_description' for CMake config files
[0.747s] Level 1:colcon.colcon_core.shell:create_environment_hook('mini_model_description', 'cmake_prefix_path')
[0.747s] INFO:colcon.colcon_core.shell:Creating environment hook '/media/aryan-k-k/2TB_KK/CSE_Recruitment/install/mini_model_description/share/mini_model_description/hook/cmake_prefix_path.ps1'
[0.748s] INFO:colcon.colcon_core.shell:Creating environment descriptor '/media/aryan-k-k/2TB_KK/CSE_Recruitment/install/mini_model_description/share/mini_model_description/hook/cmake_prefix_path.dsv'
[0.748s] INFO:colcon.colcon_core.shell:Creating environment hook '/media/aryan-k-k/2TB_KK/CSE_Recruitment/install/mini_model_description/share/mini_model_description/hook/cmake_prefix_path.sh'
[0.748s] Level 1:colcon.colcon_core.environment:checking '/media/aryan-k-k/2TB_KK/CSE_Recruitment/install/mini_model_description/bin'
[0.748s] Level 1:colcon.colcon_core.environment:checking '/media/aryan-k-k/2TB_KK/CSE_Recruitment/install/mini_model_description/lib/pkgconfig/mini_model_description.pc'
[0.748s] Level 1:colcon.colcon_core.environment:checking '/media/aryan-k-k/2TB_KK/CSE_Recruitment/install/mini_model_description/lib/python3.12/site-packages'
[0.749s] Level 1:colcon.colcon_core.environment:checking '/media/aryan-k-k/2TB_KK/CSE_Recruitment/install/mini_model_description/bin'
[0.749s] INFO:colcon.colcon_core.shell:Creating package script '/media/aryan-k-k/2TB_KK/CSE_Recruitment/install/mini_model_description/share/mini_model_description/package.ps1'
[0.749s] INFO:colcon.colcon_core.shell:Creating package descriptor '/media/aryan-k-k/2TB_KK/CSE_Recruitment/install/mini_model_description/share/mini_model_description/package.dsv'
[0.749s] INFO:colcon.colcon_core.shell:Creating package script '/media/aryan-k-k/2TB_KK/CSE_Recruitment/install/mini_model_description/share/mini_model_description/package.sh'
[0.750s] INFO:colcon.colcon_core.shell:Creating package script '/media/aryan-k-k/2TB_KK/CSE_Recruitment/install/mini_model_description/share/mini_model_description/package.bash'
[0.750s] INFO:colcon.colcon_core.shell:Creating package script '/media/aryan-k-k/2TB_KK/CSE_Recruitment/install/mini_model_description/share/mini_model_description/package.zsh'
[0.750s] Level 1:colcon.colcon_core.environment:create_file_with_runtime_dependencies(/media/aryan-k-k/2TB_KK/CSE_Recruitment/install/mini_model_description/share/colcon-core/packages/mini_model_description)
[0.750s] Level 1:colcon.colcon_core.environment:create_environment_scripts_only(mini_model_description)
[0.750s] Level 1:colcon.colcon_core.environment:checking '/media/aryan-k-k/2TB_KK/CSE_Recruitment/install/mini_model_description' for CMake module files
[0.751s] Level 1:colcon.colcon_core.environment:checking '/media/aryan-k-k/2TB_KK/CSE_Recruitment/install/mini_model_description' for CMake config files
[0.751s] Level 1:colcon.colcon_core.shell:create_environment_hook('mini_model_description', 'cmake_prefix_path')
[0.751s] INFO:colcon.colcon_core.shell:Creating environment hook '/media/aryan-k-k/2TB_KK/CSE_Recruitment/install/mini_model_description/share/mini_model_description/hook/cmake_prefix_path.ps1'
[0.751s] INFO:colcon.colcon_core.shell:Creating environment descriptor '/media/aryan-k-k/2TB_KK/CSE_Recruitment/install/mini_model_description/share/mini_model_description/hook/cmake_prefix_path.dsv'
[0.751s] INFO:colcon.colcon_core.shell:Creating environment hook '/media/aryan-k-k/2TB_KK/CSE_Recruitment/install/mini_model_description/share/mini_model_description/hook/cmake_prefix_path.sh'
[0.751s] Level 1:colcon.colcon_core.environment:checking '/media/aryan-k-k/2TB_KK/CSE_Recruitment/install/mini_model_description/bin'
[0.751s] Level 1:colcon.colcon_core.environment:checking '/media/aryan-k-k/2TB_KK/CSE_Recruitment/install/mini_model_description/lib/pkgconfig/mini_model_description.pc'
[0.751s] Level 1:colcon.colcon_core.environment:checking '/media/aryan-k-k/2TB_KK/CSE_Recruitment/install/mini_model_description/lib/python3.12/site-packages'
[0.752s] Level 1:colcon.colcon_core.environment:checking '/media/aryan-k-k/2TB_KK/CSE_Recruitment/install/mini_model_description/bin'
[0.752s] INFO:colcon.colcon_core.shell:Creating package script '/media/aryan-k-k/2TB_KK/CSE_Recruitment/install/mini_model_description/share/mini_model_description/package.ps1'
[0.752s] INFO:colcon.colcon_core.shell:Creating package descriptor '/media/aryan-k-k/2TB_KK/CSE_Recruitment/install/mini_model_description/share/mini_model_description/package.dsv'
[0.752s] INFO:colcon.colcon_core.shell:Creating package script '/media/aryan-k-k/2TB_KK/CSE_Recruitment/install/mini_model_description/share/mini_model_description/package.sh'
[0.752s] INFO:colcon.colcon_core.shell:Creating package script '/media/aryan-k-k/2TB_KK/CSE_Recruitment/install/mini_model_description/share/mini_model_description/package.bash'
[0.752s] INFO:colcon.colcon_core.shell:Creating package script '/media/aryan-k-k/2TB_KK/CSE_Recruitment/install/mini_model_description/share/mini_model_description/package.zsh'
[0.753s] Level 1:colcon.colcon_core.environment:create_file_with_runtime_dependencies(/media/aryan-k-k/2TB_KK/CSE_Recruitment/install/mini_model_description/share/colcon-core/packages/mini_model_description)
[0.753s] DEBUG:colcon.colcon_parallel_executor.executor.parallel:closing loop
[0.753s] DEBUG:colcon.colcon_parallel_executor.executor.parallel:loop closed
[0.753s] DEBUG:colcon.colcon_parallel_executor.executor.parallel:run_until_complete finished with '0'
[0.753s] DEBUG:colcon.colcon_core.event_reactor:joining thread
[0.756s] INFO:colcon.colcon_core.plugin_system:Skipping extension 'colcon_notification.desktop_notification.terminal_notifier': Not used on non-Darwin systems
[0.756s] INFO:colcon.colcon_core.plugin_system:Skipping extension 'colcon_notification.desktop_notification.win32': Not used on non-Windows systems
[0.756s] INFO:colcon.colcon_notification.desktop_notification:Sending desktop notification using 'notify2'
[0.766s] DEBUG:colcon.colcon_core.event_reactor:joined thread
[0.766s] INFO:colcon.colcon_core.shell:Creating prefix script '/media/aryan-k-k/2TB_KK/CSE_Recruitment/install/local_setup.ps1'
[0.766s] INFO:colcon.colcon_core.shell:Creating prefix util module '/media/aryan-k-k/2TB_KK/CSE_Recruitment/install/_local_setup_util_ps1.py'
[0.767s] INFO:colcon.colcon_core.shell:Creating prefix chain script '/media/aryan-k-k/2TB_KK/CSE_Recruitment/install/setup.ps1'
[0.767s] INFO:colcon.colcon_core.shell:Creating prefix script '/media/aryan-k-k/2TB_KK/CSE_Recruitment/install/local_setup.sh'
[0.767s] INFO:colcon.colcon_core.shell:Creating prefix util module '/media/aryan-k-k/2TB_KK/CSE_Recruitment/install/_local_setup_util_sh.py'
[0.768s] INFO:colcon.colcon_core.shell:Creating prefix chain script '/media/aryan-k-k/2TB_KK/CSE_Recruitment/install/setup.sh'
[0.768s] INFO:colcon.colcon_core.shell:Creating prefix script '/media/aryan-k-k/2TB_KK/CSE_Recruitment/install/local_setup.bash'
[0.768s] INFO:colcon.colcon_core.shell:Creating prefix chain script '/media/aryan-k-k/2TB_KK/CSE_Recruitment/install/setup.bash'
[0.769s] INFO:colcon.colcon_core.shell:Creating prefix script '/media/aryan-k-k/2TB_KK/CSE_Recruitment/install/local_setup.zsh'
[0.769s] INFO:colcon.colcon_core.shell:Creating prefix chain script '/media/aryan-k-k/2TB_KK/CSE_Recruitment/install/setup.zsh'
